[2025-11-09T06:21:57.645+0000] {processor.py:161} INFO - Started process (PID=35) to work on /opt/airflow/dags/ml_pipeline_dag.py
[2025-11-09T06:21:57.645+0000] {processor.py:830} INFO - Processing file /opt/airflow/dags/ml_pipeline_dag.py for tasks to queue
[2025-11-09T06:21:57.649+0000] {logging_mixin.py:188} INFO - [2025-11-09T06:21:57.647+0000] {dagbag.py:545} INFO - Filling up the DagBag from /opt/airflow/dags/ml_pipeline_dag.py
[2025-11-09T06:21:57.661+0000] {processor.py:840} INFO - DAG(s) 'ml_pipeline_dag' retrieved from /opt/airflow/dags/ml_pipeline_dag.py
[2025-11-09T06:21:57.670+0000] {logging_mixin.py:188} INFO - [2025-11-09T06:21:57.669+0000] {dag.py:3096} INFO - Sync 1 DAGs
[2025-11-09T06:21:57.685+0000] {logging_mixin.py:188} INFO - [2025-11-09T06:21:57.685+0000] {dag.py:3954} INFO - Setting next_dagrun for ml_pipeline_dag to None, run_after=None
[2025-11-09T06:21:57.696+0000] {processor.py:183} INFO - Processing /opt/airflow/dags/ml_pipeline_dag.py took 0.056 seconds
[2025-11-09T06:22:27.872+0000] {processor.py:161} INFO - Started process (PID=44) to work on /opt/airflow/dags/ml_pipeline_dag.py
[2025-11-09T06:22:27.873+0000] {processor.py:830} INFO - Processing file /opt/airflow/dags/ml_pipeline_dag.py for tasks to queue
[2025-11-09T06:22:27.878+0000] {logging_mixin.py:188} INFO - [2025-11-09T06:22:27.877+0000] {dagbag.py:545} INFO - Filling up the DagBag from /opt/airflow/dags/ml_pipeline_dag.py
[2025-11-09T06:22:27.892+0000] {processor.py:840} INFO - DAG(s) 'ml_pipeline_dag' retrieved from /opt/airflow/dags/ml_pipeline_dag.py
[2025-11-09T06:22:27.958+0000] {logging_mixin.py:188} INFO - [2025-11-09T06:22:27.958+0000] {dag.py:3096} INFO - Sync 1 DAGs
[2025-11-09T06:22:27.962+0000] {logging_mixin.py:188} INFO - [2025-11-09T06:22:27.962+0000] {dag.py:3954} INFO - Setting next_dagrun for ml_pipeline_dag to None, run_after=None
[2025-11-09T06:22:27.973+0000] {processor.py:183} INFO - Processing /opt/airflow/dags/ml_pipeline_dag.py took 0.107 seconds
[2025-11-09T06:22:58.372+0000] {processor.py:161} INFO - Started process (PID=45) to work on /opt/airflow/dags/ml_pipeline_dag.py
[2025-11-09T06:22:58.374+0000] {processor.py:830} INFO - Processing file /opt/airflow/dags/ml_pipeline_dag.py for tasks to queue
[2025-11-09T06:22:58.381+0000] {logging_mixin.py:188} INFO - [2025-11-09T06:22:58.380+0000] {dagbag.py:545} INFO - Filling up the DagBag from /opt/airflow/dags/ml_pipeline_dag.py
[2025-11-09T06:22:58.400+0000] {processor.py:840} INFO - DAG(s) 'ml_pipeline_dag' retrieved from /opt/airflow/dags/ml_pipeline_dag.py
[2025-11-09T06:22:58.427+0000] {logging_mixin.py:188} INFO - [2025-11-09T06:22:58.427+0000] {dag.py:3096} INFO - Sync 1 DAGs
[2025-11-09T06:22:58.435+0000] {logging_mixin.py:188} INFO - [2025-11-09T06:22:58.435+0000] {dag.py:3954} INFO - Setting next_dagrun for ml_pipeline_dag to None, run_after=None
[2025-11-09T06:22:58.446+0000] {processor.py:183} INFO - Processing /opt/airflow/dags/ml_pipeline_dag.py took 0.087 seconds
[2025-11-09T06:23:28.886+0000] {processor.py:161} INFO - Started process (PID=46) to work on /opt/airflow/dags/ml_pipeline_dag.py
[2025-11-09T06:23:28.888+0000] {processor.py:830} INFO - Processing file /opt/airflow/dags/ml_pipeline_dag.py for tasks to queue
[2025-11-09T06:23:28.894+0000] {logging_mixin.py:188} INFO - [2025-11-09T06:23:28.892+0000] {dagbag.py:545} INFO - Filling up the DagBag from /opt/airflow/dags/ml_pipeline_dag.py
[2025-11-09T06:23:28.917+0000] {processor.py:840} INFO - DAG(s) 'ml_pipeline_dag' retrieved from /opt/airflow/dags/ml_pipeline_dag.py
[2025-11-09T06:23:28.946+0000] {logging_mixin.py:188} INFO - [2025-11-09T06:23:28.945+0000] {dag.py:3096} INFO - Sync 1 DAGs
[2025-11-09T06:23:28.953+0000] {logging_mixin.py:188} INFO - [2025-11-09T06:23:28.953+0000] {dag.py:3954} INFO - Setting next_dagrun for ml_pipeline_dag to None, run_after=None
[2025-11-09T06:23:28.967+0000] {processor.py:183} INFO - Processing /opt/airflow/dags/ml_pipeline_dag.py took 0.093 seconds
[2025-11-09T06:23:59.268+0000] {processor.py:161} INFO - Started process (PID=47) to work on /opt/airflow/dags/ml_pipeline_dag.py
[2025-11-09T06:23:59.270+0000] {processor.py:830} INFO - Processing file /opt/airflow/dags/ml_pipeline_dag.py for tasks to queue
[2025-11-09T06:23:59.275+0000] {logging_mixin.py:188} INFO - [2025-11-09T06:23:59.272+0000] {dagbag.py:545} INFO - Filling up the DagBag from /opt/airflow/dags/ml_pipeline_dag.py
[2025-11-09T06:23:59.293+0000] {processor.py:840} INFO - DAG(s) 'ml_pipeline_dag' retrieved from /opt/airflow/dags/ml_pipeline_dag.py
[2025-11-09T06:23:59.320+0000] {logging_mixin.py:188} INFO - [2025-11-09T06:23:59.320+0000] {dag.py:3096} INFO - Sync 1 DAGs
[2025-11-09T06:23:59.329+0000] {logging_mixin.py:188} INFO - [2025-11-09T06:23:59.329+0000] {dag.py:3954} INFO - Setting next_dagrun for ml_pipeline_dag to None, run_after=None
[2025-11-09T06:23:59.343+0000] {processor.py:183} INFO - Processing /opt/airflow/dags/ml_pipeline_dag.py took 0.084 seconds
[2025-11-09T06:24:29.687+0000] {processor.py:161} INFO - Started process (PID=48) to work on /opt/airflow/dags/ml_pipeline_dag.py
[2025-11-09T06:24:29.704+0000] {processor.py:830} INFO - Processing file /opt/airflow/dags/ml_pipeline_dag.py for tasks to queue
[2025-11-09T06:24:29.719+0000] {logging_mixin.py:188} INFO - [2025-11-09T06:24:29.714+0000] {dagbag.py:545} INFO - Filling up the DagBag from /opt/airflow/dags/ml_pipeline_dag.py
[2025-11-09T06:24:29.885+0000] {processor.py:840} INFO - DAG(s) 'ml_pipeline_dag' retrieved from /opt/airflow/dags/ml_pipeline_dag.py
[2025-11-09T06:24:29.996+0000] {logging_mixin.py:188} INFO - [2025-11-09T06:24:29.996+0000] {dag.py:3096} INFO - Sync 1 DAGs
[2025-11-09T06:24:30.059+0000] {logging_mixin.py:188} INFO - [2025-11-09T06:24:30.059+0000] {dag.py:3954} INFO - Setting next_dagrun for ml_pipeline_dag to None, run_after=None
[2025-11-09T06:24:30.102+0000] {processor.py:183} INFO - Processing /opt/airflow/dags/ml_pipeline_dag.py took 0.432 seconds
[2025-11-09T06:25:00.535+0000] {processor.py:161} INFO - Started process (PID=49) to work on /opt/airflow/dags/ml_pipeline_dag.py
[2025-11-09T06:25:00.537+0000] {processor.py:830} INFO - Processing file /opt/airflow/dags/ml_pipeline_dag.py for tasks to queue
[2025-11-09T06:25:00.543+0000] {logging_mixin.py:188} INFO - [2025-11-09T06:25:00.542+0000] {dagbag.py:545} INFO - Filling up the DagBag from /opt/airflow/dags/ml_pipeline_dag.py
[2025-11-09T06:25:00.561+0000] {processor.py:840} INFO - DAG(s) 'ml_pipeline_dag' retrieved from /opt/airflow/dags/ml_pipeline_dag.py
[2025-11-09T06:25:00.594+0000] {logging_mixin.py:188} INFO - [2025-11-09T06:25:00.594+0000] {dag.py:3096} INFO - Sync 1 DAGs
[2025-11-09T06:25:00.602+0000] {logging_mixin.py:188} INFO - [2025-11-09T06:25:00.602+0000] {dag.py:3954} INFO - Setting next_dagrun for ml_pipeline_dag to None, run_after=None
[2025-11-09T06:25:00.617+0000] {processor.py:183} INFO - Processing /opt/airflow/dags/ml_pipeline_dag.py took 0.092 seconds
[2025-11-09T06:25:30.959+0000] {processor.py:161} INFO - Started process (PID=50) to work on /opt/airflow/dags/ml_pipeline_dag.py
[2025-11-09T06:25:30.961+0000] {processor.py:830} INFO - Processing file /opt/airflow/dags/ml_pipeline_dag.py for tasks to queue
[2025-11-09T06:25:30.969+0000] {logging_mixin.py:188} INFO - [2025-11-09T06:25:30.968+0000] {dagbag.py:545} INFO - Filling up the DagBag from /opt/airflow/dags/ml_pipeline_dag.py
[2025-11-09T06:25:30.990+0000] {processor.py:840} INFO - DAG(s) 'ml_pipeline_dag' retrieved from /opt/airflow/dags/ml_pipeline_dag.py
[2025-11-09T06:25:31.019+0000] {logging_mixin.py:188} INFO - [2025-11-09T06:25:31.019+0000] {dag.py:3096} INFO - Sync 1 DAGs
[2025-11-09T06:25:31.029+0000] {logging_mixin.py:188} INFO - [2025-11-09T06:25:31.029+0000] {dag.py:3954} INFO - Setting next_dagrun for ml_pipeline_dag to None, run_after=None
[2025-11-09T06:25:31.043+0000] {processor.py:183} INFO - Processing /opt/airflow/dags/ml_pipeline_dag.py took 0.094 seconds
[2025-11-09T06:26:01.187+0000] {processor.py:161} INFO - Started process (PID=51) to work on /opt/airflow/dags/ml_pipeline_dag.py
[2025-11-09T06:26:01.189+0000] {processor.py:830} INFO - Processing file /opt/airflow/dags/ml_pipeline_dag.py for tasks to queue
[2025-11-09T06:26:01.195+0000] {logging_mixin.py:188} INFO - [2025-11-09T06:26:01.192+0000] {dagbag.py:545} INFO - Filling up the DagBag from /opt/airflow/dags/ml_pipeline_dag.py
[2025-11-09T06:26:01.213+0000] {processor.py:840} INFO - DAG(s) 'ml_pipeline_dag' retrieved from /opt/airflow/dags/ml_pipeline_dag.py
[2025-11-09T06:26:01.245+0000] {logging_mixin.py:188} INFO - [2025-11-09T06:26:01.245+0000] {dag.py:3096} INFO - Sync 1 DAGs
[2025-11-09T06:26:01.258+0000] {logging_mixin.py:188} INFO - [2025-11-09T06:26:01.258+0000] {dag.py:3954} INFO - Setting next_dagrun for ml_pipeline_dag to None, run_after=None
[2025-11-09T06:26:01.274+0000] {processor.py:183} INFO - Processing /opt/airflow/dags/ml_pipeline_dag.py took 0.101 seconds
[2025-11-09T06:27:59.963+0000] {processor.py:161} INFO - Started process (PID=34) to work on /opt/airflow/dags/ml_pipeline_dag.py
[2025-11-09T06:27:59.965+0000] {processor.py:830} INFO - Processing file /opt/airflow/dags/ml_pipeline_dag.py for tasks to queue
[2025-11-09T06:27:59.971+0000] {logging_mixin.py:188} INFO - [2025-11-09T06:27:59.969+0000] {dagbag.py:545} INFO - Filling up the DagBag from /opt/airflow/dags/ml_pipeline_dag.py
[2025-11-09T06:27:59.985+0000] {processor.py:840} INFO - DAG(s) 'ml_pipeline_dag' retrieved from /opt/airflow/dags/ml_pipeline_dag.py
[2025-11-09T06:27:59.995+0000] {logging_mixin.py:188} INFO - [2025-11-09T06:27:59.995+0000] {dag.py:3096} INFO - Sync 1 DAGs
[2025-11-09T06:28:00.009+0000] {logging_mixin.py:188} INFO - [2025-11-09T06:28:00.009+0000] {dag.py:3954} INFO - Setting next_dagrun for ml_pipeline_dag to None, run_after=None
[2025-11-09T06:28:00.043+0000] {processor.py:183} INFO - Processing /opt/airflow/dags/ml_pipeline_dag.py took 0.089 seconds
[2025-11-09T06:28:31.086+0000] {processor.py:161} INFO - Started process (PID=54) to work on /opt/airflow/dags/ml_pipeline_dag.py
[2025-11-09T06:28:31.088+0000] {processor.py:830} INFO - Processing file /opt/airflow/dags/ml_pipeline_dag.py for tasks to queue
[2025-11-09T06:28:31.096+0000] {logging_mixin.py:188} INFO - [2025-11-09T06:28:31.093+0000] {dagbag.py:545} INFO - Filling up the DagBag from /opt/airflow/dags/ml_pipeline_dag.py
[2025-11-09T06:28:31.122+0000] {processor.py:840} INFO - DAG(s) 'ml_pipeline_dag' retrieved from /opt/airflow/dags/ml_pipeline_dag.py
[2025-11-09T06:28:31.251+0000] {logging_mixin.py:188} INFO - [2025-11-09T06:28:31.251+0000] {dag.py:3096} INFO - Sync 1 DAGs
[2025-11-09T06:28:31.262+0000] {logging_mixin.py:188} INFO - [2025-11-09T06:28:31.262+0000] {dag.py:3954} INFO - Setting next_dagrun for ml_pipeline_dag to None, run_after=None
[2025-11-09T06:28:31.285+0000] {processor.py:183} INFO - Processing /opt/airflow/dags/ml_pipeline_dag.py took 0.218 seconds
[2025-11-09T06:29:01.929+0000] {processor.py:161} INFO - Started process (PID=55) to work on /opt/airflow/dags/ml_pipeline_dag.py
[2025-11-09T06:29:01.931+0000] {processor.py:830} INFO - Processing file /opt/airflow/dags/ml_pipeline_dag.py for tasks to queue
[2025-11-09T06:29:01.943+0000] {logging_mixin.py:188} INFO - [2025-11-09T06:29:01.940+0000] {dagbag.py:545} INFO - Filling up the DagBag from /opt/airflow/dags/ml_pipeline_dag.py
[2025-11-09T06:29:01.989+0000] {processor.py:840} INFO - DAG(s) 'ml_pipeline_dag' retrieved from /opt/airflow/dags/ml_pipeline_dag.py
[2025-11-09T06:29:02.105+0000] {logging_mixin.py:188} INFO - [2025-11-09T06:29:02.105+0000] {dag.py:3096} INFO - Sync 1 DAGs
[2025-11-09T06:29:02.148+0000] {logging_mixin.py:188} INFO - [2025-11-09T06:29:02.148+0000] {dag.py:3954} INFO - Setting next_dagrun for ml_pipeline_dag to None, run_after=None
[2025-11-09T06:29:02.210+0000] {processor.py:183} INFO - Processing /opt/airflow/dags/ml_pipeline_dag.py took 0.321 seconds
[2025-11-09T06:29:33.268+0000] {processor.py:161} INFO - Started process (PID=57) to work on /opt/airflow/dags/ml_pipeline_dag.py
[2025-11-09T06:29:33.271+0000] {processor.py:830} INFO - Processing file /opt/airflow/dags/ml_pipeline_dag.py for tasks to queue
[2025-11-09T06:29:33.285+0000] {logging_mixin.py:188} INFO - [2025-11-09T06:29:33.281+0000] {dagbag.py:545} INFO - Filling up the DagBag from /opt/airflow/dags/ml_pipeline_dag.py
[2025-11-09T06:29:33.349+0000] {processor.py:840} INFO - DAG(s) 'ml_pipeline_dag' retrieved from /opt/airflow/dags/ml_pipeline_dag.py
[2025-11-09T06:29:33.454+0000] {logging_mixin.py:188} INFO - [2025-11-09T06:29:33.453+0000] {dag.py:3096} INFO - Sync 1 DAGs
[2025-11-09T06:29:33.493+0000] {logging_mixin.py:188} INFO - [2025-11-09T06:29:33.493+0000] {dag.py:3954} INFO - Setting next_dagrun for ml_pipeline_dag to None, run_after=None
[2025-11-09T06:29:33.534+0000] {processor.py:183} INFO - Processing /opt/airflow/dags/ml_pipeline_dag.py took 0.288 seconds
[2025-11-09T06:30:03.789+0000] {processor.py:161} INFO - Started process (PID=58) to work on /opt/airflow/dags/ml_pipeline_dag.py
[2025-11-09T06:30:03.805+0000] {processor.py:830} INFO - Processing file /opt/airflow/dags/ml_pipeline_dag.py for tasks to queue
[2025-11-09T06:30:03.813+0000] {logging_mixin.py:188} INFO - [2025-11-09T06:30:03.811+0000] {dagbag.py:545} INFO - Filling up the DagBag from /opt/airflow/dags/ml_pipeline_dag.py
[2025-11-09T06:30:03.854+0000] {processor.py:840} INFO - DAG(s) 'ml_pipeline_dag' retrieved from /opt/airflow/dags/ml_pipeline_dag.py
[2025-11-09T06:30:03.982+0000] {logging_mixin.py:188} INFO - [2025-11-09T06:30:03.982+0000] {dag.py:3096} INFO - Sync 1 DAGs
[2025-11-09T06:30:04.055+0000] {logging_mixin.py:188} INFO - [2025-11-09T06:30:04.055+0000] {dag.py:3954} INFO - Setting next_dagrun for ml_pipeline_dag to None, run_after=None
[2025-11-09T06:30:04.094+0000] {processor.py:183} INFO - Processing /opt/airflow/dags/ml_pipeline_dag.py took 0.380 seconds
[2025-11-09T06:30:35.030+0000] {processor.py:161} INFO - Started process (PID=59) to work on /opt/airflow/dags/ml_pipeline_dag.py
[2025-11-09T06:30:35.038+0000] {processor.py:830} INFO - Processing file /opt/airflow/dags/ml_pipeline_dag.py for tasks to queue
[2025-11-09T06:30:35.047+0000] {logging_mixin.py:188} INFO - [2025-11-09T06:30:35.043+0000] {dagbag.py:545} INFO - Filling up the DagBag from /opt/airflow/dags/ml_pipeline_dag.py
[2025-11-09T06:30:35.073+0000] {processor.py:840} INFO - DAG(s) 'ml_pipeline_dag' retrieved from /opt/airflow/dags/ml_pipeline_dag.py
[2025-11-09T06:30:35.142+0000] {logging_mixin.py:188} INFO - [2025-11-09T06:30:35.141+0000] {dag.py:3096} INFO - Sync 1 DAGs
[2025-11-09T06:30:35.188+0000] {logging_mixin.py:188} INFO - [2025-11-09T06:30:35.188+0000] {dag.py:3954} INFO - Setting next_dagrun for ml_pipeline_dag to None, run_after=None
[2025-11-09T06:30:35.221+0000] {processor.py:183} INFO - Processing /opt/airflow/dags/ml_pipeline_dag.py took 0.206 seconds
[2025-11-09T06:31:11.165+0000] {processor.py:161} INFO - Started process (PID=286) to work on /opt/airflow/dags/ml_pipeline_dag.py
[2025-11-09T06:31:11.166+0000] {processor.py:830} INFO - Processing file /opt/airflow/dags/ml_pipeline_dag.py for tasks to queue
[2025-11-09T06:31:11.174+0000] {logging_mixin.py:188} INFO - [2025-11-09T06:31:11.171+0000] {dagbag.py:545} INFO - Filling up the DagBag from /opt/airflow/dags/ml_pipeline_dag.py
[2025-11-09T06:31:11.228+0000] {processor.py:840} INFO - DAG(s) 'ml_pipeline_dag' retrieved from /opt/airflow/dags/ml_pipeline_dag.py
[2025-11-09T06:31:11.313+0000] {logging_mixin.py:188} INFO - [2025-11-09T06:31:11.312+0000] {dag.py:3096} INFO - Sync 1 DAGs
[2025-11-09T06:31:11.356+0000] {logging_mixin.py:188} INFO - [2025-11-09T06:31:11.355+0000] {dag.py:3954} INFO - Setting next_dagrun for ml_pipeline_dag to None, run_after=None
[2025-11-09T06:31:11.386+0000] {processor.py:183} INFO - Processing /opt/airflow/dags/ml_pipeline_dag.py took 0.232 seconds
[2025-11-09T06:31:47.408+0000] {processor.py:161} INFO - Started process (PID=483) to work on /opt/airflow/dags/ml_pipeline_dag.py
[2025-11-09T06:31:47.412+0000] {processor.py:830} INFO - Processing file /opt/airflow/dags/ml_pipeline_dag.py for tasks to queue
[2025-11-09T06:31:47.443+0000] {logging_mixin.py:188} INFO - [2025-11-09T06:31:47.437+0000] {dagbag.py:545} INFO - Filling up the DagBag from /opt/airflow/dags/ml_pipeline_dag.py
[2025-11-09T06:31:47.608+0000] {processor.py:840} INFO - DAG(s) 'ml_pipeline_dag' retrieved from /opt/airflow/dags/ml_pipeline_dag.py
[2025-11-09T06:31:47.776+0000] {logging_mixin.py:188} INFO - [2025-11-09T06:31:47.775+0000] {dag.py:3096} INFO - Sync 1 DAGs
[2025-11-09T06:31:47.832+0000] {logging_mixin.py:188} INFO - [2025-11-09T06:31:47.832+0000] {dag.py:3954} INFO - Setting next_dagrun for ml_pipeline_dag to None, run_after=None
[2025-11-09T06:31:47.888+0000] {processor.py:183} INFO - Processing /opt/airflow/dags/ml_pipeline_dag.py took 0.548 seconds
[2025-11-09T06:32:18.456+0000] {processor.py:161} INFO - Started process (PID=535) to work on /opt/airflow/dags/ml_pipeline_dag.py
[2025-11-09T06:32:18.459+0000] {processor.py:830} INFO - Processing file /opt/airflow/dags/ml_pipeline_dag.py for tasks to queue
[2025-11-09T06:32:18.465+0000] {logging_mixin.py:188} INFO - [2025-11-09T06:32:18.464+0000] {dagbag.py:545} INFO - Filling up the DagBag from /opt/airflow/dags/ml_pipeline_dag.py
[2025-11-09T06:32:18.493+0000] {processor.py:840} INFO - DAG(s) 'ml_pipeline_dag' retrieved from /opt/airflow/dags/ml_pipeline_dag.py
[2025-11-09T06:32:18.523+0000] {logging_mixin.py:188} INFO - [2025-11-09T06:32:18.523+0000] {dag.py:3096} INFO - Sync 1 DAGs
[2025-11-09T06:32:18.533+0000] {logging_mixin.py:188} INFO - [2025-11-09T06:32:18.532+0000] {dag.py:3954} INFO - Setting next_dagrun for ml_pipeline_dag to None, run_after=None
[2025-11-09T06:32:18.550+0000] {processor.py:183} INFO - Processing /opt/airflow/dags/ml_pipeline_dag.py took 0.111 seconds
[2025-11-09T06:32:51.362+0000] {processor.py:161} INFO - Started process (PID=536) to work on /opt/airflow/dags/ml_pipeline_dag.py
[2025-11-09T06:32:51.368+0000] {processor.py:830} INFO - Processing file /opt/airflow/dags/ml_pipeline_dag.py for tasks to queue
[2025-11-09T06:32:51.396+0000] {logging_mixin.py:188} INFO - [2025-11-09T06:32:51.391+0000] {dagbag.py:545} INFO - Filling up the DagBag from /opt/airflow/dags/ml_pipeline_dag.py
[2025-11-09T06:32:51.496+0000] {processor.py:840} INFO - DAG(s) 'ml_pipeline_dag' retrieved from /opt/airflow/dags/ml_pipeline_dag.py
[2025-11-09T06:32:51.676+0000] {logging_mixin.py:188} INFO - [2025-11-09T06:32:51.675+0000] {dag.py:3096} INFO - Sync 1 DAGs
[2025-11-09T06:32:51.728+0000] {logging_mixin.py:188} INFO - [2025-11-09T06:32:51.728+0000] {dag.py:3954} INFO - Setting next_dagrun for ml_pipeline_dag to None, run_after=None
[2025-11-09T06:32:51.782+0000] {processor.py:183} INFO - Processing /opt/airflow/dags/ml_pipeline_dag.py took 0.484 seconds
[2025-11-09T06:33:22.260+0000] {processor.py:161} INFO - Started process (PID=537) to work on /opt/airflow/dags/ml_pipeline_dag.py
[2025-11-09T06:33:22.274+0000] {processor.py:830} INFO - Processing file /opt/airflow/dags/ml_pipeline_dag.py for tasks to queue
[2025-11-09T06:33:22.289+0000] {logging_mixin.py:188} INFO - [2025-11-09T06:33:22.283+0000] {dagbag.py:545} INFO - Filling up the DagBag from /opt/airflow/dags/ml_pipeline_dag.py
[2025-11-09T06:33:22.406+0000] {processor.py:840} INFO - DAG(s) 'ml_pipeline_dag' retrieved from /opt/airflow/dags/ml_pipeline_dag.py
[2025-11-09T06:33:22.472+0000] {logging_mixin.py:188} INFO - [2025-11-09T06:33:22.471+0000] {dag.py:3096} INFO - Sync 1 DAGs
[2025-11-09T06:33:22.494+0000] {logging_mixin.py:188} INFO - [2025-11-09T06:33:22.494+0000] {dag.py:3954} INFO - Setting next_dagrun for ml_pipeline_dag to None, run_after=None
[2025-11-09T06:33:22.521+0000] {processor.py:183} INFO - Processing /opt/airflow/dags/ml_pipeline_dag.py took 0.296 seconds
[2025-11-09T06:33:53.122+0000] {processor.py:161} INFO - Started process (PID=538) to work on /opt/airflow/dags/ml_pipeline_dag.py
[2025-11-09T06:33:53.127+0000] {processor.py:830} INFO - Processing file /opt/airflow/dags/ml_pipeline_dag.py for tasks to queue
[2025-11-09T06:33:53.130+0000] {logging_mixin.py:188} INFO - [2025-11-09T06:33:53.130+0000] {dagbag.py:545} INFO - Filling up the DagBag from /opt/airflow/dags/ml_pipeline_dag.py
[2025-11-09T06:33:53.154+0000] {processor.py:840} INFO - DAG(s) 'ml_pipeline_dag' retrieved from /opt/airflow/dags/ml_pipeline_dag.py
[2025-11-09T06:33:53.231+0000] {logging_mixin.py:188} INFO - [2025-11-09T06:33:53.231+0000] {dag.py:3096} INFO - Sync 1 DAGs
[2025-11-09T06:33:53.257+0000] {logging_mixin.py:188} INFO - [2025-11-09T06:33:53.257+0000] {dag.py:3954} INFO - Setting next_dagrun for ml_pipeline_dag to None, run_after=None
[2025-11-09T06:33:53.287+0000] {processor.py:183} INFO - Processing /opt/airflow/dags/ml_pipeline_dag.py took 0.185 seconds
[2025-11-09T06:34:23.570+0000] {processor.py:161} INFO - Started process (PID=539) to work on /opt/airflow/dags/ml_pipeline_dag.py
[2025-11-09T06:34:23.574+0000] {processor.py:830} INFO - Processing file /opt/airflow/dags/ml_pipeline_dag.py for tasks to queue
[2025-11-09T06:34:23.579+0000] {logging_mixin.py:188} INFO - [2025-11-09T06:34:23.578+0000] {dagbag.py:545} INFO - Filling up the DagBag from /opt/airflow/dags/ml_pipeline_dag.py
[2025-11-09T06:34:23.610+0000] {processor.py:840} INFO - DAG(s) 'ml_pipeline_dag' retrieved from /opt/airflow/dags/ml_pipeline_dag.py
[2025-11-09T06:34:23.680+0000] {logging_mixin.py:188} INFO - [2025-11-09T06:34:23.680+0000] {dag.py:3096} INFO - Sync 1 DAGs
[2025-11-09T06:34:23.719+0000] {logging_mixin.py:188} INFO - [2025-11-09T06:34:23.719+0000] {dag.py:3954} INFO - Setting next_dagrun for ml_pipeline_dag to None, run_after=None
[2025-11-09T06:34:27.190+0000] {processor.py:183} INFO - Processing /opt/airflow/dags/ml_pipeline_dag.py took 3.645 seconds
[2025-11-09T06:34:58.038+0000] {processor.py:161} INFO - Started process (PID=540) to work on /opt/airflow/dags/ml_pipeline_dag.py
[2025-11-09T06:34:58.040+0000] {processor.py:830} INFO - Processing file /opt/airflow/dags/ml_pipeline_dag.py for tasks to queue
[2025-11-09T06:34:58.047+0000] {logging_mixin.py:188} INFO - [2025-11-09T06:34:58.045+0000] {dagbag.py:545} INFO - Filling up the DagBag from /opt/airflow/dags/ml_pipeline_dag.py
[2025-11-09T06:34:58.069+0000] {processor.py:840} INFO - DAG(s) 'ml_pipeline_dag' retrieved from /opt/airflow/dags/ml_pipeline_dag.py
[2025-11-09T06:34:58.114+0000] {logging_mixin.py:188} INFO - [2025-11-09T06:34:58.114+0000] {dag.py:3096} INFO - Sync 1 DAGs
[2025-11-09T06:34:58.540+0000] {logging_mixin.py:188} INFO - [2025-11-09T06:34:58.539+0000] {dag.py:3954} INFO - Setting next_dagrun for ml_pipeline_dag to None, run_after=None
[2025-11-09T06:34:58.556+0000] {processor.py:183} INFO - Processing /opt/airflow/dags/ml_pipeline_dag.py took 0.541 seconds
[2025-11-09T06:35:29.321+0000] {processor.py:161} INFO - Started process (PID=541) to work on /opt/airflow/dags/ml_pipeline_dag.py
[2025-11-09T06:35:29.323+0000] {processor.py:830} INFO - Processing file /opt/airflow/dags/ml_pipeline_dag.py for tasks to queue
[2025-11-09T06:35:29.328+0000] {logging_mixin.py:188} INFO - [2025-11-09T06:35:29.327+0000] {dagbag.py:545} INFO - Filling up the DagBag from /opt/airflow/dags/ml_pipeline_dag.py
[2025-11-09T06:35:29.356+0000] {processor.py:840} INFO - DAG(s) 'ml_pipeline_dag' retrieved from /opt/airflow/dags/ml_pipeline_dag.py
[2025-11-09T06:35:29.406+0000] {logging_mixin.py:188} INFO - [2025-11-09T06:35:29.405+0000] {dag.py:3096} INFO - Sync 1 DAGs
[2025-11-09T06:35:29.721+0000] {logging_mixin.py:188} INFO - [2025-11-09T06:35:29.721+0000] {dag.py:3954} INFO - Setting next_dagrun for ml_pipeline_dag to None, run_after=None
[2025-11-09T06:35:29.733+0000] {processor.py:183} INFO - Processing /opt/airflow/dags/ml_pipeline_dag.py took 0.432 seconds
[2025-11-09T06:36:00.118+0000] {processor.py:161} INFO - Started process (PID=542) to work on /opt/airflow/dags/ml_pipeline_dag.py
[2025-11-09T06:36:00.124+0000] {processor.py:830} INFO - Processing file /opt/airflow/dags/ml_pipeline_dag.py for tasks to queue
[2025-11-09T06:36:00.140+0000] {logging_mixin.py:188} INFO - [2025-11-09T06:36:00.137+0000] {dagbag.py:545} INFO - Filling up the DagBag from /opt/airflow/dags/ml_pipeline_dag.py
[2025-11-09T06:36:00.193+0000] {processor.py:840} INFO - DAG(s) 'ml_pipeline_dag' retrieved from /opt/airflow/dags/ml_pipeline_dag.py
[2025-11-09T06:36:00.714+0000] {logging_mixin.py:188} INFO - [2025-11-09T06:36:00.711+0000] {dag.py:3096} INFO - Sync 1 DAGs
[2025-11-09T06:36:00.729+0000] {logging_mixin.py:188} INFO - [2025-11-09T06:36:00.729+0000] {dag.py:3954} INFO - Setting next_dagrun for ml_pipeline_dag to None, run_after=None
[2025-11-09T06:36:00.745+0000] {processor.py:183} INFO - Processing /opt/airflow/dags/ml_pipeline_dag.py took 0.659 seconds
[2025-11-09T06:36:31.081+0000] {processor.py:161} INFO - Started process (PID=543) to work on /opt/airflow/dags/ml_pipeline_dag.py
[2025-11-09T06:36:31.086+0000] {processor.py:830} INFO - Processing file /opt/airflow/dags/ml_pipeline_dag.py for tasks to queue
[2025-11-09T06:36:31.092+0000] {logging_mixin.py:188} INFO - [2025-11-09T06:36:31.091+0000] {dagbag.py:545} INFO - Filling up the DagBag from /opt/airflow/dags/ml_pipeline_dag.py
[2025-11-09T06:36:31.570+0000] {processor.py:840} INFO - DAG(s) 'ml_pipeline_dag' retrieved from /opt/airflow/dags/ml_pipeline_dag.py
[2025-11-09T06:36:31.588+0000] {logging_mixin.py:188} INFO - [2025-11-09T06:36:31.588+0000] {dag.py:3096} INFO - Sync 1 DAGs
[2025-11-09T06:36:31.599+0000] {logging_mixin.py:188} INFO - [2025-11-09T06:36:31.599+0000] {dag.py:3954} INFO - Setting next_dagrun for ml_pipeline_dag to None, run_after=None
[2025-11-09T06:36:31.610+0000] {processor.py:183} INFO - Processing /opt/airflow/dags/ml_pipeline_dag.py took 0.551 seconds
[2025-11-09T06:37:06.053+0000] {processor.py:161} INFO - Started process (PID=569) to work on /opt/airflow/dags/ml_pipeline_dag.py
[2025-11-09T06:37:06.055+0000] {processor.py:830} INFO - Processing file /opt/airflow/dags/ml_pipeline_dag.py for tasks to queue
[2025-11-09T06:37:06.063+0000] {logging_mixin.py:188} INFO - [2025-11-09T06:37:06.062+0000] {dagbag.py:545} INFO - Filling up the DagBag from /opt/airflow/dags/ml_pipeline_dag.py
[2025-11-09T06:37:06.114+0000] {processor.py:840} INFO - DAG(s) 'ml_pipeline_dag' retrieved from /opt/airflow/dags/ml_pipeline_dag.py
[2025-11-09T06:37:06.269+0000] {logging_mixin.py:188} INFO - [2025-11-09T06:37:06.269+0000] {dag.py:3096} INFO - Sync 1 DAGs
[2025-11-09T06:37:06.338+0000] {logging_mixin.py:188} INFO - [2025-11-09T06:37:06.338+0000] {dag.py:3954} INFO - Setting next_dagrun for ml_pipeline_dag to None, run_after=None
[2025-11-09T06:37:06.492+0000] {processor.py:183} INFO - Processing /opt/airflow/dags/ml_pipeline_dag.py took 0.455 seconds
[2025-11-09T06:37:37.292+0000] {processor.py:161} INFO - Started process (PID=570) to work on /opt/airflow/dags/ml_pipeline_dag.py
[2025-11-09T06:37:37.294+0000] {processor.py:830} INFO - Processing file /opt/airflow/dags/ml_pipeline_dag.py for tasks to queue
[2025-11-09T06:37:37.318+0000] {logging_mixin.py:188} INFO - [2025-11-09T06:37:37.317+0000] {dagbag.py:545} INFO - Filling up the DagBag from /opt/airflow/dags/ml_pipeline_dag.py
[2025-11-09T06:37:37.370+0000] {processor.py:840} INFO - DAG(s) 'ml_pipeline_dag' retrieved from /opt/airflow/dags/ml_pipeline_dag.py
[2025-11-09T06:37:37.428+0000] {logging_mixin.py:188} INFO - [2025-11-09T06:37:37.428+0000] {dag.py:3096} INFO - Sync 1 DAGs
[2025-11-09T06:37:37.454+0000] {logging_mixin.py:188} INFO - [2025-11-09T06:37:37.454+0000] {dag.py:3954} INFO - Setting next_dagrun for ml_pipeline_dag to None, run_after=None
[2025-11-09T06:37:37.477+0000] {processor.py:183} INFO - Processing /opt/airflow/dags/ml_pipeline_dag.py took 0.237 seconds
[2025-11-09T06:38:07.649+0000] {processor.py:161} INFO - Started process (PID=571) to work on /opt/airflow/dags/ml_pipeline_dag.py
[2025-11-09T06:38:07.651+0000] {processor.py:830} INFO - Processing file /opt/airflow/dags/ml_pipeline_dag.py for tasks to queue
[2025-11-09T06:38:07.655+0000] {logging_mixin.py:188} INFO - [2025-11-09T06:38:07.654+0000] {dagbag.py:545} INFO - Filling up the DagBag from /opt/airflow/dags/ml_pipeline_dag.py
[2025-11-09T06:38:07.692+0000] {processor.py:840} INFO - DAG(s) 'ml_pipeline_dag' retrieved from /opt/airflow/dags/ml_pipeline_dag.py
[2025-11-09T06:38:07.741+0000] {logging_mixin.py:188} INFO - [2025-11-09T06:38:07.741+0000] {dag.py:3096} INFO - Sync 1 DAGs
[2025-11-09T06:38:07.759+0000] {logging_mixin.py:188} INFO - [2025-11-09T06:38:07.759+0000] {dag.py:3954} INFO - Setting next_dagrun for ml_pipeline_dag to None, run_after=None
[2025-11-09T06:38:07.779+0000] {processor.py:183} INFO - Processing /opt/airflow/dags/ml_pipeline_dag.py took 0.151 seconds
[2025-11-09T06:38:37.968+0000] {processor.py:161} INFO - Started process (PID=572) to work on /opt/airflow/dags/ml_pipeline_dag.py
[2025-11-09T06:38:37.969+0000] {processor.py:830} INFO - Processing file /opt/airflow/dags/ml_pipeline_dag.py for tasks to queue
[2025-11-09T06:38:37.976+0000] {logging_mixin.py:188} INFO - [2025-11-09T06:38:37.974+0000] {dagbag.py:545} INFO - Filling up the DagBag from /opt/airflow/dags/ml_pipeline_dag.py
[2025-11-09T06:38:38.013+0000] {processor.py:840} INFO - DAG(s) 'ml_pipeline_dag' retrieved from /opt/airflow/dags/ml_pipeline_dag.py
[2025-11-09T06:38:38.047+0000] {logging_mixin.py:188} INFO - [2025-11-09T06:38:38.047+0000] {dag.py:3096} INFO - Sync 1 DAGs
[2025-11-09T06:38:38.064+0000] {logging_mixin.py:188} INFO - [2025-11-09T06:38:38.064+0000] {dag.py:3954} INFO - Setting next_dagrun for ml_pipeline_dag to None, run_after=None
[2025-11-09T06:38:38.081+0000] {processor.py:183} INFO - Processing /opt/airflow/dags/ml_pipeline_dag.py took 0.126 seconds
[2025-11-09T06:39:08.478+0000] {processor.py:161} INFO - Started process (PID=573) to work on /opt/airflow/dags/ml_pipeline_dag.py
[2025-11-09T06:39:08.487+0000] {processor.py:830} INFO - Processing file /opt/airflow/dags/ml_pipeline_dag.py for tasks to queue
[2025-11-09T06:39:08.503+0000] {logging_mixin.py:188} INFO - [2025-11-09T06:39:08.495+0000] {dagbag.py:545} INFO - Filling up the DagBag from /opt/airflow/dags/ml_pipeline_dag.py
[2025-11-09T06:39:08.558+0000] {processor.py:840} INFO - DAG(s) 'ml_pipeline_dag' retrieved from /opt/airflow/dags/ml_pipeline_dag.py
[2025-11-09T06:39:08.713+0000] {logging_mixin.py:188} INFO - [2025-11-09T06:39:08.712+0000] {dag.py:3096} INFO - Sync 1 DAGs
[2025-11-09T06:39:08.768+0000] {logging_mixin.py:188} INFO - [2025-11-09T06:39:08.767+0000] {dag.py:3954} INFO - Setting next_dagrun for ml_pipeline_dag to None, run_after=None
[2025-11-09T06:39:08.899+0000] {processor.py:183} INFO - Processing /opt/airflow/dags/ml_pipeline_dag.py took 0.453 seconds
[2025-11-09T06:40:03.261+0000] {processor.py:161} INFO - Started process (PID=996) to work on /opt/airflow/dags/ml_pipeline_dag.py
[2025-11-09T06:40:03.265+0000] {processor.py:830} INFO - Processing file /opt/airflow/dags/ml_pipeline_dag.py for tasks to queue
[2025-11-09T06:40:03.284+0000] {logging_mixin.py:188} INFO - [2025-11-09T06:40:03.281+0000] {dagbag.py:545} INFO - Filling up the DagBag from /opt/airflow/dags/ml_pipeline_dag.py
[2025-11-09T06:40:03.373+0000] {processor.py:840} INFO - DAG(s) 'ml_pipeline_dag' retrieved from /opt/airflow/dags/ml_pipeline_dag.py
[2025-11-09T06:40:03.479+0000] {logging_mixin.py:188} INFO - [2025-11-09T06:40:03.477+0000] {dag.py:3096} INFO - Sync 1 DAGs
[2025-11-09T06:40:03.511+0000] {logging_mixin.py:188} INFO - [2025-11-09T06:40:03.511+0000] {dag.py:3954} INFO - Setting next_dagrun for ml_pipeline_dag to None, run_after=None
[2025-11-09T06:40:03.550+0000] {processor.py:183} INFO - Processing /opt/airflow/dags/ml_pipeline_dag.py took 0.324 seconds
[2025-11-09T06:40:34.333+0000] {processor.py:161} INFO - Started process (PID=1064) to work on /opt/airflow/dags/ml_pipeline_dag.py
[2025-11-09T06:40:34.336+0000] {processor.py:830} INFO - Processing file /opt/airflow/dags/ml_pipeline_dag.py for tasks to queue
[2025-11-09T06:40:34.348+0000] {logging_mixin.py:188} INFO - [2025-11-09T06:40:34.345+0000] {dagbag.py:545} INFO - Filling up the DagBag from /opt/airflow/dags/ml_pipeline_dag.py
[2025-11-09T06:40:34.405+0000] {processor.py:840} INFO - DAG(s) 'ml_pipeline_dag' retrieved from /opt/airflow/dags/ml_pipeline_dag.py
[2025-11-09T06:40:34.527+0000] {logging_mixin.py:188} INFO - [2025-11-09T06:40:34.526+0000] {dag.py:3096} INFO - Sync 1 DAGs
[2025-11-09T06:40:34.558+0000] {logging_mixin.py:188} INFO - [2025-11-09T06:40:34.557+0000] {dag.py:3954} INFO - Setting next_dagrun for ml_pipeline_dag to None, run_after=None
[2025-11-09T06:40:34.605+0000] {processor.py:183} INFO - Processing /opt/airflow/dags/ml_pipeline_dag.py took 0.299 seconds
[2025-11-09T06:41:05.565+0000] {processor.py:161} INFO - Started process (PID=1065) to work on /opt/airflow/dags/ml_pipeline_dag.py
[2025-11-09T06:41:05.568+0000] {processor.py:830} INFO - Processing file /opt/airflow/dags/ml_pipeline_dag.py for tasks to queue
[2025-11-09T06:41:05.578+0000] {logging_mixin.py:188} INFO - [2025-11-09T06:41:05.575+0000] {dagbag.py:545} INFO - Filling up the DagBag from /opt/airflow/dags/ml_pipeline_dag.py
[2025-11-09T06:41:05.637+0000] {processor.py:840} INFO - DAG(s) 'ml_pipeline_dag' retrieved from /opt/airflow/dags/ml_pipeline_dag.py
[2025-11-09T06:41:05.698+0000] {logging_mixin.py:188} INFO - [2025-11-09T06:41:05.698+0000] {dag.py:3096} INFO - Sync 1 DAGs
[2025-11-09T06:41:05.727+0000] {logging_mixin.py:188} INFO - [2025-11-09T06:41:05.727+0000] {dag.py:3954} INFO - Setting next_dagrun for ml_pipeline_dag to None, run_after=None
[2025-11-09T06:41:05.750+0000] {processor.py:183} INFO - Processing /opt/airflow/dags/ml_pipeline_dag.py took 0.208 seconds
[2025-11-09T06:41:37.356+0000] {processor.py:161} INFO - Started process (PID=1406) to work on /opt/airflow/dags/ml_pipeline_dag.py
[2025-11-09T06:41:37.357+0000] {processor.py:830} INFO - Processing file /opt/airflow/dags/ml_pipeline_dag.py for tasks to queue
[2025-11-09T06:41:37.363+0000] {logging_mixin.py:188} INFO - [2025-11-09T06:41:37.361+0000] {dagbag.py:545} INFO - Filling up the DagBag from /opt/airflow/dags/ml_pipeline_dag.py
[2025-11-09T06:41:37.390+0000] {processor.py:840} INFO - DAG(s) 'ml_pipeline_dag' retrieved from /opt/airflow/dags/ml_pipeline_dag.py
[2025-11-09T06:41:37.438+0000] {logging_mixin.py:188} INFO - [2025-11-09T06:41:37.438+0000] {dag.py:3096} INFO - Sync 1 DAGs
[2025-11-09T06:41:37.451+0000] {logging_mixin.py:188} INFO - [2025-11-09T06:41:37.451+0000] {dag.py:3954} INFO - Setting next_dagrun for ml_pipeline_dag to None, run_after=None
[2025-11-09T06:41:37.473+0000] {processor.py:183} INFO - Processing /opt/airflow/dags/ml_pipeline_dag.py took 0.134 seconds
[2025-11-09T06:42:12.410+0000] {processor.py:161} INFO - Started process (PID=1485) to work on /opt/airflow/dags/ml_pipeline_dag.py
[2025-11-09T06:42:12.433+0000] {processor.py:830} INFO - Processing file /opt/airflow/dags/ml_pipeline_dag.py for tasks to queue
[2025-11-09T06:42:12.515+0000] {logging_mixin.py:188} INFO - [2025-11-09T06:42:12.503+0000] {dagbag.py:545} INFO - Filling up the DagBag from /opt/airflow/dags/ml_pipeline_dag.py
[2025-11-09T06:42:13.022+0000] {processor.py:840} INFO - DAG(s) 'ml_pipeline_dag' retrieved from /opt/airflow/dags/ml_pipeline_dag.py
[2025-11-09T06:42:13.583+0000] {logging_mixin.py:188} INFO - [2025-11-09T06:42:13.582+0000] {dag.py:3096} INFO - Sync 1 DAGs
[2025-11-09T06:42:13.775+0000] {logging_mixin.py:188} INFO - [2025-11-09T06:42:13.775+0000] {dag.py:3954} INFO - Setting next_dagrun for ml_pipeline_dag to None, run_after=None
[2025-11-09T06:42:13.888+0000] {processor.py:183} INFO - Processing /opt/airflow/dags/ml_pipeline_dag.py took 1.685 seconds
[2025-11-09T06:42:48.477+0000] {processor.py:161} INFO - Started process (PID=1580) to work on /opt/airflow/dags/ml_pipeline_dag.py
[2025-11-09T06:42:48.498+0000] {processor.py:830} INFO - Processing file /opt/airflow/dags/ml_pipeline_dag.py for tasks to queue
[2025-11-09T06:42:48.550+0000] {logging_mixin.py:188} INFO - [2025-11-09T06:42:48.546+0000] {dagbag.py:545} INFO - Filling up the DagBag from /opt/airflow/dags/ml_pipeline_dag.py
[2025-11-09T06:42:48.756+0000] {processor.py:840} INFO - DAG(s) 'ml_pipeline_dag' retrieved from /opt/airflow/dags/ml_pipeline_dag.py
[2025-11-09T06:42:49.020+0000] {logging_mixin.py:188} INFO - [2025-11-09T06:42:49.019+0000] {dag.py:3096} INFO - Sync 1 DAGs
[2025-11-09T06:42:49.142+0000] {logging_mixin.py:188} INFO - [2025-11-09T06:42:49.142+0000] {dag.py:3954} INFO - Setting next_dagrun for ml_pipeline_dag to None, run_after=None
[2025-11-09T06:42:49.475+0000] {processor.py:183} INFO - Processing /opt/airflow/dags/ml_pipeline_dag.py took 1.108 seconds
[2025-11-09T06:43:42.202+0000] {processor.py:161} INFO - Started process (PID=1970) to work on /opt/airflow/dags/ml_pipeline_dag.py
[2025-11-09T06:43:42.205+0000] {processor.py:830} INFO - Processing file /opt/airflow/dags/ml_pipeline_dag.py for tasks to queue
[2025-11-09T06:43:42.232+0000] {logging_mixin.py:188} INFO - [2025-11-09T06:43:42.227+0000] {dagbag.py:545} INFO - Filling up the DagBag from /opt/airflow/dags/ml_pipeline_dag.py
[2025-11-09T06:43:42.358+0000] {processor.py:840} INFO - DAG(s) 'ml_pipeline_dag' retrieved from /opt/airflow/dags/ml_pipeline_dag.py
[2025-11-09T06:43:42.497+0000] {logging_mixin.py:188} INFO - [2025-11-09T06:43:42.497+0000] {dag.py:3096} INFO - Sync 1 DAGs
[2025-11-09T06:43:42.543+0000] {logging_mixin.py:188} INFO - [2025-11-09T06:43:42.542+0000] {dag.py:3954} INFO - Setting next_dagrun for ml_pipeline_dag to None, run_after=None
[2025-11-09T06:43:42.585+0000] {processor.py:183} INFO - Processing /opt/airflow/dags/ml_pipeline_dag.py took 0.456 seconds
[2025-11-09T06:44:13.431+0000] {processor.py:161} INFO - Started process (PID=2038) to work on /opt/airflow/dags/ml_pipeline_dag.py
[2025-11-09T06:44:13.434+0000] {processor.py:830} INFO - Processing file /opt/airflow/dags/ml_pipeline_dag.py for tasks to queue
[2025-11-09T06:44:13.443+0000] {logging_mixin.py:188} INFO - [2025-11-09T06:44:13.441+0000] {dagbag.py:545} INFO - Filling up the DagBag from /opt/airflow/dags/ml_pipeline_dag.py
[2025-11-09T06:44:13.485+0000] {processor.py:840} INFO - DAG(s) 'ml_pipeline_dag' retrieved from /opt/airflow/dags/ml_pipeline_dag.py
[2025-11-09T06:44:13.566+0000] {logging_mixin.py:188} INFO - [2025-11-09T06:44:13.566+0000] {dag.py:3096} INFO - Sync 1 DAGs
[2025-11-09T06:44:13.597+0000] {logging_mixin.py:188} INFO - [2025-11-09T06:44:13.597+0000] {dag.py:3954} INFO - Setting next_dagrun for ml_pipeline_dag to None, run_after=None
[2025-11-09T06:44:13.630+0000] {processor.py:183} INFO - Processing /opt/airflow/dags/ml_pipeline_dag.py took 0.229 seconds
[2025-11-09T06:44:44.579+0000] {processor.py:161} INFO - Started process (PID=2039) to work on /opt/airflow/dags/ml_pipeline_dag.py
[2025-11-09T06:44:44.582+0000] {processor.py:830} INFO - Processing file /opt/airflow/dags/ml_pipeline_dag.py for tasks to queue
[2025-11-09T06:44:44.587+0000] {logging_mixin.py:188} INFO - [2025-11-09T06:44:44.586+0000] {dagbag.py:545} INFO - Filling up the DagBag from /opt/airflow/dags/ml_pipeline_dag.py
[2025-11-09T06:44:44.620+0000] {processor.py:840} INFO - DAG(s) 'ml_pipeline_dag' retrieved from /opt/airflow/dags/ml_pipeline_dag.py
[2025-11-09T06:44:44.672+0000] {logging_mixin.py:188} INFO - [2025-11-09T06:44:44.672+0000] {dag.py:3096} INFO - Sync 1 DAGs
[2025-11-09T06:44:44.689+0000] {logging_mixin.py:188} INFO - [2025-11-09T06:44:44.689+0000] {dag.py:3954} INFO - Setting next_dagrun for ml_pipeline_dag to None, run_after=None
[2025-11-09T06:44:44.719+0000] {processor.py:183} INFO - Processing /opt/airflow/dags/ml_pipeline_dag.py took 0.161 seconds
[2025-11-09T06:45:15.537+0000] {processor.py:161} INFO - Started process (PID=2040) to work on /opt/airflow/dags/ml_pipeline_dag.py
[2025-11-09T06:45:15.539+0000] {processor.py:830} INFO - Processing file /opt/airflow/dags/ml_pipeline_dag.py for tasks to queue
[2025-11-09T06:45:15.546+0000] {logging_mixin.py:188} INFO - [2025-11-09T06:45:15.546+0000] {dagbag.py:545} INFO - Filling up the DagBag from /opt/airflow/dags/ml_pipeline_dag.py
[2025-11-09T06:45:15.571+0000] {processor.py:840} INFO - DAG(s) 'ml_pipeline_dag' retrieved from /opt/airflow/dags/ml_pipeline_dag.py
[2025-11-09T06:45:15.666+0000] {logging_mixin.py:188} INFO - [2025-11-09T06:45:15.666+0000] {dag.py:3096} INFO - Sync 1 DAGs
[2025-11-09T06:45:15.704+0000] {logging_mixin.py:188} INFO - [2025-11-09T06:45:15.704+0000] {dag.py:3954} INFO - Setting next_dagrun for ml_pipeline_dag to None, run_after=None
[2025-11-09T06:45:15.760+0000] {processor.py:183} INFO - Processing /opt/airflow/dags/ml_pipeline_dag.py took 0.252 seconds
[2025-11-09T06:45:46.076+0000] {processor.py:161} INFO - Started process (PID=2041) to work on /opt/airflow/dags/ml_pipeline_dag.py
[2025-11-09T06:45:46.079+0000] {processor.py:830} INFO - Processing file /opt/airflow/dags/ml_pipeline_dag.py for tasks to queue
[2025-11-09T06:45:46.085+0000] {logging_mixin.py:188} INFO - [2025-11-09T06:45:46.083+0000] {dagbag.py:545} INFO - Filling up the DagBag from /opt/airflow/dags/ml_pipeline_dag.py
[2025-11-09T06:45:46.163+0000] {processor.py:840} INFO - DAG(s) 'ml_pipeline_dag' retrieved from /opt/airflow/dags/ml_pipeline_dag.py
[2025-11-09T06:45:46.283+0000] {logging_mixin.py:188} INFO - [2025-11-09T06:45:46.283+0000] {dag.py:3096} INFO - Sync 1 DAGs
[2025-11-09T06:45:46.317+0000] {logging_mixin.py:188} INFO - [2025-11-09T06:45:46.316+0000] {dag.py:3954} INFO - Setting next_dagrun for ml_pipeline_dag to None, run_after=None
[2025-11-09T06:45:46.360+0000] {processor.py:183} INFO - Processing /opt/airflow/dags/ml_pipeline_dag.py took 0.315 seconds
[2025-11-09T06:46:16.769+0000] {processor.py:161} INFO - Started process (PID=2050) to work on /opt/airflow/dags/ml_pipeline_dag.py
[2025-11-09T06:46:16.772+0000] {processor.py:830} INFO - Processing file /opt/airflow/dags/ml_pipeline_dag.py for tasks to queue
[2025-11-09T06:46:16.780+0000] {logging_mixin.py:188} INFO - [2025-11-09T06:46:16.779+0000] {dagbag.py:545} INFO - Filling up the DagBag from /opt/airflow/dags/ml_pipeline_dag.py
[2025-11-09T06:46:16.815+0000] {processor.py:840} INFO - DAG(s) 'ml_pipeline_dag' retrieved from /opt/airflow/dags/ml_pipeline_dag.py
[2025-11-09T06:46:16.871+0000] {logging_mixin.py:188} INFO - [2025-11-09T06:46:16.870+0000] {dag.py:3096} INFO - Sync 1 DAGs
[2025-11-09T06:46:16.893+0000] {logging_mixin.py:188} INFO - [2025-11-09T06:46:16.893+0000] {dag.py:3954} INFO - Setting next_dagrun for ml_pipeline_dag to None, run_after=None
[2025-11-09T06:46:16.919+0000] {processor.py:183} INFO - Processing /opt/airflow/dags/ml_pipeline_dag.py took 0.175 seconds
[2025-11-09T06:46:47.363+0000] {processor.py:161} INFO - Started process (PID=2059) to work on /opt/airflow/dags/ml_pipeline_dag.py
[2025-11-09T06:46:47.366+0000] {processor.py:830} INFO - Processing file /opt/airflow/dags/ml_pipeline_dag.py for tasks to queue
[2025-11-09T06:46:47.375+0000] {logging_mixin.py:188} INFO - [2025-11-09T06:46:47.373+0000] {dagbag.py:545} INFO - Filling up the DagBag from /opt/airflow/dags/ml_pipeline_dag.py
[2025-11-09T06:46:47.406+0000] {processor.py:840} INFO - DAG(s) 'ml_pipeline_dag' retrieved from /opt/airflow/dags/ml_pipeline_dag.py
[2025-11-09T06:46:47.455+0000] {logging_mixin.py:188} INFO - [2025-11-09T06:46:47.455+0000] {dag.py:3096} INFO - Sync 1 DAGs
[2025-11-09T06:46:47.477+0000] {logging_mixin.py:188} INFO - [2025-11-09T06:46:47.477+0000] {dag.py:3954} INFO - Setting next_dagrun for ml_pipeline_dag to None, run_after=None
[2025-11-09T06:46:47.501+0000] {processor.py:183} INFO - Processing /opt/airflow/dags/ml_pipeline_dag.py took 0.164 seconds
[2025-11-09T06:47:17.781+0000] {processor.py:161} INFO - Started process (PID=2060) to work on /opt/airflow/dags/ml_pipeline_dag.py
[2025-11-09T06:47:17.787+0000] {processor.py:830} INFO - Processing file /opt/airflow/dags/ml_pipeline_dag.py for tasks to queue
[2025-11-09T06:47:17.814+0000] {logging_mixin.py:188} INFO - [2025-11-09T06:47:17.808+0000] {dagbag.py:545} INFO - Filling up the DagBag from /opt/airflow/dags/ml_pipeline_dag.py
[2025-11-09T06:47:17.871+0000] {processor.py:840} INFO - DAG(s) 'ml_pipeline_dag' retrieved from /opt/airflow/dags/ml_pipeline_dag.py
[2025-11-09T06:47:17.961+0000] {logging_mixin.py:188} INFO - [2025-11-09T06:47:17.960+0000] {dag.py:3096} INFO - Sync 1 DAGs
[2025-11-09T06:47:17.984+0000] {logging_mixin.py:188} INFO - [2025-11-09T06:47:17.984+0000] {dag.py:3954} INFO - Setting next_dagrun for ml_pipeline_dag to None, run_after=None
[2025-11-09T06:47:18.016+0000] {processor.py:183} INFO - Processing /opt/airflow/dags/ml_pipeline_dag.py took 0.315 seconds
[2025-11-09T06:47:48.409+0000] {processor.py:161} INFO - Started process (PID=2062) to work on /opt/airflow/dags/ml_pipeline_dag.py
[2025-11-09T06:47:48.412+0000] {processor.py:830} INFO - Processing file /opt/airflow/dags/ml_pipeline_dag.py for tasks to queue
[2025-11-09T06:47:48.424+0000] {logging_mixin.py:188} INFO - [2025-11-09T06:47:48.422+0000] {dagbag.py:545} INFO - Filling up the DagBag from /opt/airflow/dags/ml_pipeline_dag.py
[2025-11-09T06:47:48.470+0000] {processor.py:840} INFO - DAG(s) 'ml_pipeline_dag' retrieved from /opt/airflow/dags/ml_pipeline_dag.py
[2025-11-09T06:47:48.542+0000] {logging_mixin.py:188} INFO - [2025-11-09T06:47:48.542+0000] {dag.py:3096} INFO - Sync 1 DAGs
[2025-11-09T06:47:48.560+0000] {logging_mixin.py:188} INFO - [2025-11-09T06:47:48.559+0000] {dag.py:3954} INFO - Setting next_dagrun for ml_pipeline_dag to None, run_after=None
[2025-11-09T06:47:48.585+0000] {processor.py:183} INFO - Processing /opt/airflow/dags/ml_pipeline_dag.py took 0.220 seconds
[2025-11-09T06:48:18.936+0000] {processor.py:161} INFO - Started process (PID=2064) to work on /opt/airflow/dags/ml_pipeline_dag.py
[2025-11-09T06:48:18.939+0000] {processor.py:830} INFO - Processing file /opt/airflow/dags/ml_pipeline_dag.py for tasks to queue
[2025-11-09T06:48:18.946+0000] {logging_mixin.py:188} INFO - [2025-11-09T06:48:18.945+0000] {dagbag.py:545} INFO - Filling up the DagBag from /opt/airflow/dags/ml_pipeline_dag.py
[2025-11-09T06:48:18.985+0000] {processor.py:840} INFO - DAG(s) 'ml_pipeline_dag' retrieved from /opt/airflow/dags/ml_pipeline_dag.py
[2025-11-09T06:48:19.033+0000] {logging_mixin.py:188} INFO - [2025-11-09T06:48:19.033+0000] {dag.py:3096} INFO - Sync 1 DAGs
[2025-11-09T06:48:19.052+0000] {logging_mixin.py:188} INFO - [2025-11-09T06:48:19.051+0000] {dag.py:3954} INFO - Setting next_dagrun for ml_pipeline_dag to None, run_after=None
[2025-11-09T06:48:19.082+0000] {processor.py:183} INFO - Processing /opt/airflow/dags/ml_pipeline_dag.py took 0.211 seconds
[2025-11-09T06:48:49.404+0000] {processor.py:161} INFO - Started process (PID=2065) to work on /opt/airflow/dags/ml_pipeline_dag.py
[2025-11-09T06:48:49.408+0000] {processor.py:830} INFO - Processing file /opt/airflow/dags/ml_pipeline_dag.py for tasks to queue
[2025-11-09T06:48:49.422+0000] {logging_mixin.py:188} INFO - [2025-11-09T06:48:49.419+0000] {dagbag.py:545} INFO - Filling up the DagBag from /opt/airflow/dags/ml_pipeline_dag.py
[2025-11-09T06:48:49.500+0000] {processor.py:840} INFO - DAG(s) 'ml_pipeline_dag' retrieved from /opt/airflow/dags/ml_pipeline_dag.py
[2025-11-09T06:48:49.604+0000] {logging_mixin.py:188} INFO - [2025-11-09T06:48:49.604+0000] {dag.py:3096} INFO - Sync 1 DAGs
[2025-11-09T06:48:49.630+0000] {logging_mixin.py:188} INFO - [2025-11-09T06:48:49.630+0000] {dag.py:3954} INFO - Setting next_dagrun for ml_pipeline_dag to None, run_after=None
[2025-11-09T06:48:49.662+0000] {processor.py:183} INFO - Processing /opt/airflow/dags/ml_pipeline_dag.py took 0.282 seconds
[2025-11-09T06:49:20.046+0000] {processor.py:161} INFO - Started process (PID=2067) to work on /opt/airflow/dags/ml_pipeline_dag.py
[2025-11-09T06:49:20.050+0000] {processor.py:830} INFO - Processing file /opt/airflow/dags/ml_pipeline_dag.py for tasks to queue
[2025-11-09T06:49:20.063+0000] {logging_mixin.py:188} INFO - [2025-11-09T06:49:20.061+0000] {dagbag.py:545} INFO - Filling up the DagBag from /opt/airflow/dags/ml_pipeline_dag.py
[2025-11-09T06:49:20.118+0000] {processor.py:840} INFO - DAG(s) 'ml_pipeline_dag' retrieved from /opt/airflow/dags/ml_pipeline_dag.py
[2025-11-09T06:49:20.166+0000] {logging_mixin.py:188} INFO - [2025-11-09T06:49:20.166+0000] {dag.py:3096} INFO - Sync 1 DAGs
[2025-11-09T06:49:20.192+0000] {logging_mixin.py:188} INFO - [2025-11-09T06:49:20.192+0000] {dag.py:3954} INFO - Setting next_dagrun for ml_pipeline_dag to None, run_after=None
[2025-11-09T06:49:20.217+0000] {processor.py:183} INFO - Processing /opt/airflow/dags/ml_pipeline_dag.py took 0.205 seconds
[2025-11-09T06:49:50.605+0000] {processor.py:161} INFO - Started process (PID=2069) to work on /opt/airflow/dags/ml_pipeline_dag.py
[2025-11-09T06:49:50.608+0000] {processor.py:830} INFO - Processing file /opt/airflow/dags/ml_pipeline_dag.py for tasks to queue
[2025-11-09T06:49:50.612+0000] {logging_mixin.py:188} INFO - [2025-11-09T06:49:50.611+0000] {dagbag.py:545} INFO - Filling up the DagBag from /opt/airflow/dags/ml_pipeline_dag.py
[2025-11-09T06:49:50.636+0000] {processor.py:840} INFO - DAG(s) 'ml_pipeline_dag' retrieved from /opt/airflow/dags/ml_pipeline_dag.py
[2025-11-09T06:49:50.679+0000] {logging_mixin.py:188} INFO - [2025-11-09T06:49:50.679+0000] {dag.py:3096} INFO - Sync 1 DAGs
[2025-11-09T06:49:50.697+0000] {logging_mixin.py:188} INFO - [2025-11-09T06:49:50.697+0000] {dag.py:3954} INFO - Setting next_dagrun for ml_pipeline_dag to None, run_after=None
[2025-11-09T06:49:50.725+0000] {processor.py:183} INFO - Processing /opt/airflow/dags/ml_pipeline_dag.py took 0.144 seconds
[2025-11-09T06:50:21.052+0000] {processor.py:161} INFO - Started process (PID=2070) to work on /opt/airflow/dags/ml_pipeline_dag.py
[2025-11-09T06:50:21.055+0000] {processor.py:830} INFO - Processing file /opt/airflow/dags/ml_pipeline_dag.py for tasks to queue
[2025-11-09T06:50:21.070+0000] {logging_mixin.py:188} INFO - [2025-11-09T06:50:21.068+0000] {dagbag.py:545} INFO - Filling up the DagBag from /opt/airflow/dags/ml_pipeline_dag.py
[2025-11-09T06:50:21.140+0000] {processor.py:840} INFO - DAG(s) 'ml_pipeline_dag' retrieved from /opt/airflow/dags/ml_pipeline_dag.py
[2025-11-09T06:50:21.240+0000] {logging_mixin.py:188} INFO - [2025-11-09T06:50:21.239+0000] {dag.py:3096} INFO - Sync 1 DAGs
[2025-11-09T06:50:21.304+0000] {logging_mixin.py:188} INFO - [2025-11-09T06:50:21.304+0000] {dag.py:3954} INFO - Setting next_dagrun for ml_pipeline_dag to None, run_after=None
[2025-11-09T06:50:21.394+0000] {processor.py:183} INFO - Processing /opt/airflow/dags/ml_pipeline_dag.py took 0.388 seconds
[2025-11-09T06:50:30.451+0000] {processor.py:161} INFO - Started process (PID=2071) to work on /opt/airflow/dags/ml_pipeline_dag.py
[2025-11-09T06:50:30.458+0000] {processor.py:830} INFO - Processing file /opt/airflow/dags/ml_pipeline_dag.py for tasks to queue
[2025-11-09T06:50:30.463+0000] {logging_mixin.py:188} INFO - [2025-11-09T06:50:30.462+0000] {dagbag.py:545} INFO - Filling up the DagBag from /opt/airflow/dags/ml_pipeline_dag.py
[2025-11-09T06:50:30.537+0000] {processor.py:840} INFO - DAG(s) 'ml_pipeline_dag' retrieved from /opt/airflow/dags/ml_pipeline_dag.py
[2025-11-09T06:50:31.263+0000] {logging_mixin.py:188} INFO - [2025-11-09T06:50:31.261+0000] {dag.py:3096} INFO - Sync 1 DAGs
[2025-11-09T06:50:31.330+0000] {logging_mixin.py:188} INFO - [2025-11-09T06:50:31.329+0000] {dag.py:3954} INFO - Setting next_dagrun for ml_pipeline_dag to 2023-11-01 00:00:00+00:00, run_after=2023-12-01 00:00:00+00:00
[2025-11-09T06:50:31.381+0000] {processor.py:183} INFO - Processing /opt/airflow/dags/ml_pipeline_dag.py took 0.966 seconds
[2025-11-09T06:50:39.583+0000] {processor.py:161} INFO - Started process (PID=2101) to work on /opt/airflow/dags/ml_pipeline_dag.py
[2025-11-09T06:50:39.585+0000] {processor.py:830} INFO - Processing file /opt/airflow/dags/ml_pipeline_dag.py for tasks to queue
[2025-11-09T06:50:39.592+0000] {logging_mixin.py:188} INFO - [2025-11-09T06:50:39.590+0000] {dagbag.py:545} INFO - Filling up the DagBag from /opt/airflow/dags/ml_pipeline_dag.py
[2025-11-09T06:50:39.635+0000] {processor.py:840} INFO - DAG(s) 'ml_pipeline_dag' retrieved from /opt/airflow/dags/ml_pipeline_dag.py
[2025-11-09T06:50:39.655+0000] {logging_mixin.py:188} INFO - [2025-11-09T06:50:39.655+0000] {dag.py:3096} INFO - Sync 1 DAGs
[2025-11-09T06:50:39.683+0000] {logging_mixin.py:188} INFO - [2025-11-09T06:50:39.683+0000] {dag.py:3954} INFO - Setting next_dagrun for ml_pipeline_dag to 2023-12-01 00:00:00+00:00, run_after=2024-01-01 00:00:00+00:00
[2025-11-09T06:50:39.703+0000] {processor.py:183} INFO - Processing /opt/airflow/dags/ml_pipeline_dag.py took 0.142 seconds
[2025-11-09T06:50:53.410+0000] {processor.py:161} INFO - Started process (PID=2320) to work on /opt/airflow/dags/ml_pipeline_dag.py
[2025-11-09T06:50:53.412+0000] {processor.py:830} INFO - Processing file /opt/airflow/dags/ml_pipeline_dag.py for tasks to queue
[2025-11-09T06:50:53.418+0000] {logging_mixin.py:188} INFO - [2025-11-09T06:50:53.417+0000] {dagbag.py:545} INFO - Filling up the DagBag from /opt/airflow/dags/ml_pipeline_dag.py
[2025-11-09T06:50:53.450+0000] {processor.py:840} INFO - DAG(s) 'ml_pipeline_dag' retrieved from /opt/airflow/dags/ml_pipeline_dag.py
[2025-11-09T06:50:53.471+0000] {logging_mixin.py:188} INFO - [2025-11-09T06:50:53.471+0000] {dag.py:3096} INFO - Sync 1 DAGs
[2025-11-09T06:50:53.504+0000] {logging_mixin.py:188} INFO - [2025-11-09T06:50:53.504+0000] {dag.py:3954} INFO - Setting next_dagrun for ml_pipeline_dag to 2024-01-01 00:00:00+00:00, run_after=2024-02-01 00:00:00+00:00
[2025-11-09T06:50:53.532+0000] {processor.py:183} INFO - Processing /opt/airflow/dags/ml_pipeline_dag.py took 0.149 seconds
[2025-11-09T06:52:35.016+0000] {processor.py:161} INFO - Started process (PID=3098) to work on /opt/airflow/dags/ml_pipeline_dag.py
[2025-11-09T06:52:35.022+0000] {processor.py:830} INFO - Processing file /opt/airflow/dags/ml_pipeline_dag.py for tasks to queue
[2025-11-09T06:52:35.029+0000] {logging_mixin.py:188} INFO - [2025-11-09T06:52:35.026+0000] {dagbag.py:545} INFO - Filling up the DagBag from /opt/airflow/dags/ml_pipeline_dag.py
[2025-11-09T06:52:35.095+0000] {processor.py:840} INFO - DAG(s) 'ml_pipeline_dag' retrieved from /opt/airflow/dags/ml_pipeline_dag.py
[2025-11-09T06:52:36.148+0000] {logging_mixin.py:188} INFO - [2025-11-09T06:52:36.145+0000] {dag.py:3096} INFO - Sync 1 DAGs
[2025-11-09T06:52:36.338+0000] {logging_mixin.py:188} INFO - [2025-11-09T06:52:36.338+0000] {dag.py:3954} INFO - Setting next_dagrun for ml_pipeline_dag to 2024-03-01 00:00:00+00:00, run_after=2024-04-01 00:00:00+00:00
[2025-11-09T06:52:36.427+0000] {processor.py:183} INFO - Processing /opt/airflow/dags/ml_pipeline_dag.py took 1.436 seconds
[2025-11-09T06:53:42.823+0000] {processor.py:161} INFO - Started process (PID=3559) to work on /opt/airflow/dags/ml_pipeline_dag.py
[2025-11-09T06:53:42.824+0000] {processor.py:830} INFO - Processing file /opt/airflow/dags/ml_pipeline_dag.py for tasks to queue
[2025-11-09T06:53:42.828+0000] {logging_mixin.py:188} INFO - [2025-11-09T06:53:42.825+0000] {dagbag.py:545} INFO - Filling up the DagBag from /opt/airflow/dags/ml_pipeline_dag.py
[2025-11-09T06:53:42.840+0000] {processor.py:840} INFO - DAG(s) 'ml_pipeline_dag' retrieved from /opt/airflow/dags/ml_pipeline_dag.py
[2025-11-09T06:53:42.885+0000] {logging_mixin.py:188} INFO - [2025-11-09T06:53:42.885+0000] {dag.py:3096} INFO - Sync 1 DAGs
[2025-11-09T06:53:42.906+0000] {logging_mixin.py:188} INFO - [2025-11-09T06:53:42.906+0000] {dag.py:3954} INFO - Setting next_dagrun for ml_pipeline_dag to 2024-04-01 00:00:00+00:00, run_after=2024-05-01 00:00:00+00:00
[2025-11-09T06:53:42.926+0000] {processor.py:183} INFO - Processing /opt/airflow/dags/ml_pipeline_dag.py took 0.109 seconds
[2025-11-09T06:54:55.717+0000] {processor.py:161} INFO - Started process (PID=4049) to work on /opt/airflow/dags/ml_pipeline_dag.py
[2025-11-09T06:54:55.720+0000] {processor.py:830} INFO - Processing file /opt/airflow/dags/ml_pipeline_dag.py for tasks to queue
[2025-11-09T06:54:55.722+0000] {logging_mixin.py:188} INFO - [2025-11-09T06:54:55.721+0000] {dagbag.py:545} INFO - Filling up the DagBag from /opt/airflow/dags/ml_pipeline_dag.py
[2025-11-09T06:54:55.754+0000] {processor.py:840} INFO - DAG(s) 'ml_pipeline_dag' retrieved from /opt/airflow/dags/ml_pipeline_dag.py
[2025-11-09T06:54:55.826+0000] {logging_mixin.py:188} INFO - [2025-11-09T06:54:55.826+0000] {dag.py:3096} INFO - Sync 1 DAGs
[2025-11-09T06:54:55.846+0000] {logging_mixin.py:188} INFO - [2025-11-09T06:54:55.846+0000] {dag.py:3954} INFO - Setting next_dagrun for ml_pipeline_dag to 2024-05-01 00:00:00+00:00, run_after=2024-06-01 00:00:00+00:00
[2025-11-09T06:54:55.865+0000] {processor.py:183} INFO - Processing /opt/airflow/dags/ml_pipeline_dag.py took 0.164 seconds
[2025-11-09T06:56:32.608+0000] {processor.py:161} INFO - Started process (PID=4511) to work on /opt/airflow/dags/ml_pipeline_dag.py
[2025-11-09T06:56:32.626+0000] {processor.py:830} INFO - Processing file /opt/airflow/dags/ml_pipeline_dag.py for tasks to queue
[2025-11-09T06:56:32.687+0000] {logging_mixin.py:188} INFO - [2025-11-09T06:56:32.672+0000] {dagbag.py:545} INFO - Filling up the DagBag from /opt/airflow/dags/ml_pipeline_dag.py
[2025-11-09T06:56:32.740+0000] {processor.py:840} INFO - DAG(s) 'ml_pipeline_dag' retrieved from /opt/airflow/dags/ml_pipeline_dag.py
[2025-11-09T06:56:32.776+0000] {logging_mixin.py:188} INFO - [2025-11-09T06:56:32.776+0000] {taskinstance.py:2907} ERROR - {'DAG Id': 'ml_pipeline_dag', 'Task Id': 'train_model', 'Run Id': 'scheduled__2024-02-01T00:00:00+00:00', 'Hostname': '251466b916f8'}
[2025-11-09T06:56:32.822+0000] {logging_mixin.py:188} INFO - [2025-11-09T06:56:32.822+0000] {taskinstance.py:1206} INFO - Marking task as UP_FOR_RETRY. dag_id=ml_pipeline_dag, task_id=train_model, run_id=scheduled__2024-02-01T00:00:00+00:00, execution_date=20240201T000000, start_date=20251109T065523, end_date=20251109T065632
[2025-11-09T06:56:32.836+0000] {processor.py:791} INFO - Executed failure callback for <TaskInstance: ml_pipeline_dag.train_model scheduled__2024-02-01T00:00:00+00:00 [up_for_retry]> in state up_for_retry
[2025-11-09T06:56:32.994+0000] {logging_mixin.py:188} INFO - [2025-11-09T06:56:32.994+0000] {dag.py:3096} INFO - Sync 1 DAGs
[2025-11-09T06:56:33.027+0000] {logging_mixin.py:188} INFO - [2025-11-09T06:56:33.026+0000] {dag.py:3954} INFO - Setting next_dagrun for ml_pipeline_dag to 2024-06-01 00:00:00+00:00, run_after=2024-07-01 00:00:00+00:00
[2025-11-09T06:56:33.047+0000] {processor.py:183} INFO - Processing /opt/airflow/dags/ml_pipeline_dag.py took 0.488 seconds
[2025-11-09T07:04:41.807+0000] {processor.py:161} INFO - Started process (PID=4956) to work on /opt/airflow/dags/ml_pipeline_dag.py
[2025-11-09T07:04:41.815+0000] {processor.py:830} INFO - Processing file /opt/airflow/dags/ml_pipeline_dag.py for tasks to queue
[2025-11-09T07:04:41.831+0000] {logging_mixin.py:188} INFO - [2025-11-09T07:04:41.822+0000] {dagbag.py:545} INFO - Filling up the DagBag from /opt/airflow/dags/ml_pipeline_dag.py
[2025-11-09T07:04:41.943+0000] {processor.py:840} INFO - DAG(s) 'ml_pipeline_dag' retrieved from /opt/airflow/dags/ml_pipeline_dag.py
[2025-11-09T07:04:42.235+0000] {logging_mixin.py:188} INFO - [2025-11-09T07:04:42.235+0000] {dag.py:3096} INFO - Sync 1 DAGs
[2025-11-09T07:04:42.302+0000] {logging_mixin.py:188} INFO - [2025-11-09T07:04:42.302+0000] {dag.py:3954} INFO - Setting next_dagrun for ml_pipeline_dag to 2024-07-01 00:00:00+00:00, run_after=2024-08-01 00:00:00+00:00
[2025-11-09T07:04:42.349+0000] {processor.py:183} INFO - Processing /opt/airflow/dags/ml_pipeline_dag.py took 0.680 seconds
[2025-11-09T07:09:06.240+0000] {processor.py:161} INFO - Started process (PID=34) to work on /opt/airflow/dags/ml_pipeline_dag.py
[2025-11-09T07:09:06.244+0000] {processor.py:830} INFO - Processing file /opt/airflow/dags/ml_pipeline_dag.py for tasks to queue
[2025-11-09T07:09:06.255+0000] {logging_mixin.py:188} INFO - [2025-11-09T07:09:06.252+0000] {dagbag.py:545} INFO - Filling up the DagBag from /opt/airflow/dags/ml_pipeline_dag.py
[2025-11-09T07:09:06.325+0000] {processor.py:840} INFO - DAG(s) 'ml_pipeline_dag' retrieved from /opt/airflow/dags/ml_pipeline_dag.py
[2025-11-09T07:09:06.384+0000] {logging_mixin.py:188} INFO - [2025-11-09T07:09:06.383+0000] {dag.py:3096} INFO - Sync 1 DAGs
[2025-11-09T07:09:06.452+0000] {logging_mixin.py:188} INFO - [2025-11-09T07:09:06.451+0000] {dag.py:3954} INFO - Setting next_dagrun for ml_pipeline_dag to 2024-08-01 00:00:00+00:00, run_after=2024-09-01 00:00:00+00:00
[2025-11-09T07:09:06.565+0000] {processor.py:183} INFO - Processing /opt/airflow/dags/ml_pipeline_dag.py took 0.340 seconds
[2025-11-09T07:11:59.493+0000] {processor.py:161} INFO - Started process (PID=867) to work on /opt/airflow/dags/ml_pipeline_dag.py
[2025-11-09T07:11:59.521+0000] {processor.py:830} INFO - Processing file /opt/airflow/dags/ml_pipeline_dag.py for tasks to queue
[2025-11-09T07:11:59.597+0000] {logging_mixin.py:188} INFO - [2025-11-09T07:11:59.588+0000] {dagbag.py:545} INFO - Filling up the DagBag from /opt/airflow/dags/ml_pipeline_dag.py
[2025-11-09T07:11:59.791+0000] {processor.py:840} INFO - DAG(s) 'ml_pipeline_dag' retrieved from /opt/airflow/dags/ml_pipeline_dag.py
[2025-11-09T07:12:02.882+0000] {logging_mixin.py:188} INFO - [2025-11-09T07:12:02.880+0000] {dag.py:3096} INFO - Sync 1 DAGs
[2025-11-09T07:12:02.965+0000] {logging_mixin.py:188} INFO - [2025-11-09T07:12:02.964+0000] {dag.py:3954} INFO - Setting next_dagrun for ml_pipeline_dag to 2024-09-01 00:00:00+00:00, run_after=2024-10-01 00:00:00+00:00
[2025-11-09T07:12:03.180+0000] {processor.py:183} INFO - Processing /opt/airflow/dags/ml_pipeline_dag.py took 3.738 seconds
[2025-11-09T07:16:31.755+0000] {processor.py:161} INFO - Started process (PID=1582) to work on /opt/airflow/dags/ml_pipeline_dag.py
[2025-11-09T07:16:31.757+0000] {processor.py:830} INFO - Processing file /opt/airflow/dags/ml_pipeline_dag.py for tasks to queue
[2025-11-09T07:16:31.761+0000] {logging_mixin.py:188} INFO - [2025-11-09T07:16:31.759+0000] {dagbag.py:545} INFO - Filling up the DagBag from /opt/airflow/dags/ml_pipeline_dag.py
[2025-11-09T07:16:31.787+0000] {processor.py:840} INFO - DAG(s) 'ml_pipeline_dag' retrieved from /opt/airflow/dags/ml_pipeline_dag.py
[2025-11-09T07:16:31.870+0000] {logging_mixin.py:188} INFO - [2025-11-09T07:16:31.870+0000] {dag.py:3096} INFO - Sync 1 DAGs
[2025-11-09T07:16:31.898+0000] {logging_mixin.py:188} INFO - [2025-11-09T07:16:31.898+0000] {dag.py:3954} INFO - Setting next_dagrun for ml_pipeline_dag to 2024-10-01 00:00:00+00:00, run_after=2024-11-01 00:00:00+00:00
[2025-11-09T07:16:31.920+0000] {processor.py:183} INFO - Processing /opt/airflow/dags/ml_pipeline_dag.py took 0.182 seconds
[2025-11-09T07:18:25.879+0000] {processor.py:161} INFO - Started process (PID=2205) to work on /opt/airflow/dags/ml_pipeline_dag.py
[2025-11-09T07:18:25.883+0000] {processor.py:830} INFO - Processing file /opt/airflow/dags/ml_pipeline_dag.py for tasks to queue
[2025-11-09T07:18:25.889+0000] {logging_mixin.py:188} INFO - [2025-11-09T07:18:25.886+0000] {dagbag.py:545} INFO - Filling up the DagBag from /opt/airflow/dags/ml_pipeline_dag.py
[2025-11-09T07:18:25.905+0000] {processor.py:840} INFO - DAG(s) 'ml_pipeline_dag' retrieved from /opt/airflow/dags/ml_pipeline_dag.py
[2025-11-09T07:18:25.967+0000] {logging_mixin.py:188} INFO - [2025-11-09T07:18:25.966+0000] {dag.py:3096} INFO - Sync 1 DAGs
[2025-11-09T07:18:25.985+0000] {logging_mixin.py:188} INFO - [2025-11-09T07:18:25.985+0000] {dag.py:3954} INFO - Setting next_dagrun for ml_pipeline_dag to 2024-11-01 00:00:00+00:00, run_after=2024-12-01 00:00:00+00:00
[2025-11-09T07:18:26.020+0000] {processor.py:183} INFO - Processing /opt/airflow/dags/ml_pipeline_dag.py took 0.154 seconds
[2025-11-09T07:20:04.403+0000] {processor.py:161} INFO - Started process (PID=2736) to work on /opt/airflow/dags/ml_pipeline_dag.py
[2025-11-09T07:20:04.405+0000] {processor.py:830} INFO - Processing file /opt/airflow/dags/ml_pipeline_dag.py for tasks to queue
[2025-11-09T07:20:04.409+0000] {logging_mixin.py:188} INFO - [2025-11-09T07:20:04.406+0000] {dagbag.py:545} INFO - Filling up the DagBag from /opt/airflow/dags/ml_pipeline_dag.py
[2025-11-09T07:20:04.436+0000] {processor.py:840} INFO - DAG(s) 'ml_pipeline_dag' retrieved from /opt/airflow/dags/ml_pipeline_dag.py
[2025-11-09T07:20:04.554+0000] {logging_mixin.py:188} INFO - [2025-11-09T07:20:04.554+0000] {dag.py:3096} INFO - Sync 1 DAGs
[2025-11-09T07:20:04.631+0000] {logging_mixin.py:188} INFO - [2025-11-09T07:20:04.631+0000] {dag.py:3954} INFO - Setting next_dagrun for ml_pipeline_dag to 2024-12-01 00:00:00+00:00, run_after=2025-01-01 00:00:00+00:00
[2025-11-09T07:20:04.722+0000] {processor.py:183} INFO - Processing /opt/airflow/dags/ml_pipeline_dag.py took 0.333 seconds
[2025-11-09T07:23:21.070+0000] {processor.py:161} INFO - Started process (PID=3249) to work on /opt/airflow/dags/ml_pipeline_dag.py
[2025-11-09T07:23:21.072+0000] {processor.py:830} INFO - Processing file /opt/airflow/dags/ml_pipeline_dag.py for tasks to queue
[2025-11-09T07:23:21.077+0000] {logging_mixin.py:188} INFO - [2025-11-09T07:23:21.074+0000] {dagbag.py:545} INFO - Filling up the DagBag from /opt/airflow/dags/ml_pipeline_dag.py
[2025-11-09T07:23:21.112+0000] {processor.py:840} INFO - DAG(s) 'ml_pipeline_dag' retrieved from /opt/airflow/dags/ml_pipeline_dag.py
[2025-11-09T07:23:21.220+0000] {logging_mixin.py:188} INFO - [2025-11-09T07:23:21.219+0000] {dag.py:3096} INFO - Sync 1 DAGs
[2025-11-09T07:23:21.264+0000] {logging_mixin.py:188} INFO - [2025-11-09T07:23:21.264+0000] {dag.py:3954} INFO - Setting next_dagrun for ml_pipeline_dag to 2025-01-01 00:00:00+00:00, run_after=2025-02-01 00:00:00+00:00
[2025-11-09T07:23:21.292+0000] {processor.py:183} INFO - Processing /opt/airflow/dags/ml_pipeline_dag.py took 0.236 seconds
[2025-11-09T07:24:47.983+0000] {processor.py:161} INFO - Started process (PID=3738) to work on /opt/airflow/dags/ml_pipeline_dag.py
[2025-11-09T07:24:47.986+0000] {processor.py:830} INFO - Processing file /opt/airflow/dags/ml_pipeline_dag.py for tasks to queue
[2025-11-09T07:24:47.989+0000] {logging_mixin.py:188} INFO - [2025-11-09T07:24:47.987+0000] {dagbag.py:545} INFO - Filling up the DagBag from /opt/airflow/dags/ml_pipeline_dag.py
[2025-11-09T07:24:48.025+0000] {processor.py:840} INFO - DAG(s) 'ml_pipeline_dag' retrieved from /opt/airflow/dags/ml_pipeline_dag.py
[2025-11-09T07:24:48.102+0000] {logging_mixin.py:188} INFO - [2025-11-09T07:24:48.102+0000] {dag.py:3096} INFO - Sync 1 DAGs
[2025-11-09T07:24:48.136+0000] {logging_mixin.py:188} INFO - [2025-11-09T07:24:48.136+0000] {dag.py:3954} INFO - Setting next_dagrun for ml_pipeline_dag to 2025-02-01 00:00:00+00:00, run_after=2025-03-01 00:00:00+00:00
[2025-11-09T07:24:48.167+0000] {processor.py:183} INFO - Processing /opt/airflow/dags/ml_pipeline_dag.py took 0.203 seconds
[2025-11-09T07:26:06.566+0000] {processor.py:161} INFO - Started process (PID=4224) to work on /opt/airflow/dags/ml_pipeline_dag.py
[2025-11-09T07:26:06.567+0000] {processor.py:830} INFO - Processing file /opt/airflow/dags/ml_pipeline_dag.py for tasks to queue
[2025-11-09T07:26:06.571+0000] {logging_mixin.py:188} INFO - [2025-11-09T07:26:06.568+0000] {dagbag.py:545} INFO - Filling up the DagBag from /opt/airflow/dags/ml_pipeline_dag.py
[2025-11-09T07:26:06.593+0000] {processor.py:840} INFO - DAG(s) 'ml_pipeline_dag' retrieved from /opt/airflow/dags/ml_pipeline_dag.py
[2025-11-09T07:26:06.650+0000] {logging_mixin.py:188} INFO - [2025-11-09T07:26:06.650+0000] {dag.py:3096} INFO - Sync 1 DAGs
[2025-11-09T07:26:06.673+0000] {logging_mixin.py:188} INFO - [2025-11-09T07:26:06.673+0000] {dag.py:3954} INFO - Setting next_dagrun for ml_pipeline_dag to 2025-03-01 00:00:00+00:00, run_after=2025-04-01 00:00:00+00:00
[2025-11-09T07:26:06.690+0000] {processor.py:183} INFO - Processing /opt/airflow/dags/ml_pipeline_dag.py took 0.133 seconds
[2025-11-09T07:27:40.373+0000] {processor.py:161} INFO - Started process (PID=4711) to work on /opt/airflow/dags/ml_pipeline_dag.py
[2025-11-09T07:27:40.377+0000] {processor.py:830} INFO - Processing file /opt/airflow/dags/ml_pipeline_dag.py for tasks to queue
[2025-11-09T07:27:40.383+0000] {logging_mixin.py:188} INFO - [2025-11-09T07:27:40.379+0000] {dagbag.py:545} INFO - Filling up the DagBag from /opt/airflow/dags/ml_pipeline_dag.py
[2025-11-09T07:27:40.424+0000] {processor.py:840} INFO - DAG(s) 'ml_pipeline_dag' retrieved from /opt/airflow/dags/ml_pipeline_dag.py
[2025-11-09T07:27:40.544+0000] {logging_mixin.py:188} INFO - [2025-11-09T07:27:40.544+0000] {dag.py:3096} INFO - Sync 1 DAGs
[2025-11-09T07:27:40.581+0000] {logging_mixin.py:188} INFO - [2025-11-09T07:27:40.581+0000] {dag.py:3954} INFO - Setting next_dagrun for ml_pipeline_dag to 2025-04-01 00:00:00+00:00, run_after=2025-05-01 00:00:00+00:00
[2025-11-09T07:27:40.609+0000] {processor.py:183} INFO - Processing /opt/airflow/dags/ml_pipeline_dag.py took 0.257 seconds
[2025-11-09T07:30:05.364+0000] {processor.py:161} INFO - Started process (PID=5198) to work on /opt/airflow/dags/ml_pipeline_dag.py
[2025-11-09T07:30:05.366+0000] {processor.py:830} INFO - Processing file /opt/airflow/dags/ml_pipeline_dag.py for tasks to queue
[2025-11-09T07:30:05.373+0000] {logging_mixin.py:188} INFO - [2025-11-09T07:30:05.368+0000] {dagbag.py:545} INFO - Filling up the DagBag from /opt/airflow/dags/ml_pipeline_dag.py
[2025-11-09T07:30:05.424+0000] {processor.py:840} INFO - DAG(s) 'ml_pipeline_dag' retrieved from /opt/airflow/dags/ml_pipeline_dag.py
[2025-11-09T07:30:05.581+0000] {logging_mixin.py:188} INFO - [2025-11-09T07:30:05.581+0000] {dag.py:3096} INFO - Sync 1 DAGs
[2025-11-09T07:30:05.628+0000] {logging_mixin.py:188} INFO - [2025-11-09T07:30:05.628+0000] {dag.py:3954} INFO - Setting next_dagrun for ml_pipeline_dag to 2025-05-01 00:00:00+00:00, run_after=2025-06-01 00:00:00+00:00
[2025-11-09T07:30:05.665+0000] {processor.py:183} INFO - Processing /opt/airflow/dags/ml_pipeline_dag.py took 0.313 seconds
[2025-11-09T07:33:08.351+0000] {processor.py:161} INFO - Started process (PID=5688) to work on /opt/airflow/dags/ml_pipeline_dag.py
[2025-11-09T07:33:08.363+0000] {processor.py:830} INFO - Processing file /opt/airflow/dags/ml_pipeline_dag.py for tasks to queue
[2025-11-09T07:33:08.382+0000] {logging_mixin.py:188} INFO - [2025-11-09T07:33:08.369+0000] {dagbag.py:545} INFO - Filling up the DagBag from /opt/airflow/dags/ml_pipeline_dag.py
[2025-11-09T07:33:08.531+0000] {processor.py:840} INFO - DAG(s) 'ml_pipeline_dag' retrieved from /opt/airflow/dags/ml_pipeline_dag.py
[2025-11-09T07:33:08.750+0000] {logging_mixin.py:188} INFO - [2025-11-09T07:33:08.749+0000] {dag.py:3096} INFO - Sync 1 DAGs
[2025-11-09T07:33:08.821+0000] {logging_mixin.py:188} INFO - [2025-11-09T07:33:08.820+0000] {dag.py:3954} INFO - Setting next_dagrun for ml_pipeline_dag to 2025-06-01 00:00:00+00:00, run_after=2025-07-01 00:00:00+00:00
[2025-11-09T07:33:08.870+0000] {processor.py:183} INFO - Processing /opt/airflow/dags/ml_pipeline_dag.py took 0.563 seconds
[2025-11-09T07:34:58.057+0000] {processor.py:161} INFO - Started process (PID=6177) to work on /opt/airflow/dags/ml_pipeline_dag.py
[2025-11-09T07:34:58.074+0000] {processor.py:830} INFO - Processing file /opt/airflow/dags/ml_pipeline_dag.py for tasks to queue
[2025-11-09T07:34:58.091+0000] {logging_mixin.py:188} INFO - [2025-11-09T07:34:58.078+0000] {dagbag.py:545} INFO - Filling up the DagBag from /opt/airflow/dags/ml_pipeline_dag.py
[2025-11-09T07:34:58.238+0000] {processor.py:840} INFO - DAG(s) 'ml_pipeline_dag' retrieved from /opt/airflow/dags/ml_pipeline_dag.py
[2025-11-09T07:34:58.597+0000] {logging_mixin.py:188} INFO - [2025-11-09T07:34:58.596+0000] {dag.py:3096} INFO - Sync 1 DAGs
[2025-11-09T07:34:58.758+0000] {logging_mixin.py:188} INFO - [2025-11-09T07:34:58.758+0000] {dag.py:3954} INFO - Setting next_dagrun for ml_pipeline_dag to 2025-07-01 00:00:00+00:00, run_after=2025-08-01 00:00:00+00:00
[2025-11-09T07:34:58.964+0000] {processor.py:183} INFO - Processing /opt/airflow/dags/ml_pipeline_dag.py took 0.995 seconds
[2025-11-09T07:36:23.128+0000] {processor.py:161} INFO - Started process (PID=6667) to work on /opt/airflow/dags/ml_pipeline_dag.py
[2025-11-09T07:36:23.131+0000] {processor.py:830} INFO - Processing file /opt/airflow/dags/ml_pipeline_dag.py for tasks to queue
[2025-11-09T07:36:23.136+0000] {logging_mixin.py:188} INFO - [2025-11-09T07:36:23.134+0000] {dagbag.py:545} INFO - Filling up the DagBag from /opt/airflow/dags/ml_pipeline_dag.py
[2025-11-09T07:36:23.175+0000] {processor.py:840} INFO - DAG(s) 'ml_pipeline_dag' retrieved from /opt/airflow/dags/ml_pipeline_dag.py
[2025-11-09T07:36:23.293+0000] {logging_mixin.py:188} INFO - [2025-11-09T07:36:23.293+0000] {dag.py:3096} INFO - Sync 1 DAGs
[2025-11-09T07:36:23.328+0000] {logging_mixin.py:188} INFO - [2025-11-09T07:36:23.328+0000] {dag.py:3954} INFO - Setting next_dagrun for ml_pipeline_dag to 2025-08-01 00:00:00+00:00, run_after=2025-09-01 00:00:00+00:00
[2025-11-09T07:36:23.352+0000] {processor.py:183} INFO - Processing /opt/airflow/dags/ml_pipeline_dag.py took 0.247 seconds
[2025-11-09T07:37:52.153+0000] {processor.py:161} INFO - Started process (PID=7155) to work on /opt/airflow/dags/ml_pipeline_dag.py
[2025-11-09T07:37:52.155+0000] {processor.py:830} INFO - Processing file /opt/airflow/dags/ml_pipeline_dag.py for tasks to queue
[2025-11-09T07:37:52.162+0000] {logging_mixin.py:188} INFO - [2025-11-09T07:37:52.159+0000] {dagbag.py:545} INFO - Filling up the DagBag from /opt/airflow/dags/ml_pipeline_dag.py
[2025-11-09T07:37:52.198+0000] {processor.py:840} INFO - DAG(s) 'ml_pipeline_dag' retrieved from /opt/airflow/dags/ml_pipeline_dag.py
[2025-11-09T07:37:52.301+0000] {logging_mixin.py:188} INFO - [2025-11-09T07:37:52.301+0000] {dag.py:3096} INFO - Sync 1 DAGs
[2025-11-09T07:37:52.352+0000] {logging_mixin.py:188} INFO - [2025-11-09T07:37:52.352+0000] {dag.py:3954} INFO - Setting next_dagrun for ml_pipeline_dag to 2025-09-01 00:00:00+00:00, run_after=2025-10-01 00:00:00+00:00
[2025-11-09T07:37:52.430+0000] {processor.py:183} INFO - Processing /opt/airflow/dags/ml_pipeline_dag.py took 0.287 seconds
[2025-11-09T07:40:01.463+0000] {processor.py:161} INFO - Started process (PID=7618) to work on /opt/airflow/dags/ml_pipeline_dag.py
[2025-11-09T07:40:01.467+0000] {processor.py:830} INFO - Processing file /opt/airflow/dags/ml_pipeline_dag.py for tasks to queue
[2025-11-09T07:40:01.473+0000] {logging_mixin.py:188} INFO - [2025-11-09T07:40:01.469+0000] {dagbag.py:545} INFO - Filling up the DagBag from /opt/airflow/dags/ml_pipeline_dag.py
[2025-11-09T07:40:01.517+0000] {processor.py:840} INFO - DAG(s) 'ml_pipeline_dag' retrieved from /opt/airflow/dags/ml_pipeline_dag.py
[2025-11-09T07:40:01.565+0000] {logging_mixin.py:188} INFO - [2025-11-09T07:40:01.565+0000] {taskinstance.py:2907} ERROR - {'DAG Id': 'ml_pipeline_dag', 'Task Id': 'train_model', 'Run Id': 'scheduled__2025-06-01T00:00:00+00:00', 'Hostname': '43f902d7ce51'}
[2025-11-09T07:40:01.610+0000] {logging_mixin.py:188} INFO - [2025-11-09T07:40:01.610+0000] {taskinstance.py:1206} INFO - Marking task as UP_FOR_RETRY. dag_id=ml_pipeline_dag, task_id=train_model, run_id=scheduled__2025-06-01T00:00:00+00:00, execution_date=20250601T000000, start_date=20251109T073824, end_date=20251109T074001
[2025-11-09T07:40:01.634+0000] {processor.py:791} INFO - Executed failure callback for <TaskInstance: ml_pipeline_dag.train_model scheduled__2025-06-01T00:00:00+00:00 [up_for_retry]> in state up_for_retry
[2025-11-09T07:40:01.755+0000] {logging_mixin.py:188} INFO - [2025-11-09T07:40:01.755+0000] {dag.py:3096} INFO - Sync 1 DAGs
[2025-11-09T07:40:01.828+0000] {logging_mixin.py:188} INFO - [2025-11-09T07:40:01.827+0000] {dag.py:3954} INFO - Setting next_dagrun for ml_pipeline_dag to 2025-10-01 00:00:00+00:00, run_after=2025-11-01 00:00:00+00:00
[2025-11-09T07:40:01.918+0000] {processor.py:183} INFO - Processing /opt/airflow/dags/ml_pipeline_dag.py took 0.468 seconds
[2025-11-09T07:42:14.741+0000] {processor.py:161} INFO - Started process (PID=8045) to work on /opt/airflow/dags/ml_pipeline_dag.py
[2025-11-09T07:42:14.747+0000] {processor.py:830} INFO - Processing file /opt/airflow/dags/ml_pipeline_dag.py for tasks to queue
[2025-11-09T07:42:14.753+0000] {logging_mixin.py:188} INFO - [2025-11-09T07:42:14.749+0000] {dagbag.py:545} INFO - Filling up the DagBag from /opt/airflow/dags/ml_pipeline_dag.py
[2025-11-09T07:42:14.798+0000] {processor.py:840} INFO - DAG(s) 'ml_pipeline_dag' retrieved from /opt/airflow/dags/ml_pipeline_dag.py
[2025-11-09T07:42:14.860+0000] {logging_mixin.py:188} INFO - [2025-11-09T07:42:14.859+0000] {taskinstance.py:2907} ERROR - {'DAG Id': 'ml_pipeline_dag', 'Task Id': 'train_model', 'Run Id': 'scheduled__2025-07-01T00:00:00+00:00', 'Hostname': '43f902d7ce51'}
[2025-11-09T07:42:14.900+0000] {logging_mixin.py:188} INFO - [2025-11-09T07:42:14.900+0000] {taskinstance.py:1206} INFO - Marking task as UP_FOR_RETRY. dag_id=ml_pipeline_dag, task_id=train_model, run_id=scheduled__2025-07-01T00:00:00+00:00, execution_date=20250701T000000, start_date=20251109T074100, end_date=20251109T074214
[2025-11-09T07:42:14.916+0000] {processor.py:791} INFO - Executed failure callback for <TaskInstance: ml_pipeline_dag.train_model scheduled__2025-07-01T00:00:00+00:00 [up_for_retry]> in state up_for_retry
[2025-11-09T07:42:14.997+0000] {logging_mixin.py:188} INFO - [2025-11-09T07:42:14.997+0000] {dag.py:3096} INFO - Sync 1 DAGs
[2025-11-09T07:42:15.021+0000] {logging_mixin.py:188} INFO - [2025-11-09T07:42:15.021+0000] {dag.py:3954} INFO - Setting next_dagrun for ml_pipeline_dag to 2025-11-01 00:00:00+00:00, run_after=2025-12-01 00:00:00+00:00
[2025-11-09T07:42:15.040+0000] {processor.py:183} INFO - Processing /opt/airflow/dags/ml_pipeline_dag.py took 0.339 seconds
[2025-11-09T07:44:37.263+0000] {processor.py:161} INFO - Started process (PID=8411) to work on /opt/airflow/dags/ml_pipeline_dag.py
[2025-11-09T07:44:37.270+0000] {processor.py:830} INFO - Processing file /opt/airflow/dags/ml_pipeline_dag.py for tasks to queue
[2025-11-09T07:44:37.279+0000] {logging_mixin.py:188} INFO - [2025-11-09T07:44:37.274+0000] {dagbag.py:545} INFO - Filling up the DagBag from /opt/airflow/dags/ml_pipeline_dag.py
[2025-11-09T07:44:37.359+0000] {processor.py:840} INFO - DAG(s) 'ml_pipeline_dag' retrieved from /opt/airflow/dags/ml_pipeline_dag.py
[2025-11-09T07:44:37.478+0000] {logging_mixin.py:188} INFO - [2025-11-09T07:44:37.477+0000] {taskinstance.py:2907} ERROR - {'DAG Id': 'ml_pipeline_dag', 'Task Id': 'train_model', 'Run Id': 'scheduled__2025-08-01T00:00:00+00:00', 'Hostname': '43f902d7ce51'}
[2025-11-09T07:44:37.591+0000] {logging_mixin.py:188} INFO - [2025-11-09T07:44:37.590+0000] {taskinstance.py:1206} INFO - Marking task as UP_FOR_RETRY. dag_id=ml_pipeline_dag, task_id=train_model, run_id=scheduled__2025-08-01T00:00:00+00:00, execution_date=20250801T000000, start_date=20251109T074304, end_date=20251109T074437
[2025-11-09T07:44:37.676+0000] {processor.py:791} INFO - Executed failure callback for <TaskInstance: ml_pipeline_dag.train_model scheduled__2025-08-01T00:00:00+00:00 [up_for_retry]> in state up_for_retry
[2025-11-09T07:44:37.859+0000] {logging_mixin.py:188} INFO - [2025-11-09T07:44:37.859+0000] {dag.py:3096} INFO - Sync 1 DAGs
[2025-11-09T07:44:37.970+0000] {logging_mixin.py:188} INFO - [2025-11-09T07:44:37.969+0000] {dag.py:3954} INFO - Setting next_dagrun for ml_pipeline_dag to 2025-11-01 00:00:00+00:00, run_after=2025-12-01 00:00:00+00:00
[2025-11-09T07:44:38.071+0000] {processor.py:183} INFO - Processing /opt/airflow/dags/ml_pipeline_dag.py took 0.854 seconds
[2025-11-09T07:46:24.796+0000] {processor.py:161} INFO - Started process (PID=8597) to work on /opt/airflow/dags/ml_pipeline_dag.py
[2025-11-09T07:46:24.801+0000] {processor.py:830} INFO - Processing file /opt/airflow/dags/ml_pipeline_dag.py for tasks to queue
[2025-11-09T07:46:24.820+0000] {logging_mixin.py:188} INFO - [2025-11-09T07:46:24.807+0000] {dagbag.py:545} INFO - Filling up the DagBag from /opt/airflow/dags/ml_pipeline_dag.py
[2025-11-09T07:46:24.973+0000] {processor.py:840} INFO - DAG(s) 'ml_pipeline_dag' retrieved from /opt/airflow/dags/ml_pipeline_dag.py
[2025-11-09T07:46:25.087+0000] {logging_mixin.py:188} INFO - [2025-11-09T07:46:25.087+0000] {taskinstance.py:2907} ERROR - {'DAG Id': 'ml_pipeline_dag', 'Task Id': 'train_model', 'Run Id': 'scheduled__2025-09-01T00:00:00+00:00', 'Hostname': '43f902d7ce51'}
[2025-11-09T07:46:25.160+0000] {logging_mixin.py:188} INFO - [2025-11-09T07:46:25.160+0000] {taskinstance.py:1206} INFO - Marking task as UP_FOR_RETRY. dag_id=ml_pipeline_dag, task_id=train_model, run_id=scheduled__2025-09-01T00:00:00+00:00, execution_date=20250901T000000, start_date=20251109T074513, end_date=20251109T074625
[2025-11-09T07:46:25.212+0000] {processor.py:791} INFO - Executed failure callback for <TaskInstance: ml_pipeline_dag.train_model scheduled__2025-09-01T00:00:00+00:00 [up_for_retry]> in state up_for_retry
[2025-11-09T07:46:25.423+0000] {logging_mixin.py:188} INFO - [2025-11-09T07:46:25.423+0000] {dag.py:3096} INFO - Sync 1 DAGs
[2025-11-09T07:46:25.485+0000] {logging_mixin.py:188} INFO - [2025-11-09T07:46:25.484+0000] {dag.py:3954} INFO - Setting next_dagrun for ml_pipeline_dag to 2025-11-01 00:00:00+00:00, run_after=2025-12-01 00:00:00+00:00
[2025-11-09T07:46:25.554+0000] {processor.py:183} INFO - Processing /opt/airflow/dags/ml_pipeline_dag.py took 0.841 seconds
[2025-11-09T07:48:16.178+0000] {processor.py:161} INFO - Started process (PID=8676) to work on /opt/airflow/dags/ml_pipeline_dag.py
[2025-11-09T07:48:16.188+0000] {processor.py:830} INFO - Processing file /opt/airflow/dags/ml_pipeline_dag.py for tasks to queue
[2025-11-09T07:48:16.200+0000] {logging_mixin.py:188} INFO - [2025-11-09T07:48:16.193+0000] {dagbag.py:545} INFO - Filling up the DagBag from /opt/airflow/dags/ml_pipeline_dag.py
[2025-11-09T07:48:16.411+0000] {processor.py:840} INFO - DAG(s) 'ml_pipeline_dag' retrieved from /opt/airflow/dags/ml_pipeline_dag.py
[2025-11-09T07:48:16.608+0000] {logging_mixin.py:188} INFO - [2025-11-09T07:48:16.607+0000] {taskinstance.py:2907} ERROR - {'DAG Id': 'ml_pipeline_dag', 'Task Id': 'train_model', 'Run Id': 'scheduled__2025-06-01T00:00:00+00:00', 'Hostname': '43f902d7ce51'}
[2025-11-09T07:48:16.885+0000] {logging_mixin.py:188} INFO - [2025-11-09T07:48:16.884+0000] {taskinstance.py:1206} INFO - Marking task as FAILED. dag_id=ml_pipeline_dag, task_id=train_model, run_id=scheduled__2025-06-01T00:00:00+00:00, execution_date=20250601T000000, start_date=20251109T074629, end_date=20251109T074816
[2025-11-09T07:48:16.950+0000] {processor.py:791} INFO - Executed failure callback for <TaskInstance: ml_pipeline_dag.train_model scheduled__2025-06-01T00:00:00+00:00 [failed]> in state failed
[2025-11-09T07:48:17.191+0000] {logging_mixin.py:188} INFO - [2025-11-09T07:48:17.185+0000] {dag.py:3096} INFO - Sync 1 DAGs
[2025-11-09T07:48:17.266+0000] {logging_mixin.py:188} INFO - [2025-11-09T07:48:17.266+0000] {dag.py:3954} INFO - Setting next_dagrun for ml_pipeline_dag to 2025-11-01 00:00:00+00:00, run_after=2025-12-01 00:00:00+00:00
[2025-11-09T07:48:17.440+0000] {processor.py:183} INFO - Processing /opt/airflow/dags/ml_pipeline_dag.py took 1.406 seconds
[2025-11-09T07:48:19.256+0000] {processor.py:161} INFO - Started process (PID=8677) to work on /opt/airflow/dags/ml_pipeline_dag.py
[2025-11-09T07:48:19.268+0000] {processor.py:830} INFO - Processing file /opt/airflow/dags/ml_pipeline_dag.py for tasks to queue
[2025-11-09T07:48:19.290+0000] {logging_mixin.py:188} INFO - [2025-11-09T07:48:19.286+0000] {dagbag.py:545} INFO - Filling up the DagBag from /opt/airflow/dags/ml_pipeline_dag.py
[2025-11-09T07:48:19.389+0000] {processor.py:840} INFO - DAG(s) 'ml_pipeline_dag' retrieved from /opt/airflow/dags/ml_pipeline_dag.py
[2025-11-09T07:48:19.657+0000] {logging_mixin.py:188} INFO - [2025-11-09T07:48:19.655+0000] {taskinstance.py:2907} ERROR - {'DAG Id': 'ml_pipeline_dag', 'Task Id': 'train_model', 'Run Id': 'scheduled__2025-10-01T00:00:00+00:00', 'Hostname': '43f902d7ce51'}
[2025-11-09T07:48:19.840+0000] {logging_mixin.py:188} INFO - [2025-11-09T07:48:19.839+0000] {taskinstance.py:1206} INFO - Marking task as UP_FOR_RETRY. dag_id=ml_pipeline_dag, task_id=train_model, run_id=scheduled__2025-10-01T00:00:00+00:00, execution_date=20251001T000000, start_date=20251109T074710, end_date=20251109T074819
[2025-11-09T07:48:19.877+0000] {processor.py:791} INFO - Executed failure callback for <TaskInstance: ml_pipeline_dag.train_model scheduled__2025-10-01T00:00:00+00:00 [up_for_retry]> in state up_for_retry
[2025-11-09T07:48:20.091+0000] {logging_mixin.py:188} INFO - [2025-11-09T07:48:20.090+0000] {dag.py:3096} INFO - Sync 1 DAGs
[2025-11-09T07:48:20.170+0000] {logging_mixin.py:188} INFO - [2025-11-09T07:48:20.168+0000] {dag.py:3954} INFO - Setting next_dagrun for ml_pipeline_dag to 2025-11-01 00:00:00+00:00, run_after=2025-12-01 00:00:00+00:00
[2025-11-09T07:48:20.312+0000] {processor.py:183} INFO - Processing /opt/airflow/dags/ml_pipeline_dag.py took 1.278 seconds
[2025-11-09T07:49:42.644+0000] {processor.py:161} INFO - Started process (PID=8707) to work on /opt/airflow/dags/ml_pipeline_dag.py
[2025-11-09T07:49:42.655+0000] {processor.py:830} INFO - Processing file /opt/airflow/dags/ml_pipeline_dag.py for tasks to queue
[2025-11-09T07:49:42.663+0000] {logging_mixin.py:188} INFO - [2025-11-09T07:49:42.657+0000] {dagbag.py:545} INFO - Filling up the DagBag from /opt/airflow/dags/ml_pipeline_dag.py
[2025-11-09T07:49:42.803+0000] {processor.py:840} INFO - DAG(s) 'ml_pipeline_dag' retrieved from /opt/airflow/dags/ml_pipeline_dag.py
[2025-11-09T07:49:43.060+0000] {logging_mixin.py:188} INFO - [2025-11-09T07:49:43.058+0000] {taskinstance.py:2907} ERROR - {'DAG Id': 'ml_pipeline_dag', 'Task Id': 'train_model', 'Run Id': 'scheduled__2025-07-01T00:00:00+00:00', 'Hostname': '43f902d7ce51'}
[2025-11-09T07:49:43.405+0000] {logging_mixin.py:188} INFO - [2025-11-09T07:49:43.405+0000] {taskinstance.py:1206} INFO - Marking task as FAILED. dag_id=ml_pipeline_dag, task_id=train_model, run_id=scheduled__2025-07-01T00:00:00+00:00, execution_date=20250701T000000, start_date=20251109T074829, end_date=20251109T074943
[2025-11-09T07:49:43.468+0000] {processor.py:791} INFO - Executed failure callback for <TaskInstance: ml_pipeline_dag.train_model scheduled__2025-07-01T00:00:00+00:00 [failed]> in state failed
[2025-11-09T07:49:43.823+0000] {logging_mixin.py:188} INFO - [2025-11-09T07:49:43.816+0000] {dag.py:3096} INFO - Sync 1 DAGs
[2025-11-09T07:49:43.957+0000] {logging_mixin.py:188} INFO - [2025-11-09T07:49:43.957+0000] {dag.py:3954} INFO - Setting next_dagrun for ml_pipeline_dag to 2025-11-01 00:00:00+00:00, run_after=2025-12-01 00:00:00+00:00
[2025-11-09T07:49:44.120+0000] {processor.py:183} INFO - Processing /opt/airflow/dags/ml_pipeline_dag.py took 1.690 seconds
[2025-11-09T07:52:02.085+0000] {processor.py:161} INFO - Started process (PID=8786) to work on /opt/airflow/dags/ml_pipeline_dag.py
[2025-11-09T07:52:02.089+0000] {processor.py:830} INFO - Processing file /opt/airflow/dags/ml_pipeline_dag.py for tasks to queue
[2025-11-09T07:52:02.096+0000] {logging_mixin.py:188} INFO - [2025-11-09T07:52:02.092+0000] {dagbag.py:545} INFO - Filling up the DagBag from /opt/airflow/dags/ml_pipeline_dag.py
[2025-11-09T07:52:02.138+0000] {processor.py:840} INFO - DAG(s) 'ml_pipeline_dag' retrieved from /opt/airflow/dags/ml_pipeline_dag.py
[2025-11-09T07:52:02.419+0000] {logging_mixin.py:188} INFO - [2025-11-09T07:52:02.419+0000] {dag.py:3096} INFO - Sync 1 DAGs
[2025-11-09T07:52:02.493+0000] {logging_mixin.py:188} INFO - [2025-11-09T07:52:02.493+0000] {dag.py:3954} INFO - Setting next_dagrun for ml_pipeline_dag to 2025-11-01 00:00:00+00:00, run_after=2025-12-01 00:00:00+00:00
[2025-11-09T07:52:02.593+0000] {processor.py:183} INFO - Processing /opt/airflow/dags/ml_pipeline_dag.py took 0.559 seconds
[2025-11-09T07:52:38.514+0000] {processor.py:161} INFO - Started process (PID=8878) to work on /opt/airflow/dags/ml_pipeline_dag.py
[2025-11-09T07:52:38.517+0000] {processor.py:830} INFO - Processing file /opt/airflow/dags/ml_pipeline_dag.py for tasks to queue
[2025-11-09T07:52:38.523+0000] {logging_mixin.py:188} INFO - [2025-11-09T07:52:38.518+0000] {dagbag.py:545} INFO - Filling up the DagBag from /opt/airflow/dags/ml_pipeline_dag.py
[2025-11-09T07:52:38.556+0000] {processor.py:840} INFO - DAG(s) 'ml_pipeline_dag' retrieved from /opt/airflow/dags/ml_pipeline_dag.py
[2025-11-09T07:52:38.611+0000] {logging_mixin.py:188} INFO - [2025-11-09T07:52:38.610+0000] {taskinstance.py:2907} ERROR - {'DAG Id': 'ml_pipeline_dag', 'Task Id': 'train_model', 'Run Id': 'scheduled__2025-09-01T00:00:00+00:00', 'Hostname': '43f902d7ce51'}
[2025-11-09T07:52:38.656+0000] {logging_mixin.py:188} INFO - [2025-11-09T07:52:38.656+0000] {taskinstance.py:1206} INFO - Marking task as FAILED. dag_id=ml_pipeline_dag, task_id=train_model, run_id=scheduled__2025-09-01T00:00:00+00:00, execution_date=20250901T000000, start_date=20251109T075207, end_date=20251109T075238
[2025-11-09T07:52:38.671+0000] {processor.py:791} INFO - Executed failure callback for <TaskInstance: ml_pipeline_dag.train_model scheduled__2025-09-01T00:00:00+00:00 [failed]> in state failed
[2025-11-09T07:52:38.772+0000] {logging_mixin.py:188} INFO - [2025-11-09T07:52:38.771+0000] {dag.py:3096} INFO - Sync 1 DAGs
[2025-11-09T07:52:38.812+0000] {logging_mixin.py:188} INFO - [2025-11-09T07:52:38.812+0000] {dag.py:3954} INFO - Setting next_dagrun for ml_pipeline_dag to 2025-11-01 00:00:00+00:00, run_after=2025-12-01 00:00:00+00:00
[2025-11-09T07:52:38.861+0000] {processor.py:183} INFO - Processing /opt/airflow/dags/ml_pipeline_dag.py took 0.366 seconds
[2025-11-09T07:53:09.721+0000] {processor.py:161} INFO - Started process (PID=8904) to work on /opt/airflow/dags/ml_pipeline_dag.py
[2025-11-09T07:53:09.726+0000] {processor.py:830} INFO - Processing file /opt/airflow/dags/ml_pipeline_dag.py for tasks to queue
[2025-11-09T07:53:09.731+0000] {logging_mixin.py:188} INFO - [2025-11-09T07:53:09.728+0000] {dagbag.py:545} INFO - Filling up the DagBag from /opt/airflow/dags/ml_pipeline_dag.py
[2025-11-09T07:53:09.794+0000] {processor.py:840} INFO - DAG(s) 'ml_pipeline_dag' retrieved from /opt/airflow/dags/ml_pipeline_dag.py
[2025-11-09T07:53:09.945+0000] {logging_mixin.py:188} INFO - [2025-11-09T07:53:09.944+0000] {dag.py:3096} INFO - Sync 1 DAGs
[2025-11-09T07:53:09.982+0000] {logging_mixin.py:188} INFO - [2025-11-09T07:53:09.982+0000] {dag.py:3954} INFO - Setting next_dagrun for ml_pipeline_dag to 2025-11-01 00:00:00+00:00, run_after=2025-12-01 00:00:00+00:00
[2025-11-09T07:53:10.010+0000] {processor.py:183} INFO - Processing /opt/airflow/dags/ml_pipeline_dag.py took 0.325 seconds
[2025-11-09T07:53:28.784+0000] {processor.py:161} INFO - Started process (PID=8934) to work on /opt/airflow/dags/ml_pipeline_dag.py
[2025-11-09T07:53:28.787+0000] {processor.py:830} INFO - Processing file /opt/airflow/dags/ml_pipeline_dag.py for tasks to queue
[2025-11-09T07:53:28.790+0000] {logging_mixin.py:188} INFO - [2025-11-09T07:53:28.789+0000] {dagbag.py:545} INFO - Filling up the DagBag from /opt/airflow/dags/ml_pipeline_dag.py
[2025-11-09T07:53:28.821+0000] {processor.py:840} INFO - DAG(s) 'ml_pipeline_dag' retrieved from /opt/airflow/dags/ml_pipeline_dag.py
[2025-11-09T07:53:28.886+0000] {logging_mixin.py:188} INFO - [2025-11-09T07:53:28.885+0000] {taskinstance.py:2907} ERROR - {'DAG Id': 'ml_pipeline_dag', 'Task Id': 'train_model', 'Run Id': 'scheduled__2025-10-01T00:00:00+00:00', 'Hostname': '43f902d7ce51'}
[2025-11-09T07:53:28.917+0000] {logging_mixin.py:188} INFO - [2025-11-09T07:53:28.917+0000] {taskinstance.py:1206} INFO - Marking task as FAILED. dag_id=ml_pipeline_dag, task_id=train_model, run_id=scheduled__2025-10-01T00:00:00+00:00, execution_date=20251001T000000, start_date=20251109T075322, end_date=20251109T075328
[2025-11-09T07:53:28.940+0000] {processor.py:791} INFO - Executed failure callback for <TaskInstance: ml_pipeline_dag.train_model scheduled__2025-10-01T00:00:00+00:00 [failed]> in state failed
[2025-11-09T07:53:28.986+0000] {logging_mixin.py:188} INFO - [2025-11-09T07:53:28.986+0000] {dag.py:3096} INFO - Sync 1 DAGs
[2025-11-09T07:53:29.001+0000] {logging_mixin.py:188} INFO - [2025-11-09T07:53:29.000+0000] {dag.py:3954} INFO - Setting next_dagrun for ml_pipeline_dag to 2025-11-01 00:00:00+00:00, run_after=2025-12-01 00:00:00+00:00
[2025-11-09T07:53:29.013+0000] {processor.py:183} INFO - Processing /opt/airflow/dags/ml_pipeline_dag.py took 0.267 seconds
[2025-11-09T07:54:00.140+0000] {processor.py:161} INFO - Started process (PID=8935) to work on /opt/airflow/dags/ml_pipeline_dag.py
[2025-11-09T07:54:00.143+0000] {processor.py:830} INFO - Processing file /opt/airflow/dags/ml_pipeline_dag.py for tasks to queue
[2025-11-09T07:54:00.146+0000] {logging_mixin.py:188} INFO - [2025-11-09T07:54:00.144+0000] {dagbag.py:545} INFO - Filling up the DagBag from /opt/airflow/dags/ml_pipeline_dag.py
[2025-11-09T07:54:00.196+0000] {processor.py:840} INFO - DAG(s) 'ml_pipeline_dag' retrieved from /opt/airflow/dags/ml_pipeline_dag.py
[2025-11-09T07:54:00.330+0000] {logging_mixin.py:188} INFO - [2025-11-09T07:54:00.330+0000] {dag.py:3096} INFO - Sync 1 DAGs
[2025-11-09T07:54:00.372+0000] {logging_mixin.py:188} INFO - [2025-11-09T07:54:00.372+0000] {dag.py:3954} INFO - Setting next_dagrun for ml_pipeline_dag to 2025-11-01 00:00:00+00:00, run_after=2025-12-01 00:00:00+00:00
[2025-11-09T07:54:00.413+0000] {processor.py:183} INFO - Processing /opt/airflow/dags/ml_pipeline_dag.py took 0.327 seconds
[2025-11-09T07:54:31.338+0000] {processor.py:161} INFO - Started process (PID=8936) to work on /opt/airflow/dags/ml_pipeline_dag.py
[2025-11-09T07:54:31.342+0000] {processor.py:830} INFO - Processing file /opt/airflow/dags/ml_pipeline_dag.py for tasks to queue
[2025-11-09T07:54:31.345+0000] {logging_mixin.py:188} INFO - [2025-11-09T07:54:31.344+0000] {dagbag.py:545} INFO - Filling up the DagBag from /opt/airflow/dags/ml_pipeline_dag.py
[2025-11-09T07:54:31.368+0000] {processor.py:840} INFO - DAG(s) 'ml_pipeline_dag' retrieved from /opt/airflow/dags/ml_pipeline_dag.py
[2025-11-09T07:54:31.417+0000] {logging_mixin.py:188} INFO - [2025-11-09T07:54:31.417+0000] {dag.py:3096} INFO - Sync 1 DAGs
[2025-11-09T07:54:31.437+0000] {logging_mixin.py:188} INFO - [2025-11-09T07:54:31.437+0000] {dag.py:3954} INFO - Setting next_dagrun for ml_pipeline_dag to 2025-11-01 00:00:00+00:00, run_after=2025-12-01 00:00:00+00:00
[2025-11-09T07:54:31.455+0000] {processor.py:183} INFO - Processing /opt/airflow/dags/ml_pipeline_dag.py took 0.136 seconds
[2025-11-09T07:55:02.656+0000] {processor.py:161} INFO - Started process (PID=8937) to work on /opt/airflow/dags/ml_pipeline_dag.py
[2025-11-09T07:55:02.659+0000] {processor.py:830} INFO - Processing file /opt/airflow/dags/ml_pipeline_dag.py for tasks to queue
[2025-11-09T07:55:02.661+0000] {logging_mixin.py:188} INFO - [2025-11-09T07:55:02.660+0000] {dagbag.py:545} INFO - Filling up the DagBag from /opt/airflow/dags/ml_pipeline_dag.py
[2025-11-09T07:55:02.701+0000] {processor.py:840} INFO - DAG(s) 'ml_pipeline_dag' retrieved from /opt/airflow/dags/ml_pipeline_dag.py
[2025-11-09T07:55:02.827+0000] {logging_mixin.py:188} INFO - [2025-11-09T07:55:02.827+0000] {dag.py:3096} INFO - Sync 1 DAGs
[2025-11-09T07:55:02.873+0000] {logging_mixin.py:188} INFO - [2025-11-09T07:55:02.873+0000] {dag.py:3954} INFO - Setting next_dagrun for ml_pipeline_dag to 2025-11-01 00:00:00+00:00, run_after=2025-12-01 00:00:00+00:00
[2025-11-09T07:55:02.899+0000] {processor.py:183} INFO - Processing /opt/airflow/dags/ml_pipeline_dag.py took 0.287 seconds
[2025-11-09T07:55:33.140+0000] {processor.py:161} INFO - Started process (PID=8938) to work on /opt/airflow/dags/ml_pipeline_dag.py
[2025-11-09T07:55:33.142+0000] {processor.py:830} INFO - Processing file /opt/airflow/dags/ml_pipeline_dag.py for tasks to queue
[2025-11-09T07:55:33.145+0000] {logging_mixin.py:188} INFO - [2025-11-09T07:55:33.143+0000] {dagbag.py:545} INFO - Filling up the DagBag from /opt/airflow/dags/ml_pipeline_dag.py
[2025-11-09T07:55:33.167+0000] {processor.py:840} INFO - DAG(s) 'ml_pipeline_dag' retrieved from /opt/airflow/dags/ml_pipeline_dag.py
[2025-11-09T07:55:33.226+0000] {logging_mixin.py:188} INFO - [2025-11-09T07:55:33.226+0000] {dag.py:3096} INFO - Sync 1 DAGs
[2025-11-09T07:55:33.251+0000] {logging_mixin.py:188} INFO - [2025-11-09T07:55:33.251+0000] {dag.py:3954} INFO - Setting next_dagrun for ml_pipeline_dag to 2025-11-01 00:00:00+00:00, run_after=2025-12-01 00:00:00+00:00
[2025-11-09T07:55:33.271+0000] {processor.py:183} INFO - Processing /opt/airflow/dags/ml_pipeline_dag.py took 0.151 seconds
[2025-11-09T07:56:03.772+0000] {processor.py:161} INFO - Started process (PID=8939) to work on /opt/airflow/dags/ml_pipeline_dag.py
[2025-11-09T07:56:03.774+0000] {processor.py:830} INFO - Processing file /opt/airflow/dags/ml_pipeline_dag.py for tasks to queue
[2025-11-09T07:56:03.779+0000] {logging_mixin.py:188} INFO - [2025-11-09T07:56:03.775+0000] {dagbag.py:545} INFO - Filling up the DagBag from /opt/airflow/dags/ml_pipeline_dag.py
[2025-11-09T07:56:03.800+0000] {processor.py:840} INFO - DAG(s) 'ml_pipeline_dag' retrieved from /opt/airflow/dags/ml_pipeline_dag.py
[2025-11-09T07:56:03.931+0000] {logging_mixin.py:188} INFO - [2025-11-09T07:56:03.931+0000] {dag.py:3096} INFO - Sync 1 DAGs
[2025-11-09T07:56:03.990+0000] {logging_mixin.py:188} INFO - [2025-11-09T07:56:03.990+0000] {dag.py:3954} INFO - Setting next_dagrun for ml_pipeline_dag to 2025-11-01 00:00:00+00:00, run_after=2025-12-01 00:00:00+00:00
[2025-11-09T07:56:04.036+0000] {processor.py:183} INFO - Processing /opt/airflow/dags/ml_pipeline_dag.py took 0.286 seconds
[2025-11-09T07:56:35.060+0000] {processor.py:161} INFO - Started process (PID=8940) to work on /opt/airflow/dags/ml_pipeline_dag.py
[2025-11-09T07:56:35.062+0000] {processor.py:830} INFO - Processing file /opt/airflow/dags/ml_pipeline_dag.py for tasks to queue
[2025-11-09T07:56:35.064+0000] {logging_mixin.py:188} INFO - [2025-11-09T07:56:35.063+0000] {dagbag.py:545} INFO - Filling up the DagBag from /opt/airflow/dags/ml_pipeline_dag.py
[2025-11-09T07:56:35.083+0000] {processor.py:840} INFO - DAG(s) 'ml_pipeline_dag' retrieved from /opt/airflow/dags/ml_pipeline_dag.py
[2025-11-09T07:56:35.156+0000] {logging_mixin.py:188} INFO - [2025-11-09T07:56:35.156+0000] {dag.py:3096} INFO - Sync 1 DAGs
[2025-11-09T07:56:35.185+0000] {logging_mixin.py:188} INFO - [2025-11-09T07:56:35.184+0000] {dag.py:3954} INFO - Setting next_dagrun for ml_pipeline_dag to 2025-11-01 00:00:00+00:00, run_after=2025-12-01 00:00:00+00:00
[2025-11-09T07:56:35.206+0000] {processor.py:183} INFO - Processing /opt/airflow/dags/ml_pipeline_dag.py took 0.173 seconds
[2025-11-09T07:57:06.199+0000] {processor.py:161} INFO - Started process (PID=8941) to work on /opt/airflow/dags/ml_pipeline_dag.py
[2025-11-09T07:57:06.202+0000] {processor.py:830} INFO - Processing file /opt/airflow/dags/ml_pipeline_dag.py for tasks to queue
[2025-11-09T07:57:06.206+0000] {logging_mixin.py:188} INFO - [2025-11-09T07:57:06.204+0000] {dagbag.py:545} INFO - Filling up the DagBag from /opt/airflow/dags/ml_pipeline_dag.py
[2025-11-09T07:57:06.263+0000] {processor.py:840} INFO - DAG(s) 'ml_pipeline_dag' retrieved from /opt/airflow/dags/ml_pipeline_dag.py
[2025-11-09T07:57:06.377+0000] {logging_mixin.py:188} INFO - [2025-11-09T07:57:06.377+0000] {dag.py:3096} INFO - Sync 1 DAGs
[2025-11-09T07:57:06.432+0000] {logging_mixin.py:188} INFO - [2025-11-09T07:57:06.432+0000] {dag.py:3954} INFO - Setting next_dagrun for ml_pipeline_dag to 2025-11-01 00:00:00+00:00, run_after=2025-12-01 00:00:00+00:00
[2025-11-09T07:57:06.476+0000] {processor.py:183} INFO - Processing /opt/airflow/dags/ml_pipeline_dag.py took 0.314 seconds
[2025-11-09T07:57:37.172+0000] {processor.py:161} INFO - Started process (PID=8942) to work on /opt/airflow/dags/ml_pipeline_dag.py
[2025-11-09T07:57:37.181+0000] {processor.py:830} INFO - Processing file /opt/airflow/dags/ml_pipeline_dag.py for tasks to queue
[2025-11-09T07:57:37.184+0000] {logging_mixin.py:188} INFO - [2025-11-09T07:57:37.182+0000] {dagbag.py:545} INFO - Filling up the DagBag from /opt/airflow/dags/ml_pipeline_dag.py
[2025-11-09T07:57:37.223+0000] {processor.py:840} INFO - DAG(s) 'ml_pipeline_dag' retrieved from /opt/airflow/dags/ml_pipeline_dag.py
[2025-11-09T07:57:37.372+0000] {logging_mixin.py:188} INFO - [2025-11-09T07:57:37.371+0000] {dag.py:3096} INFO - Sync 1 DAGs
[2025-11-09T07:57:37.422+0000] {logging_mixin.py:188} INFO - [2025-11-09T07:57:37.422+0000] {dag.py:3954} INFO - Setting next_dagrun for ml_pipeline_dag to 2025-11-01 00:00:00+00:00, run_after=2025-12-01 00:00:00+00:00
[2025-11-09T07:57:37.458+0000] {processor.py:183} INFO - Processing /opt/airflow/dags/ml_pipeline_dag.py took 0.337 seconds
[2025-11-09T07:58:07.946+0000] {processor.py:161} INFO - Started process (PID=8943) to work on /opt/airflow/dags/ml_pipeline_dag.py
[2025-11-09T07:58:07.959+0000] {processor.py:830} INFO - Processing file /opt/airflow/dags/ml_pipeline_dag.py for tasks to queue
[2025-11-09T07:58:07.967+0000] {logging_mixin.py:188} INFO - [2025-11-09T07:58:07.963+0000] {dagbag.py:545} INFO - Filling up the DagBag from /opt/airflow/dags/ml_pipeline_dag.py
[2025-11-09T07:58:08.038+0000] {processor.py:840} INFO - DAG(s) 'ml_pipeline_dag' retrieved from /opt/airflow/dags/ml_pipeline_dag.py
[2025-11-09T07:58:08.326+0000] {logging_mixin.py:188} INFO - [2025-11-09T07:58:08.326+0000] {dag.py:3096} INFO - Sync 1 DAGs
[2025-11-09T07:58:08.519+0000] {logging_mixin.py:188} INFO - [2025-11-09T07:58:08.518+0000] {dag.py:3954} INFO - Setting next_dagrun for ml_pipeline_dag to 2025-11-01 00:00:00+00:00, run_after=2025-12-01 00:00:00+00:00
[2025-11-09T07:58:08.626+0000] {processor.py:183} INFO - Processing /opt/airflow/dags/ml_pipeline_dag.py took 0.741 seconds
[2025-11-09T07:58:39.277+0000] {processor.py:161} INFO - Started process (PID=8944) to work on /opt/airflow/dags/ml_pipeline_dag.py
[2025-11-09T07:58:39.281+0000] {processor.py:830} INFO - Processing file /opt/airflow/dags/ml_pipeline_dag.py for tasks to queue
[2025-11-09T07:58:39.284+0000] {logging_mixin.py:188} INFO - [2025-11-09T07:58:39.282+0000] {dagbag.py:545} INFO - Filling up the DagBag from /opt/airflow/dags/ml_pipeline_dag.py
[2025-11-09T07:58:39.317+0000] {processor.py:840} INFO - DAG(s) 'ml_pipeline_dag' retrieved from /opt/airflow/dags/ml_pipeline_dag.py
[2025-11-09T07:58:39.388+0000] {logging_mixin.py:188} INFO - [2025-11-09T07:58:39.387+0000] {dag.py:3096} INFO - Sync 1 DAGs
[2025-11-09T07:58:39.414+0000] {logging_mixin.py:188} INFO - [2025-11-09T07:58:39.414+0000] {dag.py:3954} INFO - Setting next_dagrun for ml_pipeline_dag to 2025-11-01 00:00:00+00:00, run_after=2025-12-01 00:00:00+00:00
[2025-11-09T07:58:39.436+0000] {processor.py:183} INFO - Processing /opt/airflow/dags/ml_pipeline_dag.py took 0.186 seconds
[2025-11-09T07:59:09.771+0000] {processor.py:161} INFO - Started process (PID=8945) to work on /opt/airflow/dags/ml_pipeline_dag.py
[2025-11-09T07:59:09.777+0000] {processor.py:830} INFO - Processing file /opt/airflow/dags/ml_pipeline_dag.py for tasks to queue
[2025-11-09T07:59:09.783+0000] {logging_mixin.py:188} INFO - [2025-11-09T07:59:09.782+0000] {dagbag.py:545} INFO - Filling up the DagBag from /opt/airflow/dags/ml_pipeline_dag.py
[2025-11-09T07:59:09.814+0000] {processor.py:840} INFO - DAG(s) 'ml_pipeline_dag' retrieved from /opt/airflow/dags/ml_pipeline_dag.py
[2025-11-09T07:59:09.899+0000] {logging_mixin.py:188} INFO - [2025-11-09T07:59:09.898+0000] {dag.py:3096} INFO - Sync 1 DAGs
[2025-11-09T07:59:09.971+0000] {logging_mixin.py:188} INFO - [2025-11-09T07:59:09.971+0000] {dag.py:3954} INFO - Setting next_dagrun for ml_pipeline_dag to 2025-11-01 00:00:00+00:00, run_after=2025-12-01 00:00:00+00:00
[2025-11-09T07:59:10.009+0000] {processor.py:183} INFO - Processing /opt/airflow/dags/ml_pipeline_dag.py took 0.284 seconds
[2025-11-09T07:59:40.896+0000] {processor.py:161} INFO - Started process (PID=8946) to work on /opt/airflow/dags/ml_pipeline_dag.py
[2025-11-09T07:59:40.904+0000] {processor.py:830} INFO - Processing file /opt/airflow/dags/ml_pipeline_dag.py for tasks to queue
[2025-11-09T07:59:40.906+0000] {logging_mixin.py:188} INFO - [2025-11-09T07:59:40.905+0000] {dagbag.py:545} INFO - Filling up the DagBag from /opt/airflow/dags/ml_pipeline_dag.py
[2025-11-09T07:59:40.955+0000] {processor.py:840} INFO - DAG(s) 'ml_pipeline_dag' retrieved from /opt/airflow/dags/ml_pipeline_dag.py
[2025-11-09T07:59:41.031+0000] {logging_mixin.py:188} INFO - [2025-11-09T07:59:41.031+0000] {dag.py:3096} INFO - Sync 1 DAGs
[2025-11-09T07:59:41.095+0000] {logging_mixin.py:188} INFO - [2025-11-09T07:59:41.094+0000] {dag.py:3954} INFO - Setting next_dagrun for ml_pipeline_dag to 2025-11-01 00:00:00+00:00, run_after=2025-12-01 00:00:00+00:00
[2025-11-09T07:59:41.152+0000] {processor.py:183} INFO - Processing /opt/airflow/dags/ml_pipeline_dag.py took 0.281 seconds
[2025-11-09T08:00:11.642+0000] {processor.py:161} INFO - Started process (PID=8947) to work on /opt/airflow/dags/ml_pipeline_dag.py
[2025-11-09T08:00:11.647+0000] {processor.py:830} INFO - Processing file /opt/airflow/dags/ml_pipeline_dag.py for tasks to queue
[2025-11-09T08:00:11.651+0000] {logging_mixin.py:188} INFO - [2025-11-09T08:00:11.649+0000] {dagbag.py:545} INFO - Filling up the DagBag from /opt/airflow/dags/ml_pipeline_dag.py
[2025-11-09T08:00:11.679+0000] {processor.py:840} INFO - DAG(s) 'ml_pipeline_dag' retrieved from /opt/airflow/dags/ml_pipeline_dag.py
[2025-11-09T08:00:11.752+0000] {logging_mixin.py:188} INFO - [2025-11-09T08:00:11.752+0000] {dag.py:3096} INFO - Sync 1 DAGs
[2025-11-09T08:00:11.783+0000] {logging_mixin.py:188} INFO - [2025-11-09T08:00:11.783+0000] {dag.py:3954} INFO - Setting next_dagrun for ml_pipeline_dag to 2025-11-01 00:00:00+00:00, run_after=2025-12-01 00:00:00+00:00
[2025-11-09T08:00:11.830+0000] {processor.py:183} INFO - Processing /opt/airflow/dags/ml_pipeline_dag.py took 0.218 seconds
[2025-11-09T08:00:42.259+0000] {processor.py:161} INFO - Started process (PID=8948) to work on /opt/airflow/dags/ml_pipeline_dag.py
[2025-11-09T08:00:42.271+0000] {processor.py:830} INFO - Processing file /opt/airflow/dags/ml_pipeline_dag.py for tasks to queue
[2025-11-09T08:00:42.274+0000] {logging_mixin.py:188} INFO - [2025-11-09T08:00:42.273+0000] {dagbag.py:545} INFO - Filling up the DagBag from /opt/airflow/dags/ml_pipeline_dag.py
[2025-11-09T08:00:42.293+0000] {processor.py:840} INFO - DAG(s) 'ml_pipeline_dag' retrieved from /opt/airflow/dags/ml_pipeline_dag.py
[2025-11-09T08:00:42.354+0000] {logging_mixin.py:188} INFO - [2025-11-09T08:00:42.354+0000] {dag.py:3096} INFO - Sync 1 DAGs
[2025-11-09T08:00:42.384+0000] {logging_mixin.py:188} INFO - [2025-11-09T08:00:42.384+0000] {dag.py:3954} INFO - Setting next_dagrun for ml_pipeline_dag to 2025-11-01 00:00:00+00:00, run_after=2025-12-01 00:00:00+00:00
[2025-11-09T08:00:42.427+0000] {processor.py:183} INFO - Processing /opt/airflow/dags/ml_pipeline_dag.py took 0.201 seconds
[2025-11-09T08:01:12.773+0000] {processor.py:161} INFO - Started process (PID=8949) to work on /opt/airflow/dags/ml_pipeline_dag.py
[2025-11-09T08:01:12.778+0000] {processor.py:830} INFO - Processing file /opt/airflow/dags/ml_pipeline_dag.py for tasks to queue
[2025-11-09T08:01:12.785+0000] {logging_mixin.py:188} INFO - [2025-11-09T08:01:12.782+0000] {dagbag.py:545} INFO - Filling up the DagBag from /opt/airflow/dags/ml_pipeline_dag.py
[2025-11-09T08:01:12.819+0000] {processor.py:840} INFO - DAG(s) 'ml_pipeline_dag' retrieved from /opt/airflow/dags/ml_pipeline_dag.py
[2025-11-09T08:01:12.889+0000] {logging_mixin.py:188} INFO - [2025-11-09T08:01:12.888+0000] {dag.py:3096} INFO - Sync 1 DAGs
[2025-11-09T08:01:12.929+0000] {logging_mixin.py:188} INFO - [2025-11-09T08:01:12.928+0000] {dag.py:3954} INFO - Setting next_dagrun for ml_pipeline_dag to 2025-11-01 00:00:00+00:00, run_after=2025-12-01 00:00:00+00:00
[2025-11-09T08:01:12.970+0000] {processor.py:183} INFO - Processing /opt/airflow/dags/ml_pipeline_dag.py took 0.233 seconds
[2025-11-09T08:01:43.315+0000] {processor.py:161} INFO - Started process (PID=8950) to work on /opt/airflow/dags/ml_pipeline_dag.py
[2025-11-09T08:01:43.317+0000] {processor.py:830} INFO - Processing file /opt/airflow/dags/ml_pipeline_dag.py for tasks to queue
[2025-11-09T08:01:43.322+0000] {logging_mixin.py:188} INFO - [2025-11-09T08:01:43.318+0000] {dagbag.py:545} INFO - Filling up the DagBag from /opt/airflow/dags/ml_pipeline_dag.py
[2025-11-09T08:01:43.349+0000] {processor.py:840} INFO - DAG(s) 'ml_pipeline_dag' retrieved from /opt/airflow/dags/ml_pipeline_dag.py
[2025-11-09T08:01:43.399+0000] {logging_mixin.py:188} INFO - [2025-11-09T08:01:43.399+0000] {dag.py:3096} INFO - Sync 1 DAGs
[2025-11-09T08:01:43.422+0000] {logging_mixin.py:188} INFO - [2025-11-09T08:01:43.422+0000] {dag.py:3954} INFO - Setting next_dagrun for ml_pipeline_dag to 2025-11-01 00:00:00+00:00, run_after=2025-12-01 00:00:00+00:00
[2025-11-09T08:01:43.439+0000] {processor.py:183} INFO - Processing /opt/airflow/dags/ml_pipeline_dag.py took 0.143 seconds
[2025-11-09T08:02:14.684+0000] {processor.py:161} INFO - Started process (PID=8951) to work on /opt/airflow/dags/ml_pipeline_dag.py
[2025-11-09T08:02:14.697+0000] {processor.py:830} INFO - Processing file /opt/airflow/dags/ml_pipeline_dag.py for tasks to queue
[2025-11-09T08:02:14.705+0000] {logging_mixin.py:188} INFO - [2025-11-09T08:02:14.701+0000] {dagbag.py:545} INFO - Filling up the DagBag from /opt/airflow/dags/ml_pipeline_dag.py
[2025-11-09T08:02:14.898+0000] {processor.py:840} INFO - DAG(s) 'ml_pipeline_dag' retrieved from /opt/airflow/dags/ml_pipeline_dag.py
[2025-11-09T08:02:15.645+0000] {logging_mixin.py:188} INFO - [2025-11-09T08:02:15.637+0000] {dag.py:3096} INFO - Sync 1 DAGs
[2025-11-09T08:02:16.028+0000] {logging_mixin.py:188} INFO - [2025-11-09T08:02:16.027+0000] {dag.py:3954} INFO - Setting next_dagrun for ml_pipeline_dag to 2025-11-01 00:00:00+00:00, run_after=2025-12-01 00:00:00+00:00
[2025-11-09T08:02:16.342+0000] {processor.py:183} INFO - Processing /opt/airflow/dags/ml_pipeline_dag.py took 2.095 seconds
[2025-11-09T08:02:55.703+0000] {processor.py:161} INFO - Started process (PID=8979) to work on /opt/airflow/dags/ml_pipeline_dag.py
[2025-11-09T08:02:55.706+0000] {processor.py:830} INFO - Processing file /opt/airflow/dags/ml_pipeline_dag.py for tasks to queue
[2025-11-09T08:02:55.709+0000] {logging_mixin.py:188} INFO - [2025-11-09T08:02:55.708+0000] {dagbag.py:545} INFO - Filling up the DagBag from /opt/airflow/dags/ml_pipeline_dag.py
[2025-11-09T08:02:55.760+0000] {processor.py:840} INFO - DAG(s) 'ml_pipeline_dag' retrieved from /opt/airflow/dags/ml_pipeline_dag.py
[2025-11-09T08:02:55.895+0000] {logging_mixin.py:188} INFO - [2025-11-09T08:02:55.894+0000] {dag.py:3096} INFO - Sync 1 DAGs
[2025-11-09T08:02:55.973+0000] {logging_mixin.py:188} INFO - [2025-11-09T08:02:55.972+0000] {dag.py:3954} INFO - Setting next_dagrun for ml_pipeline_dag to 2025-11-01 00:00:00+00:00, run_after=2025-12-01 00:00:00+00:00
[2025-11-09T08:02:56.006+0000] {processor.py:183} INFO - Processing /opt/airflow/dags/ml_pipeline_dag.py took 0.354 seconds
[2025-11-09T08:03:52.852+0000] {processor.py:161} INFO - Started process (PID=9375) to work on /opt/airflow/dags/ml_pipeline_dag.py
[2025-11-09T08:03:52.862+0000] {processor.py:830} INFO - Processing file /opt/airflow/dags/ml_pipeline_dag.py for tasks to queue
[2025-11-09T08:03:52.867+0000] {logging_mixin.py:188} INFO - [2025-11-09T08:03:52.864+0000] {dagbag.py:545} INFO - Filling up the DagBag from /opt/airflow/dags/ml_pipeline_dag.py
[2025-11-09T08:03:52.926+0000] {processor.py:840} INFO - DAG(s) 'ml_pipeline_dag' retrieved from /opt/airflow/dags/ml_pipeline_dag.py
[2025-11-09T08:03:53.042+0000] {logging_mixin.py:188} INFO - [2025-11-09T08:03:53.042+0000] {dag.py:3096} INFO - Sync 1 DAGs
[2025-11-09T08:03:53.080+0000] {logging_mixin.py:188} INFO - [2025-11-09T08:03:53.080+0000] {dag.py:3954} INFO - Setting next_dagrun for ml_pipeline_dag to 2025-11-01 00:00:00+00:00, run_after=2025-12-01 00:00:00+00:00
[2025-11-09T08:03:53.117+0000] {processor.py:183} INFO - Processing /opt/airflow/dags/ml_pipeline_dag.py took 0.307 seconds
[2025-11-09T08:04:23.962+0000] {processor.py:161} INFO - Started process (PID=9443) to work on /opt/airflow/dags/ml_pipeline_dag.py
[2025-11-09T08:04:23.966+0000] {processor.py:830} INFO - Processing file /opt/airflow/dags/ml_pipeline_dag.py for tasks to queue
[2025-11-09T08:04:23.969+0000] {logging_mixin.py:188} INFO - [2025-11-09T08:04:23.968+0000] {dagbag.py:545} INFO - Filling up the DagBag from /opt/airflow/dags/ml_pipeline_dag.py
[2025-11-09T08:04:24.009+0000] {processor.py:840} INFO - DAG(s) 'ml_pipeline_dag' retrieved from /opt/airflow/dags/ml_pipeline_dag.py
[2025-11-09T08:04:24.096+0000] {logging_mixin.py:188} INFO - [2025-11-09T08:04:24.096+0000] {dag.py:3096} INFO - Sync 1 DAGs
[2025-11-09T08:04:24.132+0000] {logging_mixin.py:188} INFO - [2025-11-09T08:04:24.132+0000] {dag.py:3954} INFO - Setting next_dagrun for ml_pipeline_dag to 2025-11-01 00:00:00+00:00, run_after=2025-12-01 00:00:00+00:00
[2025-11-09T08:04:24.152+0000] {processor.py:183} INFO - Processing /opt/airflow/dags/ml_pipeline_dag.py took 0.220 seconds
[2025-11-09T08:06:59.722+0000] {processor.py:161} INFO - Started process (PID=9512) to work on /opt/airflow/dags/ml_pipeline_dag.py
[2025-11-09T08:06:59.724+0000] {processor.py:830} INFO - Processing file /opt/airflow/dags/ml_pipeline_dag.py for tasks to queue
[2025-11-09T08:06:59.729+0000] {logging_mixin.py:188} INFO - [2025-11-09T08:06:59.725+0000] {dagbag.py:545} INFO - Filling up the DagBag from /opt/airflow/dags/ml_pipeline_dag.py
[2025-11-09T08:06:59.755+0000] {processor.py:840} INFO - DAG(s) 'ml_pipeline_dag' retrieved from /opt/airflow/dags/ml_pipeline_dag.py
[2025-11-09T08:06:59.797+0000] {logging_mixin.py:188} INFO - [2025-11-09T08:06:59.796+0000] {taskinstance.py:2907} ERROR - {'DAG Id': 'ml_pipeline_dag', 'Task Id': 'train_model', 'Run Id': 'scheduled__2025-07-01T00:00:00+00:00', 'Hostname': '43f902d7ce51'}
[2025-11-09T08:06:59.820+0000] {logging_mixin.py:188} INFO - [2025-11-09T08:06:59.820+0000] {taskinstance.py:1206} INFO - Marking task as UP_FOR_RETRY. dag_id=ml_pipeline_dag, task_id=train_model, run_id=scheduled__2025-07-01T00:00:00+00:00, execution_date=20250701T000000, start_date=20251109T080429, end_date=20251109T080659
[2025-11-09T08:06:59.834+0000] {processor.py:791} INFO - Executed failure callback for <TaskInstance: ml_pipeline_dag.train_model scheduled__2025-07-01T00:00:00+00:00 [up_for_retry]> in state up_for_retry
[2025-11-09T08:06:59.879+0000] {logging_mixin.py:188} INFO - [2025-11-09T08:06:59.879+0000] {dag.py:3096} INFO - Sync 1 DAGs
[2025-11-09T08:06:59.892+0000] {logging_mixin.py:188} INFO - [2025-11-09T08:06:59.892+0000] {dag.py:3954} INFO - Setting next_dagrun for ml_pipeline_dag to 2025-11-01 00:00:00+00:00, run_after=2025-12-01 00:00:00+00:00
[2025-11-09T08:06:59.904+0000] {processor.py:183} INFO - Processing /opt/airflow/dags/ml_pipeline_dag.py took 0.198 seconds
[2025-11-09T08:07:30.806+0000] {processor.py:161} INFO - Started process (PID=9513) to work on /opt/airflow/dags/ml_pipeline_dag.py
[2025-11-09T08:07:30.810+0000] {processor.py:830} INFO - Processing file /opt/airflow/dags/ml_pipeline_dag.py for tasks to queue
[2025-11-09T08:07:30.811+0000] {logging_mixin.py:188} INFO - [2025-11-09T08:07:30.811+0000] {dagbag.py:545} INFO - Filling up the DagBag from /opt/airflow/dags/ml_pipeline_dag.py
[2025-11-09T08:07:30.829+0000] {processor.py:840} INFO - DAG(s) 'ml_pipeline_dag' retrieved from /opt/airflow/dags/ml_pipeline_dag.py
[2025-11-09T08:07:30.873+0000] {logging_mixin.py:188} INFO - [2025-11-09T08:07:30.873+0000] {dag.py:3096} INFO - Sync 1 DAGs
[2025-11-09T08:07:30.901+0000] {logging_mixin.py:188} INFO - [2025-11-09T08:07:30.901+0000] {dag.py:3954} INFO - Setting next_dagrun for ml_pipeline_dag to 2025-11-01 00:00:00+00:00, run_after=2025-12-01 00:00:00+00:00
[2025-11-09T08:07:30.923+0000] {processor.py:183} INFO - Processing /opt/airflow/dags/ml_pipeline_dag.py took 0.135 seconds
[2025-11-09T08:08:01.460+0000] {processor.py:161} INFO - Started process (PID=9514) to work on /opt/airflow/dags/ml_pipeline_dag.py
[2025-11-09T08:08:01.462+0000] {processor.py:830} INFO - Processing file /opt/airflow/dags/ml_pipeline_dag.py for tasks to queue
[2025-11-09T08:08:01.465+0000] {logging_mixin.py:188} INFO - [2025-11-09T08:08:01.464+0000] {dagbag.py:545} INFO - Filling up the DagBag from /opt/airflow/dags/ml_pipeline_dag.py
[2025-11-09T08:08:01.488+0000] {processor.py:840} INFO - DAG(s) 'ml_pipeline_dag' retrieved from /opt/airflow/dags/ml_pipeline_dag.py
[2025-11-09T08:08:01.566+0000] {logging_mixin.py:188} INFO - [2025-11-09T08:08:01.566+0000] {dag.py:3096} INFO - Sync 1 DAGs
[2025-11-09T08:08:01.606+0000] {logging_mixin.py:188} INFO - [2025-11-09T08:08:01.605+0000] {dag.py:3954} INFO - Setting next_dagrun for ml_pipeline_dag to 2025-11-01 00:00:00+00:00, run_after=2025-12-01 00:00:00+00:00
[2025-11-09T08:08:01.632+0000] {processor.py:183} INFO - Processing /opt/airflow/dags/ml_pipeline_dag.py took 0.200 seconds
[2025-11-09T08:08:31.874+0000] {processor.py:161} INFO - Started process (PID=9515) to work on /opt/airflow/dags/ml_pipeline_dag.py
[2025-11-09T08:08:31.877+0000] {processor.py:830} INFO - Processing file /opt/airflow/dags/ml_pipeline_dag.py for tasks to queue
[2025-11-09T08:08:31.884+0000] {logging_mixin.py:188} INFO - [2025-11-09T08:08:31.878+0000] {dagbag.py:545} INFO - Filling up the DagBag from /opt/airflow/dags/ml_pipeline_dag.py
[2025-11-09T08:08:31.911+0000] {processor.py:840} INFO - DAG(s) 'ml_pipeline_dag' retrieved from /opt/airflow/dags/ml_pipeline_dag.py
[2025-11-09T08:08:31.983+0000] {logging_mixin.py:188} INFO - [2025-11-09T08:08:31.983+0000] {dag.py:3096} INFO - Sync 1 DAGs
[2025-11-09T08:08:32.010+0000] {logging_mixin.py:188} INFO - [2025-11-09T08:08:32.010+0000] {dag.py:3954} INFO - Setting next_dagrun for ml_pipeline_dag to 2025-11-01 00:00:00+00:00, run_after=2025-12-01 00:00:00+00:00
[2025-11-09T08:08:32.033+0000] {processor.py:183} INFO - Processing /opt/airflow/dags/ml_pipeline_dag.py took 0.184 seconds
[2025-11-09T08:09:02.308+0000] {processor.py:161} INFO - Started process (PID=9516) to work on /opt/airflow/dags/ml_pipeline_dag.py
[2025-11-09T08:09:02.312+0000] {processor.py:830} INFO - Processing file /opt/airflow/dags/ml_pipeline_dag.py for tasks to queue
[2025-11-09T08:09:02.317+0000] {logging_mixin.py:188} INFO - [2025-11-09T08:09:02.315+0000] {dagbag.py:545} INFO - Filling up the DagBag from /opt/airflow/dags/ml_pipeline_dag.py
[2025-11-09T08:09:02.339+0000] {processor.py:840} INFO - DAG(s) 'ml_pipeline_dag' retrieved from /opt/airflow/dags/ml_pipeline_dag.py
[2025-11-09T08:09:02.395+0000] {logging_mixin.py:188} INFO - [2025-11-09T08:09:02.395+0000] {dag.py:3096} INFO - Sync 1 DAGs
[2025-11-09T08:09:02.430+0000] {logging_mixin.py:188} INFO - [2025-11-09T08:09:02.430+0000] {dag.py:3954} INFO - Setting next_dagrun for ml_pipeline_dag to 2025-11-01 00:00:00+00:00, run_after=2025-12-01 00:00:00+00:00
[2025-11-09T08:09:02.475+0000] {processor.py:183} INFO - Processing /opt/airflow/dags/ml_pipeline_dag.py took 0.180 seconds
[2025-11-09T08:09:32.910+0000] {processor.py:161} INFO - Started process (PID=9517) to work on /opt/airflow/dags/ml_pipeline_dag.py
[2025-11-09T08:09:32.914+0000] {processor.py:830} INFO - Processing file /opt/airflow/dags/ml_pipeline_dag.py for tasks to queue
[2025-11-09T08:09:32.916+0000] {logging_mixin.py:188} INFO - [2025-11-09T08:09:32.915+0000] {dagbag.py:545} INFO - Filling up the DagBag from /opt/airflow/dags/ml_pipeline_dag.py
[2025-11-09T08:09:32.963+0000] {processor.py:840} INFO - DAG(s) 'ml_pipeline_dag' retrieved from /opt/airflow/dags/ml_pipeline_dag.py
[2025-11-09T08:09:33.076+0000] {logging_mixin.py:188} INFO - [2025-11-09T08:09:33.076+0000] {dag.py:3096} INFO - Sync 1 DAGs
[2025-11-09T08:09:33.106+0000] {logging_mixin.py:188} INFO - [2025-11-09T08:09:33.105+0000] {dag.py:3954} INFO - Setting next_dagrun for ml_pipeline_dag to 2025-11-01 00:00:00+00:00, run_after=2025-12-01 00:00:00+00:00
[2025-11-09T08:09:33.133+0000] {processor.py:183} INFO - Processing /opt/airflow/dags/ml_pipeline_dag.py took 0.252 seconds
[2025-11-09T08:10:03.451+0000] {processor.py:161} INFO - Started process (PID=9518) to work on /opt/airflow/dags/ml_pipeline_dag.py
[2025-11-09T08:10:03.453+0000] {processor.py:830} INFO - Processing file /opt/airflow/dags/ml_pipeline_dag.py for tasks to queue
[2025-11-09T08:10:03.455+0000] {logging_mixin.py:188} INFO - [2025-11-09T08:10:03.454+0000] {dagbag.py:545} INFO - Filling up the DagBag from /opt/airflow/dags/ml_pipeline_dag.py
[2025-11-09T08:10:03.477+0000] {processor.py:840} INFO - DAG(s) 'ml_pipeline_dag' retrieved from /opt/airflow/dags/ml_pipeline_dag.py
[2025-11-09T08:10:03.572+0000] {logging_mixin.py:188} INFO - [2025-11-09T08:10:03.572+0000] {dag.py:3096} INFO - Sync 1 DAGs
[2025-11-09T08:10:03.615+0000] {logging_mixin.py:188} INFO - [2025-11-09T08:10:03.615+0000] {dag.py:3954} INFO - Setting next_dagrun for ml_pipeline_dag to 2025-11-01 00:00:00+00:00, run_after=2025-12-01 00:00:00+00:00
[2025-11-09T08:10:03.661+0000] {processor.py:183} INFO - Processing /opt/airflow/dags/ml_pipeline_dag.py took 0.231 seconds
[2025-11-09T08:10:33.965+0000] {processor.py:161} INFO - Started process (PID=9519) to work on /opt/airflow/dags/ml_pipeline_dag.py
[2025-11-09T08:10:33.983+0000] {processor.py:830} INFO - Processing file /opt/airflow/dags/ml_pipeline_dag.py for tasks to queue
[2025-11-09T08:10:33.996+0000] {logging_mixin.py:188} INFO - [2025-11-09T08:10:33.991+0000] {dagbag.py:545} INFO - Filling up the DagBag from /opt/airflow/dags/ml_pipeline_dag.py
[2025-11-09T08:10:34.089+0000] {processor.py:840} INFO - DAG(s) 'ml_pipeline_dag' retrieved from /opt/airflow/dags/ml_pipeline_dag.py
[2025-11-09T08:10:34.320+0000] {logging_mixin.py:188} INFO - [2025-11-09T08:10:34.320+0000] {dag.py:3096} INFO - Sync 1 DAGs
[2025-11-09T08:10:34.426+0000] {logging_mixin.py:188} INFO - [2025-11-09T08:10:34.425+0000] {dag.py:3954} INFO - Setting next_dagrun for ml_pipeline_dag to 2025-11-01 00:00:00+00:00, run_after=2025-12-01 00:00:00+00:00
[2025-11-09T08:10:34.474+0000] {processor.py:183} INFO - Processing /opt/airflow/dags/ml_pipeline_dag.py took 0.572 seconds
[2025-11-09T08:11:05.411+0000] {processor.py:161} INFO - Started process (PID=9520) to work on /opt/airflow/dags/ml_pipeline_dag.py
[2025-11-09T08:11:05.413+0000] {processor.py:830} INFO - Processing file /opt/airflow/dags/ml_pipeline_dag.py for tasks to queue
[2025-11-09T08:11:05.415+0000] {logging_mixin.py:188} INFO - [2025-11-09T08:11:05.414+0000] {dagbag.py:545} INFO - Filling up the DagBag from /opt/airflow/dags/ml_pipeline_dag.py
[2025-11-09T08:11:05.437+0000] {processor.py:840} INFO - DAG(s) 'ml_pipeline_dag' retrieved from /opt/airflow/dags/ml_pipeline_dag.py
[2025-11-09T08:11:05.489+0000] {logging_mixin.py:188} INFO - [2025-11-09T08:11:05.489+0000] {dag.py:3096} INFO - Sync 1 DAGs
[2025-11-09T08:11:05.514+0000] {logging_mixin.py:188} INFO - [2025-11-09T08:11:05.514+0000] {dag.py:3954} INFO - Setting next_dagrun for ml_pipeline_dag to 2025-11-01 00:00:00+00:00, run_after=2025-12-01 00:00:00+00:00
[2025-11-09T08:11:05.535+0000] {processor.py:183} INFO - Processing /opt/airflow/dags/ml_pipeline_dag.py took 0.141 seconds
[2025-11-09T08:11:35.918+0000] {processor.py:161} INFO - Started process (PID=9521) to work on /opt/airflow/dags/ml_pipeline_dag.py
[2025-11-09T08:11:35.922+0000] {processor.py:830} INFO - Processing file /opt/airflow/dags/ml_pipeline_dag.py for tasks to queue
[2025-11-09T08:11:35.927+0000] {logging_mixin.py:188} INFO - [2025-11-09T08:11:35.923+0000] {dagbag.py:545} INFO - Filling up the DagBag from /opt/airflow/dags/ml_pipeline_dag.py
[2025-11-09T08:11:35.966+0000] {processor.py:840} INFO - DAG(s) 'ml_pipeline_dag' retrieved from /opt/airflow/dags/ml_pipeline_dag.py
[2025-11-09T08:11:36.073+0000] {logging_mixin.py:188} INFO - [2025-11-09T08:11:36.072+0000] {dag.py:3096} INFO - Sync 1 DAGs
[2025-11-09T08:11:36.110+0000] {logging_mixin.py:188} INFO - [2025-11-09T08:11:36.110+0000] {dag.py:3954} INFO - Setting next_dagrun for ml_pipeline_dag to 2025-11-01 00:00:00+00:00, run_after=2025-12-01 00:00:00+00:00
[2025-11-09T08:11:36.140+0000] {processor.py:183} INFO - Processing /opt/airflow/dags/ml_pipeline_dag.py took 0.259 seconds
[2025-11-09T08:12:37.270+0000] {processor.py:161} INFO - Started process (PID=9600) to work on /opt/airflow/dags/ml_pipeline_dag.py
[2025-11-09T08:12:37.273+0000] {processor.py:830} INFO - Processing file /opt/airflow/dags/ml_pipeline_dag.py for tasks to queue
[2025-11-09T08:12:37.280+0000] {logging_mixin.py:188} INFO - [2025-11-09T08:12:37.275+0000] {dagbag.py:545} INFO - Filling up the DagBag from /opt/airflow/dags/ml_pipeline_dag.py
[2025-11-09T08:12:37.306+0000] {processor.py:840} INFO - DAG(s) 'ml_pipeline_dag' retrieved from /opt/airflow/dags/ml_pipeline_dag.py
[2025-11-09T08:12:37.425+0000] {logging_mixin.py:188} INFO - [2025-11-09T08:12:37.425+0000] {dag.py:3096} INFO - Sync 1 DAGs
[2025-11-09T08:12:37.466+0000] {logging_mixin.py:188} INFO - [2025-11-09T08:12:37.466+0000] {dag.py:3954} INFO - Setting next_dagrun for ml_pipeline_dag to 2025-11-01 00:00:00+00:00, run_after=2025-12-01 00:00:00+00:00
[2025-11-09T08:12:37.493+0000] {processor.py:183} INFO - Processing /opt/airflow/dags/ml_pipeline_dag.py took 0.250 seconds
[2025-11-09T08:13:08.368+0000] {processor.py:161} INFO - Started process (PID=9669) to work on /opt/airflow/dags/ml_pipeline_dag.py
[2025-11-09T08:13:08.372+0000] {processor.py:830} INFO - Processing file /opt/airflow/dags/ml_pipeline_dag.py for tasks to queue
[2025-11-09T08:13:08.377+0000] {logging_mixin.py:188} INFO - [2025-11-09T08:13:08.374+0000] {dagbag.py:545} INFO - Filling up the DagBag from /opt/airflow/dags/ml_pipeline_dag.py
[2025-11-09T08:13:08.411+0000] {processor.py:840} INFO - DAG(s) 'ml_pipeline_dag' retrieved from /opt/airflow/dags/ml_pipeline_dag.py
[2025-11-09T08:13:08.474+0000] {logging_mixin.py:188} INFO - [2025-11-09T08:13:08.473+0000] {dag.py:3096} INFO - Sync 1 DAGs
[2025-11-09T08:13:08.501+0000] {logging_mixin.py:188} INFO - [2025-11-09T08:13:08.501+0000] {dag.py:3954} INFO - Setting next_dagrun for ml_pipeline_dag to 2025-11-01 00:00:00+00:00, run_after=2025-12-01 00:00:00+00:00
[2025-11-09T08:13:08.529+0000] {processor.py:183} INFO - Processing /opt/airflow/dags/ml_pipeline_dag.py took 0.187 seconds
[2025-11-09T08:13:39.498+0000] {processor.py:161} INFO - Started process (PID=9670) to work on /opt/airflow/dags/ml_pipeline_dag.py
[2025-11-09T08:13:39.501+0000] {processor.py:830} INFO - Processing file /opt/airflow/dags/ml_pipeline_dag.py for tasks to queue
[2025-11-09T08:13:39.503+0000] {logging_mixin.py:188} INFO - [2025-11-09T08:13:39.502+0000] {dagbag.py:545} INFO - Filling up the DagBag from /opt/airflow/dags/ml_pipeline_dag.py
[2025-11-09T08:13:39.521+0000] {processor.py:840} INFO - DAG(s) 'ml_pipeline_dag' retrieved from /opt/airflow/dags/ml_pipeline_dag.py
[2025-11-09T08:13:39.566+0000] {logging_mixin.py:188} INFO - [2025-11-09T08:13:39.566+0000] {dag.py:3096} INFO - Sync 1 DAGs
[2025-11-09T08:13:39.591+0000] {logging_mixin.py:188} INFO - [2025-11-09T08:13:39.591+0000] {dag.py:3954} INFO - Setting next_dagrun for ml_pipeline_dag to 2025-11-01 00:00:00+00:00, run_after=2025-12-01 00:00:00+00:00
[2025-11-09T08:13:39.625+0000] {processor.py:183} INFO - Processing /opt/airflow/dags/ml_pipeline_dag.py took 0.144 seconds
[2025-11-09T08:14:10.334+0000] {processor.py:161} INFO - Started process (PID=9671) to work on /opt/airflow/dags/ml_pipeline_dag.py
[2025-11-09T08:14:10.336+0000] {processor.py:830} INFO - Processing file /opt/airflow/dags/ml_pipeline_dag.py for tasks to queue
[2025-11-09T08:14:10.338+0000] {logging_mixin.py:188} INFO - [2025-11-09T08:14:10.337+0000] {dagbag.py:545} INFO - Filling up the DagBag from /opt/airflow/dags/ml_pipeline_dag.py
[2025-11-09T08:14:10.361+0000] {processor.py:840} INFO - DAG(s) 'ml_pipeline_dag' retrieved from /opt/airflow/dags/ml_pipeline_dag.py
[2025-11-09T08:14:10.409+0000] {logging_mixin.py:188} INFO - [2025-11-09T08:14:10.409+0000] {dag.py:3096} INFO - Sync 1 DAGs
[2025-11-09T08:14:10.434+0000] {logging_mixin.py:188} INFO - [2025-11-09T08:14:10.434+0000] {dag.py:3954} INFO - Setting next_dagrun for ml_pipeline_dag to 2025-11-01 00:00:00+00:00, run_after=2025-12-01 00:00:00+00:00
[2025-11-09T08:14:10.460+0000] {processor.py:183} INFO - Processing /opt/airflow/dags/ml_pipeline_dag.py took 0.142 seconds
[2025-11-09T08:14:40.697+0000] {processor.py:161} INFO - Started process (PID=9672) to work on /opt/airflow/dags/ml_pipeline_dag.py
[2025-11-09T08:14:40.699+0000] {processor.py:830} INFO - Processing file /opt/airflow/dags/ml_pipeline_dag.py for tasks to queue
[2025-11-09T08:14:40.701+0000] {logging_mixin.py:188} INFO - [2025-11-09T08:14:40.700+0000] {dagbag.py:545} INFO - Filling up the DagBag from /opt/airflow/dags/ml_pipeline_dag.py
[2025-11-09T08:14:40.728+0000] {processor.py:840} INFO - DAG(s) 'ml_pipeline_dag' retrieved from /opt/airflow/dags/ml_pipeline_dag.py
[2025-11-09T08:14:40.862+0000] {logging_mixin.py:188} INFO - [2025-11-09T08:14:40.862+0000] {dag.py:3096} INFO - Sync 1 DAGs
[2025-11-09T08:14:40.885+0000] {logging_mixin.py:188} INFO - [2025-11-09T08:14:40.884+0000] {dag.py:3954} INFO - Setting next_dagrun for ml_pipeline_dag to 2025-11-01 00:00:00+00:00, run_after=2025-12-01 00:00:00+00:00
[2025-11-09T08:14:40.904+0000] {processor.py:183} INFO - Processing /opt/airflow/dags/ml_pipeline_dag.py took 0.218 seconds
[2025-11-09T08:15:11.217+0000] {processor.py:161} INFO - Started process (PID=9673) to work on /opt/airflow/dags/ml_pipeline_dag.py
[2025-11-09T08:15:11.220+0000] {processor.py:830} INFO - Processing file /opt/airflow/dags/ml_pipeline_dag.py for tasks to queue
[2025-11-09T08:15:11.223+0000] {logging_mixin.py:188} INFO - [2025-11-09T08:15:11.221+0000] {dagbag.py:545} INFO - Filling up the DagBag from /opt/airflow/dags/ml_pipeline_dag.py
[2025-11-09T08:15:11.249+0000] {processor.py:840} INFO - DAG(s) 'ml_pipeline_dag' retrieved from /opt/airflow/dags/ml_pipeline_dag.py
[2025-11-09T08:15:11.366+0000] {logging_mixin.py:188} INFO - [2025-11-09T08:15:11.366+0000] {dag.py:3096} INFO - Sync 1 DAGs
[2025-11-09T08:15:11.407+0000] {logging_mixin.py:188} INFO - [2025-11-09T08:15:11.407+0000] {dag.py:3954} INFO - Setting next_dagrun for ml_pipeline_dag to 2025-11-01 00:00:00+00:00, run_after=2025-12-01 00:00:00+00:00
[2025-11-09T08:15:11.447+0000] {processor.py:183} INFO - Processing /opt/airflow/dags/ml_pipeline_dag.py took 0.257 seconds
[2025-11-09T08:15:41.738+0000] {processor.py:161} INFO - Started process (PID=9674) to work on /opt/airflow/dags/ml_pipeline_dag.py
[2025-11-09T08:15:41.739+0000] {processor.py:830} INFO - Processing file /opt/airflow/dags/ml_pipeline_dag.py for tasks to queue
[2025-11-09T08:15:41.741+0000] {logging_mixin.py:188} INFO - [2025-11-09T08:15:41.740+0000] {dagbag.py:545} INFO - Filling up the DagBag from /opt/airflow/dags/ml_pipeline_dag.py
[2025-11-09T08:15:41.754+0000] {processor.py:840} INFO - DAG(s) 'ml_pipeline_dag' retrieved from /opt/airflow/dags/ml_pipeline_dag.py
[2025-11-09T08:15:41.803+0000] {logging_mixin.py:188} INFO - [2025-11-09T08:15:41.803+0000] {dag.py:3096} INFO - Sync 1 DAGs
[2025-11-09T08:15:41.827+0000] {logging_mixin.py:188} INFO - [2025-11-09T08:15:41.827+0000] {dag.py:3954} INFO - Setting next_dagrun for ml_pipeline_dag to 2025-11-01 00:00:00+00:00, run_after=2025-12-01 00:00:00+00:00
[2025-11-09T08:15:41.846+0000] {processor.py:183} INFO - Processing /opt/airflow/dags/ml_pipeline_dag.py took 0.122 seconds
[2025-11-09T08:16:12.167+0000] {processor.py:161} INFO - Started process (PID=9675) to work on /opt/airflow/dags/ml_pipeline_dag.py
[2025-11-09T08:16:12.171+0000] {processor.py:830} INFO - Processing file /opt/airflow/dags/ml_pipeline_dag.py for tasks to queue
[2025-11-09T08:16:12.173+0000] {logging_mixin.py:188} INFO - [2025-11-09T08:16:12.172+0000] {dagbag.py:545} INFO - Filling up the DagBag from /opt/airflow/dags/ml_pipeline_dag.py
[2025-11-09T08:16:12.189+0000] {processor.py:840} INFO - DAG(s) 'ml_pipeline_dag' retrieved from /opt/airflow/dags/ml_pipeline_dag.py
[2025-11-09T08:16:12.261+0000] {logging_mixin.py:188} INFO - [2025-11-09T08:16:12.261+0000] {dag.py:3096} INFO - Sync 1 DAGs
[2025-11-09T08:16:12.342+0000] {logging_mixin.py:188} INFO - [2025-11-09T08:16:12.342+0000] {dag.py:3954} INFO - Setting next_dagrun for ml_pipeline_dag to 2025-11-01 00:00:00+00:00, run_after=2025-12-01 00:00:00+00:00
[2025-11-09T08:16:12.394+0000] {processor.py:183} INFO - Processing /opt/airflow/dags/ml_pipeline_dag.py took 0.281 seconds
[2025-11-09T08:16:42.766+0000] {processor.py:161} INFO - Started process (PID=9676) to work on /opt/airflow/dags/ml_pipeline_dag.py
[2025-11-09T08:16:42.770+0000] {processor.py:830} INFO - Processing file /opt/airflow/dags/ml_pipeline_dag.py for tasks to queue
[2025-11-09T08:16:42.774+0000] {logging_mixin.py:188} INFO - [2025-11-09T08:16:42.772+0000] {dagbag.py:545} INFO - Filling up the DagBag from /opt/airflow/dags/ml_pipeline_dag.py
[2025-11-09T08:16:42.799+0000] {processor.py:840} INFO - DAG(s) 'ml_pipeline_dag' retrieved from /opt/airflow/dags/ml_pipeline_dag.py
[2025-11-09T08:16:42.949+0000] {logging_mixin.py:188} INFO - [2025-11-09T08:16:42.949+0000] {dag.py:3096} INFO - Sync 1 DAGs
[2025-11-09T08:16:43.025+0000] {logging_mixin.py:188} INFO - [2025-11-09T08:16:43.024+0000] {dag.py:3954} INFO - Setting next_dagrun for ml_pipeline_dag to 2025-11-01 00:00:00+00:00, run_after=2025-12-01 00:00:00+00:00
[2025-11-09T08:16:43.053+0000] {processor.py:183} INFO - Processing /opt/airflow/dags/ml_pipeline_dag.py took 0.318 seconds
[2025-11-09T08:17:13.454+0000] {processor.py:161} INFO - Started process (PID=9677) to work on /opt/airflow/dags/ml_pipeline_dag.py
[2025-11-09T08:17:13.459+0000] {processor.py:830} INFO - Processing file /opt/airflow/dags/ml_pipeline_dag.py for tasks to queue
[2025-11-09T08:17:13.463+0000] {logging_mixin.py:188} INFO - [2025-11-09T08:17:13.461+0000] {dagbag.py:545} INFO - Filling up the DagBag from /opt/airflow/dags/ml_pipeline_dag.py
[2025-11-09T08:17:13.486+0000] {processor.py:840} INFO - DAG(s) 'ml_pipeline_dag' retrieved from /opt/airflow/dags/ml_pipeline_dag.py
[2025-11-09T08:17:13.559+0000] {logging_mixin.py:188} INFO - [2025-11-09T08:17:13.559+0000] {dag.py:3096} INFO - Sync 1 DAGs
[2025-11-09T08:17:13.592+0000] {logging_mixin.py:188} INFO - [2025-11-09T08:17:13.591+0000] {dag.py:3954} INFO - Setting next_dagrun for ml_pipeline_dag to 2025-11-01 00:00:00+00:00, run_after=2025-12-01 00:00:00+00:00
[2025-11-09T08:17:13.619+0000] {processor.py:183} INFO - Processing /opt/airflow/dags/ml_pipeline_dag.py took 0.205 seconds
[2025-11-09T08:17:44.019+0000] {processor.py:161} INFO - Started process (PID=9678) to work on /opt/airflow/dags/ml_pipeline_dag.py
[2025-11-09T08:17:44.021+0000] {processor.py:830} INFO - Processing file /opt/airflow/dags/ml_pipeline_dag.py for tasks to queue
[2025-11-09T08:17:44.023+0000] {logging_mixin.py:188} INFO - [2025-11-09T08:17:44.022+0000] {dagbag.py:545} INFO - Filling up the DagBag from /opt/airflow/dags/ml_pipeline_dag.py
[2025-11-09T08:17:44.045+0000] {processor.py:840} INFO - DAG(s) 'ml_pipeline_dag' retrieved from /opt/airflow/dags/ml_pipeline_dag.py
[2025-11-09T08:17:44.107+0000] {logging_mixin.py:188} INFO - [2025-11-09T08:17:44.107+0000] {dag.py:3096} INFO - Sync 1 DAGs
[2025-11-09T08:17:44.126+0000] {logging_mixin.py:188} INFO - [2025-11-09T08:17:44.126+0000] {dag.py:3954} INFO - Setting next_dagrun for ml_pipeline_dag to 2025-11-01 00:00:00+00:00, run_after=2025-12-01 00:00:00+00:00
[2025-11-09T08:17:44.141+0000] {processor.py:183} INFO - Processing /opt/airflow/dags/ml_pipeline_dag.py took 0.140 seconds
[2025-11-09T08:18:14.418+0000] {processor.py:161} INFO - Started process (PID=9679) to work on /opt/airflow/dags/ml_pipeline_dag.py
[2025-11-09T08:18:14.420+0000] {processor.py:830} INFO - Processing file /opt/airflow/dags/ml_pipeline_dag.py for tasks to queue
[2025-11-09T08:18:14.422+0000] {logging_mixin.py:188} INFO - [2025-11-09T08:18:14.420+0000] {dagbag.py:545} INFO - Filling up the DagBag from /opt/airflow/dags/ml_pipeline_dag.py
[2025-11-09T08:18:14.437+0000] {processor.py:840} INFO - DAG(s) 'ml_pipeline_dag' retrieved from /opt/airflow/dags/ml_pipeline_dag.py
[2025-11-09T08:18:14.497+0000] {logging_mixin.py:188} INFO - [2025-11-09T08:18:14.497+0000] {dag.py:3096} INFO - Sync 1 DAGs
[2025-11-09T08:18:14.520+0000] {logging_mixin.py:188} INFO - [2025-11-09T08:18:14.520+0000] {dag.py:3954} INFO - Setting next_dagrun for ml_pipeline_dag to 2025-11-01 00:00:00+00:00, run_after=2025-12-01 00:00:00+00:00
[2025-11-09T08:18:14.540+0000] {processor.py:183} INFO - Processing /opt/airflow/dags/ml_pipeline_dag.py took 0.145 seconds
[2025-11-09T08:18:44.874+0000] {processor.py:161} INFO - Started process (PID=9680) to work on /opt/airflow/dags/ml_pipeline_dag.py
[2025-11-09T08:18:44.878+0000] {processor.py:830} INFO - Processing file /opt/airflow/dags/ml_pipeline_dag.py for tasks to queue
[2025-11-09T08:18:44.888+0000] {logging_mixin.py:188} INFO - [2025-11-09T08:18:44.884+0000] {dagbag.py:545} INFO - Filling up the DagBag from /opt/airflow/dags/ml_pipeline_dag.py
[2025-11-09T08:18:44.930+0000] {processor.py:840} INFO - DAG(s) 'ml_pipeline_dag' retrieved from /opt/airflow/dags/ml_pipeline_dag.py
[2025-11-09T08:18:44.999+0000] {logging_mixin.py:188} INFO - [2025-11-09T08:18:44.999+0000] {dag.py:3096} INFO - Sync 1 DAGs
[2025-11-09T08:18:45.029+0000] {logging_mixin.py:188} INFO - [2025-11-09T08:18:45.028+0000] {dag.py:3954} INFO - Setting next_dagrun for ml_pipeline_dag to 2025-11-01 00:00:00+00:00, run_after=2025-12-01 00:00:00+00:00
[2025-11-09T08:18:45.060+0000] {processor.py:183} INFO - Processing /opt/airflow/dags/ml_pipeline_dag.py took 0.243 seconds
[2025-11-09T08:19:15.320+0000] {processor.py:161} INFO - Started process (PID=9681) to work on /opt/airflow/dags/ml_pipeline_dag.py
[2025-11-09T08:19:15.322+0000] {processor.py:830} INFO - Processing file /opt/airflow/dags/ml_pipeline_dag.py for tasks to queue
[2025-11-09T08:19:15.324+0000] {logging_mixin.py:188} INFO - [2025-11-09T08:19:15.323+0000] {dagbag.py:545} INFO - Filling up the DagBag from /opt/airflow/dags/ml_pipeline_dag.py
[2025-11-09T08:19:15.340+0000] {processor.py:840} INFO - DAG(s) 'ml_pipeline_dag' retrieved from /opt/airflow/dags/ml_pipeline_dag.py
[2025-11-09T08:19:15.384+0000] {logging_mixin.py:188} INFO - [2025-11-09T08:19:15.384+0000] {dag.py:3096} INFO - Sync 1 DAGs
[2025-11-09T08:19:15.411+0000] {logging_mixin.py:188} INFO - [2025-11-09T08:19:15.410+0000] {dag.py:3954} INFO - Setting next_dagrun for ml_pipeline_dag to 2025-11-01 00:00:00+00:00, run_after=2025-12-01 00:00:00+00:00
[2025-11-09T08:19:15.429+0000] {processor.py:183} INFO - Processing /opt/airflow/dags/ml_pipeline_dag.py took 0.126 seconds
[2025-11-09T08:19:45.759+0000] {processor.py:161} INFO - Started process (PID=9682) to work on /opt/airflow/dags/ml_pipeline_dag.py
[2025-11-09T08:19:45.762+0000] {processor.py:830} INFO - Processing file /opt/airflow/dags/ml_pipeline_dag.py for tasks to queue
[2025-11-09T08:19:45.764+0000] {logging_mixin.py:188} INFO - [2025-11-09T08:19:45.763+0000] {dagbag.py:545} INFO - Filling up the DagBag from /opt/airflow/dags/ml_pipeline_dag.py
[2025-11-09T08:19:45.777+0000] {processor.py:840} INFO - DAG(s) 'ml_pipeline_dag' retrieved from /opt/airflow/dags/ml_pipeline_dag.py
[2025-11-09T08:19:45.822+0000] {logging_mixin.py:188} INFO - [2025-11-09T08:19:45.822+0000] {dag.py:3096} INFO - Sync 1 DAGs
[2025-11-09T08:19:45.843+0000] {logging_mixin.py:188} INFO - [2025-11-09T08:19:45.843+0000] {dag.py:3954} INFO - Setting next_dagrun for ml_pipeline_dag to 2025-11-01 00:00:00+00:00, run_after=2025-12-01 00:00:00+00:00
[2025-11-09T08:19:45.858+0000] {processor.py:183} INFO - Processing /opt/airflow/dags/ml_pipeline_dag.py took 0.120 seconds
[2025-11-09T08:20:16.145+0000] {processor.py:161} INFO - Started process (PID=9683) to work on /opt/airflow/dags/ml_pipeline_dag.py
[2025-11-09T08:20:16.147+0000] {processor.py:830} INFO - Processing file /opt/airflow/dags/ml_pipeline_dag.py for tasks to queue
[2025-11-09T08:20:16.149+0000] {logging_mixin.py:188} INFO - [2025-11-09T08:20:16.148+0000] {dagbag.py:545} INFO - Filling up the DagBag from /opt/airflow/dags/ml_pipeline_dag.py
[2025-11-09T08:20:16.179+0000] {processor.py:840} INFO - DAG(s) 'ml_pipeline_dag' retrieved from /opt/airflow/dags/ml_pipeline_dag.py
[2025-11-09T08:20:16.263+0000] {logging_mixin.py:188} INFO - [2025-11-09T08:20:16.262+0000] {dag.py:3096} INFO - Sync 1 DAGs
[2025-11-09T08:20:16.306+0000] {logging_mixin.py:188} INFO - [2025-11-09T08:20:16.306+0000] {dag.py:3954} INFO - Setting next_dagrun for ml_pipeline_dag to 2025-11-01 00:00:00+00:00, run_after=2025-12-01 00:00:00+00:00
[2025-11-09T08:20:16.326+0000] {processor.py:183} INFO - Processing /opt/airflow/dags/ml_pipeline_dag.py took 0.196 seconds
[2025-11-09T08:20:46.670+0000] {processor.py:161} INFO - Started process (PID=9684) to work on /opt/airflow/dags/ml_pipeline_dag.py
[2025-11-09T08:20:46.672+0000] {processor.py:830} INFO - Processing file /opt/airflow/dags/ml_pipeline_dag.py for tasks to queue
[2025-11-09T08:20:46.674+0000] {logging_mixin.py:188} INFO - [2025-11-09T08:20:46.673+0000] {dagbag.py:545} INFO - Filling up the DagBag from /opt/airflow/dags/ml_pipeline_dag.py
[2025-11-09T08:20:46.689+0000] {processor.py:840} INFO - DAG(s) 'ml_pipeline_dag' retrieved from /opt/airflow/dags/ml_pipeline_dag.py
[2025-11-09T08:20:46.734+0000] {logging_mixin.py:188} INFO - [2025-11-09T08:20:46.734+0000] {dag.py:3096} INFO - Sync 1 DAGs
[2025-11-09T08:20:46.754+0000] {logging_mixin.py:188} INFO - [2025-11-09T08:20:46.753+0000] {dag.py:3954} INFO - Setting next_dagrun for ml_pipeline_dag to 2025-11-01 00:00:00+00:00, run_after=2025-12-01 00:00:00+00:00
[2025-11-09T08:20:46.785+0000] {processor.py:183} INFO - Processing /opt/airflow/dags/ml_pipeline_dag.py took 0.128 seconds
[2025-11-09T08:21:17.123+0000] {processor.py:161} INFO - Started process (PID=9685) to work on /opt/airflow/dags/ml_pipeline_dag.py
[2025-11-09T08:21:17.125+0000] {processor.py:830} INFO - Processing file /opt/airflow/dags/ml_pipeline_dag.py for tasks to queue
[2025-11-09T08:21:17.128+0000] {logging_mixin.py:188} INFO - [2025-11-09T08:21:17.126+0000] {dagbag.py:545} INFO - Filling up the DagBag from /opt/airflow/dags/ml_pipeline_dag.py
[2025-11-09T08:21:17.145+0000] {processor.py:840} INFO - DAG(s) 'ml_pipeline_dag' retrieved from /opt/airflow/dags/ml_pipeline_dag.py
[2025-11-09T08:21:17.185+0000] {logging_mixin.py:188} INFO - [2025-11-09T08:21:17.185+0000] {dag.py:3096} INFO - Sync 1 DAGs
[2025-11-09T08:21:17.205+0000] {logging_mixin.py:188} INFO - [2025-11-09T08:21:17.205+0000] {dag.py:3954} INFO - Setting next_dagrun for ml_pipeline_dag to 2025-11-01 00:00:00+00:00, run_after=2025-12-01 00:00:00+00:00
[2025-11-09T08:21:17.222+0000] {processor.py:183} INFO - Processing /opt/airflow/dags/ml_pipeline_dag.py took 0.114 seconds
[2025-11-09T08:21:47.502+0000] {processor.py:161} INFO - Started process (PID=9686) to work on /opt/airflow/dags/ml_pipeline_dag.py
[2025-11-09T08:21:47.504+0000] {processor.py:830} INFO - Processing file /opt/airflow/dags/ml_pipeline_dag.py for tasks to queue
[2025-11-09T08:21:47.506+0000] {logging_mixin.py:188} INFO - [2025-11-09T08:21:47.505+0000] {dagbag.py:545} INFO - Filling up the DagBag from /opt/airflow/dags/ml_pipeline_dag.py
[2025-11-09T08:21:47.521+0000] {processor.py:840} INFO - DAG(s) 'ml_pipeline_dag' retrieved from /opt/airflow/dags/ml_pipeline_dag.py
[2025-11-09T08:21:47.566+0000] {logging_mixin.py:188} INFO - [2025-11-09T08:21:47.566+0000] {dag.py:3096} INFO - Sync 1 DAGs
[2025-11-09T08:21:47.588+0000] {logging_mixin.py:188} INFO - [2025-11-09T08:21:47.588+0000] {dag.py:3954} INFO - Setting next_dagrun for ml_pipeline_dag to 2025-11-01 00:00:00+00:00, run_after=2025-12-01 00:00:00+00:00
[2025-11-09T08:21:47.603+0000] {processor.py:183} INFO - Processing /opt/airflow/dags/ml_pipeline_dag.py took 0.118 seconds
[2025-11-09T08:22:17.928+0000] {processor.py:161} INFO - Started process (PID=9687) to work on /opt/airflow/dags/ml_pipeline_dag.py
[2025-11-09T08:22:17.930+0000] {processor.py:830} INFO - Processing file /opt/airflow/dags/ml_pipeline_dag.py for tasks to queue
[2025-11-09T08:22:17.934+0000] {logging_mixin.py:188} INFO - [2025-11-09T08:22:17.931+0000] {dagbag.py:545} INFO - Filling up the DagBag from /opt/airflow/dags/ml_pipeline_dag.py
[2025-11-09T08:22:17.951+0000] {processor.py:840} INFO - DAG(s) 'ml_pipeline_dag' retrieved from /opt/airflow/dags/ml_pipeline_dag.py
[2025-11-09T08:22:17.996+0000] {logging_mixin.py:188} INFO - [2025-11-09T08:22:17.996+0000] {dag.py:3096} INFO - Sync 1 DAGs
[2025-11-09T08:22:18.031+0000] {logging_mixin.py:188} INFO - [2025-11-09T08:22:18.031+0000] {dag.py:3954} INFO - Setting next_dagrun for ml_pipeline_dag to 2025-11-01 00:00:00+00:00, run_after=2025-12-01 00:00:00+00:00
[2025-11-09T08:22:18.058+0000] {processor.py:183} INFO - Processing /opt/airflow/dags/ml_pipeline_dag.py took 0.152 seconds
[2025-11-09T08:22:48.357+0000] {processor.py:161} INFO - Started process (PID=9688) to work on /opt/airflow/dags/ml_pipeline_dag.py
[2025-11-09T08:22:48.366+0000] {processor.py:830} INFO - Processing file /opt/airflow/dags/ml_pipeline_dag.py for tasks to queue
[2025-11-09T08:22:48.368+0000] {logging_mixin.py:188} INFO - [2025-11-09T08:22:48.367+0000] {dagbag.py:545} INFO - Filling up the DagBag from /opt/airflow/dags/ml_pipeline_dag.py
[2025-11-09T08:22:48.383+0000] {processor.py:840} INFO - DAG(s) 'ml_pipeline_dag' retrieved from /opt/airflow/dags/ml_pipeline_dag.py
[2025-11-09T08:22:48.444+0000] {logging_mixin.py:188} INFO - [2025-11-09T08:22:48.444+0000] {dag.py:3096} INFO - Sync 1 DAGs
[2025-11-09T08:22:48.469+0000] {logging_mixin.py:188} INFO - [2025-11-09T08:22:48.469+0000] {dag.py:3954} INFO - Setting next_dagrun for ml_pipeline_dag to 2025-11-01 00:00:00+00:00, run_after=2025-12-01 00:00:00+00:00
[2025-11-09T08:22:48.485+0000] {processor.py:183} INFO - Processing /opt/airflow/dags/ml_pipeline_dag.py took 0.148 seconds
[2025-11-09T08:23:18.897+0000] {processor.py:161} INFO - Started process (PID=9689) to work on /opt/airflow/dags/ml_pipeline_dag.py
[2025-11-09T08:23:18.900+0000] {processor.py:830} INFO - Processing file /opt/airflow/dags/ml_pipeline_dag.py for tasks to queue
[2025-11-09T08:23:18.906+0000] {logging_mixin.py:188} INFO - [2025-11-09T08:23:18.902+0000] {dagbag.py:545} INFO - Filling up the DagBag from /opt/airflow/dags/ml_pipeline_dag.py
[2025-11-09T08:23:18.935+0000] {processor.py:840} INFO - DAG(s) 'ml_pipeline_dag' retrieved from /opt/airflow/dags/ml_pipeline_dag.py
[2025-11-09T08:23:19.011+0000] {logging_mixin.py:188} INFO - [2025-11-09T08:23:19.011+0000] {dag.py:3096} INFO - Sync 1 DAGs
[2025-11-09T08:23:19.035+0000] {logging_mixin.py:188} INFO - [2025-11-09T08:23:19.034+0000] {dag.py:3954} INFO - Setting next_dagrun for ml_pipeline_dag to 2025-11-01 00:00:00+00:00, run_after=2025-12-01 00:00:00+00:00
[2025-11-09T08:23:19.054+0000] {processor.py:183} INFO - Processing /opt/airflow/dags/ml_pipeline_dag.py took 0.179 seconds
[2025-11-09T08:23:49.238+0000] {processor.py:161} INFO - Started process (PID=9690) to work on /opt/airflow/dags/ml_pipeline_dag.py
[2025-11-09T08:23:49.240+0000] {processor.py:830} INFO - Processing file /opt/airflow/dags/ml_pipeline_dag.py for tasks to queue
[2025-11-09T08:23:49.242+0000] {logging_mixin.py:188} INFO - [2025-11-09T08:23:49.241+0000] {dagbag.py:545} INFO - Filling up the DagBag from /opt/airflow/dags/ml_pipeline_dag.py
[2025-11-09T08:23:49.267+0000] {processor.py:840} INFO - DAG(s) 'ml_pipeline_dag' retrieved from /opt/airflow/dags/ml_pipeline_dag.py
[2025-11-09T08:23:49.313+0000] {logging_mixin.py:188} INFO - [2025-11-09T08:23:49.313+0000] {dag.py:3096} INFO - Sync 1 DAGs
[2025-11-09T08:23:49.333+0000] {logging_mixin.py:188} INFO - [2025-11-09T08:23:49.333+0000] {dag.py:3954} INFO - Setting next_dagrun for ml_pipeline_dag to 2025-11-01 00:00:00+00:00, run_after=2025-12-01 00:00:00+00:00
[2025-11-09T08:23:49.353+0000] {processor.py:183} INFO - Processing /opt/airflow/dags/ml_pipeline_dag.py took 0.131 seconds
[2025-11-09T08:24:19.631+0000] {processor.py:161} INFO - Started process (PID=9691) to work on /opt/airflow/dags/ml_pipeline_dag.py
[2025-11-09T08:24:19.633+0000] {processor.py:830} INFO - Processing file /opt/airflow/dags/ml_pipeline_dag.py for tasks to queue
[2025-11-09T08:24:19.635+0000] {logging_mixin.py:188} INFO - [2025-11-09T08:24:19.634+0000] {dagbag.py:545} INFO - Filling up the DagBag from /opt/airflow/dags/ml_pipeline_dag.py
[2025-11-09T08:24:19.652+0000] {processor.py:840} INFO - DAG(s) 'ml_pipeline_dag' retrieved from /opt/airflow/dags/ml_pipeline_dag.py
[2025-11-09T08:24:19.691+0000] {logging_mixin.py:188} INFO - [2025-11-09T08:24:19.691+0000] {dag.py:3096} INFO - Sync 1 DAGs
[2025-11-09T08:24:19.712+0000] {logging_mixin.py:188} INFO - [2025-11-09T08:24:19.712+0000] {dag.py:3954} INFO - Setting next_dagrun for ml_pipeline_dag to 2025-11-01 00:00:00+00:00, run_after=2025-12-01 00:00:00+00:00
[2025-11-09T08:24:19.727+0000] {processor.py:183} INFO - Processing /opt/airflow/dags/ml_pipeline_dag.py took 0.111 seconds
[2025-11-09T08:24:50.028+0000] {processor.py:161} INFO - Started process (PID=9692) to work on /opt/airflow/dags/ml_pipeline_dag.py
[2025-11-09T08:24:50.030+0000] {processor.py:830} INFO - Processing file /opt/airflow/dags/ml_pipeline_dag.py for tasks to queue
[2025-11-09T08:24:50.032+0000] {logging_mixin.py:188} INFO - [2025-11-09T08:24:50.031+0000] {dagbag.py:545} INFO - Filling up the DagBag from /opt/airflow/dags/ml_pipeline_dag.py
[2025-11-09T08:24:50.051+0000] {processor.py:840} INFO - DAG(s) 'ml_pipeline_dag' retrieved from /opt/airflow/dags/ml_pipeline_dag.py
[2025-11-09T08:24:50.104+0000] {logging_mixin.py:188} INFO - [2025-11-09T08:24:50.103+0000] {dag.py:3096} INFO - Sync 1 DAGs
[2025-11-09T08:24:50.122+0000] {logging_mixin.py:188} INFO - [2025-11-09T08:24:50.122+0000] {dag.py:3954} INFO - Setting next_dagrun for ml_pipeline_dag to 2025-11-01 00:00:00+00:00, run_after=2025-12-01 00:00:00+00:00
[2025-11-09T08:24:50.144+0000] {processor.py:183} INFO - Processing /opt/airflow/dags/ml_pipeline_dag.py took 0.131 seconds
[2025-11-09T08:25:20.472+0000] {processor.py:161} INFO - Started process (PID=9693) to work on /opt/airflow/dags/ml_pipeline_dag.py
[2025-11-09T08:25:20.474+0000] {processor.py:830} INFO - Processing file /opt/airflow/dags/ml_pipeline_dag.py for tasks to queue
[2025-11-09T08:25:20.477+0000] {logging_mixin.py:188} INFO - [2025-11-09T08:25:20.475+0000] {dagbag.py:545} INFO - Filling up the DagBag from /opt/airflow/dags/ml_pipeline_dag.py
[2025-11-09T08:25:20.502+0000] {processor.py:840} INFO - DAG(s) 'ml_pipeline_dag' retrieved from /opt/airflow/dags/ml_pipeline_dag.py
[2025-11-09T08:25:20.554+0000] {logging_mixin.py:188} INFO - [2025-11-09T08:25:20.554+0000] {dag.py:3096} INFO - Sync 1 DAGs
[2025-11-09T08:25:20.585+0000] {logging_mixin.py:188} INFO - [2025-11-09T08:25:20.584+0000] {dag.py:3954} INFO - Setting next_dagrun for ml_pipeline_dag to 2025-11-01 00:00:00+00:00, run_after=2025-12-01 00:00:00+00:00
[2025-11-09T08:25:20.610+0000] {processor.py:183} INFO - Processing /opt/airflow/dags/ml_pipeline_dag.py took 0.155 seconds
[2025-11-09T08:25:50.865+0000] {processor.py:161} INFO - Started process (PID=9694) to work on /opt/airflow/dags/ml_pipeline_dag.py
[2025-11-09T08:25:50.867+0000] {processor.py:830} INFO - Processing file /opt/airflow/dags/ml_pipeline_dag.py for tasks to queue
[2025-11-09T08:25:50.869+0000] {logging_mixin.py:188} INFO - [2025-11-09T08:25:50.868+0000] {dagbag.py:545} INFO - Filling up the DagBag from /opt/airflow/dags/ml_pipeline_dag.py
[2025-11-09T08:25:50.887+0000] {processor.py:840} INFO - DAG(s) 'ml_pipeline_dag' retrieved from /opt/airflow/dags/ml_pipeline_dag.py
[2025-11-09T08:25:50.938+0000] {logging_mixin.py:188} INFO - [2025-11-09T08:25:50.938+0000] {dag.py:3096} INFO - Sync 1 DAGs
[2025-11-09T08:25:50.960+0000] {logging_mixin.py:188} INFO - [2025-11-09T08:25:50.960+0000] {dag.py:3954} INFO - Setting next_dagrun for ml_pipeline_dag to 2025-11-01 00:00:00+00:00, run_after=2025-12-01 00:00:00+00:00
[2025-11-09T08:25:50.976+0000] {processor.py:183} INFO - Processing /opt/airflow/dags/ml_pipeline_dag.py took 0.125 seconds
[2025-11-09T08:26:21.267+0000] {processor.py:161} INFO - Started process (PID=9695) to work on /opt/airflow/dags/ml_pipeline_dag.py
[2025-11-09T08:26:21.270+0000] {processor.py:830} INFO - Processing file /opt/airflow/dags/ml_pipeline_dag.py for tasks to queue
[2025-11-09T08:26:21.272+0000] {logging_mixin.py:188} INFO - [2025-11-09T08:26:21.270+0000] {dagbag.py:545} INFO - Filling up the DagBag from /opt/airflow/dags/ml_pipeline_dag.py
[2025-11-09T08:26:21.294+0000] {processor.py:840} INFO - DAG(s) 'ml_pipeline_dag' retrieved from /opt/airflow/dags/ml_pipeline_dag.py
[2025-11-09T08:26:21.341+0000] {logging_mixin.py:188} INFO - [2025-11-09T08:26:21.341+0000] {dag.py:3096} INFO - Sync 1 DAGs
[2025-11-09T08:26:21.365+0000] {logging_mixin.py:188} INFO - [2025-11-09T08:26:21.365+0000] {dag.py:3954} INFO - Setting next_dagrun for ml_pipeline_dag to 2025-11-01 00:00:00+00:00, run_after=2025-12-01 00:00:00+00:00
[2025-11-09T08:26:21.383+0000] {processor.py:183} INFO - Processing /opt/airflow/dags/ml_pipeline_dag.py took 0.136 seconds
[2025-11-09T08:26:51.674+0000] {processor.py:161} INFO - Started process (PID=9696) to work on /opt/airflow/dags/ml_pipeline_dag.py
[2025-11-09T08:26:51.676+0000] {processor.py:830} INFO - Processing file /opt/airflow/dags/ml_pipeline_dag.py for tasks to queue
[2025-11-09T08:26:51.678+0000] {logging_mixin.py:188} INFO - [2025-11-09T08:26:51.677+0000] {dagbag.py:545} INFO - Filling up the DagBag from /opt/airflow/dags/ml_pipeline_dag.py
[2025-11-09T08:26:51.693+0000] {processor.py:840} INFO - DAG(s) 'ml_pipeline_dag' retrieved from /opt/airflow/dags/ml_pipeline_dag.py
[2025-11-09T08:26:51.740+0000] {logging_mixin.py:188} INFO - [2025-11-09T08:26:51.739+0000] {dag.py:3096} INFO - Sync 1 DAGs
[2025-11-09T08:26:51.760+0000] {logging_mixin.py:188} INFO - [2025-11-09T08:26:51.760+0000] {dag.py:3954} INFO - Setting next_dagrun for ml_pipeline_dag to 2025-11-01 00:00:00+00:00, run_after=2025-12-01 00:00:00+00:00
[2025-11-09T08:26:51.780+0000] {processor.py:183} INFO - Processing /opt/airflow/dags/ml_pipeline_dag.py took 0.121 seconds
[2025-11-09T08:27:22.136+0000] {processor.py:161} INFO - Started process (PID=9697) to work on /opt/airflow/dags/ml_pipeline_dag.py
[2025-11-09T08:27:22.138+0000] {processor.py:830} INFO - Processing file /opt/airflow/dags/ml_pipeline_dag.py for tasks to queue
[2025-11-09T08:27:22.141+0000] {logging_mixin.py:188} INFO - [2025-11-09T08:27:22.139+0000] {dagbag.py:545} INFO - Filling up the DagBag from /opt/airflow/dags/ml_pipeline_dag.py
[2025-11-09T08:27:22.161+0000] {processor.py:840} INFO - DAG(s) 'ml_pipeline_dag' retrieved from /opt/airflow/dags/ml_pipeline_dag.py
[2025-11-09T08:27:22.220+0000] {logging_mixin.py:188} INFO - [2025-11-09T08:27:22.220+0000] {dag.py:3096} INFO - Sync 1 DAGs
[2025-11-09T08:27:22.244+0000] {logging_mixin.py:188} INFO - [2025-11-09T08:27:22.244+0000] {dag.py:3954} INFO - Setting next_dagrun for ml_pipeline_dag to 2025-11-01 00:00:00+00:00, run_after=2025-12-01 00:00:00+00:00
[2025-11-09T08:27:22.266+0000] {processor.py:183} INFO - Processing /opt/airflow/dags/ml_pipeline_dag.py took 0.146 seconds
[2025-11-09T08:27:52.628+0000] {processor.py:161} INFO - Started process (PID=9698) to work on /opt/airflow/dags/ml_pipeline_dag.py
[2025-11-09T08:27:52.632+0000] {processor.py:830} INFO - Processing file /opt/airflow/dags/ml_pipeline_dag.py for tasks to queue
[2025-11-09T08:27:52.634+0000] {logging_mixin.py:188} INFO - [2025-11-09T08:27:52.633+0000] {dagbag.py:545} INFO - Filling up the DagBag from /opt/airflow/dags/ml_pipeline_dag.py
[2025-11-09T08:27:52.654+0000] {processor.py:840} INFO - DAG(s) 'ml_pipeline_dag' retrieved from /opt/airflow/dags/ml_pipeline_dag.py
[2025-11-09T08:27:52.708+0000] {logging_mixin.py:188} INFO - [2025-11-09T08:27:52.707+0000] {dag.py:3096} INFO - Sync 1 DAGs
[2025-11-09T08:27:52.730+0000] {logging_mixin.py:188} INFO - [2025-11-09T08:27:52.729+0000] {dag.py:3954} INFO - Setting next_dagrun for ml_pipeline_dag to 2025-11-01 00:00:00+00:00, run_after=2025-12-01 00:00:00+00:00
[2025-11-09T08:27:52.748+0000] {processor.py:183} INFO - Processing /opt/airflow/dags/ml_pipeline_dag.py took 0.139 seconds
[2025-11-09T08:28:23.033+0000] {processor.py:161} INFO - Started process (PID=9699) to work on /opt/airflow/dags/ml_pipeline_dag.py
[2025-11-09T08:28:23.036+0000] {processor.py:830} INFO - Processing file /opt/airflow/dags/ml_pipeline_dag.py for tasks to queue
[2025-11-09T08:28:23.037+0000] {logging_mixin.py:188} INFO - [2025-11-09T08:28:23.036+0000] {dagbag.py:545} INFO - Filling up the DagBag from /opt/airflow/dags/ml_pipeline_dag.py
[2025-11-09T08:28:23.051+0000] {processor.py:840} INFO - DAG(s) 'ml_pipeline_dag' retrieved from /opt/airflow/dags/ml_pipeline_dag.py
[2025-11-09T08:28:23.099+0000] {logging_mixin.py:188} INFO - [2025-11-09T08:28:23.099+0000] {dag.py:3096} INFO - Sync 1 DAGs
[2025-11-09T08:28:23.141+0000] {logging_mixin.py:188} INFO - [2025-11-09T08:28:23.141+0000] {dag.py:3954} INFO - Setting next_dagrun for ml_pipeline_dag to 2025-11-01 00:00:00+00:00, run_after=2025-12-01 00:00:00+00:00
[2025-11-09T08:28:23.179+0000] {processor.py:183} INFO - Processing /opt/airflow/dags/ml_pipeline_dag.py took 0.167 seconds
[2025-11-09T08:28:53.452+0000] {processor.py:161} INFO - Started process (PID=9700) to work on /opt/airflow/dags/ml_pipeline_dag.py
[2025-11-09T08:28:53.454+0000] {processor.py:830} INFO - Processing file /opt/airflow/dags/ml_pipeline_dag.py for tasks to queue
[2025-11-09T08:28:53.456+0000] {logging_mixin.py:188} INFO - [2025-11-09T08:28:53.455+0000] {dagbag.py:545} INFO - Filling up the DagBag from /opt/airflow/dags/ml_pipeline_dag.py
[2025-11-09T08:28:53.475+0000] {processor.py:840} INFO - DAG(s) 'ml_pipeline_dag' retrieved from /opt/airflow/dags/ml_pipeline_dag.py
[2025-11-09T08:28:53.542+0000] {logging_mixin.py:188} INFO - [2025-11-09T08:28:53.541+0000] {dag.py:3096} INFO - Sync 1 DAGs
[2025-11-09T08:28:53.564+0000] {logging_mixin.py:188} INFO - [2025-11-09T08:28:53.563+0000] {dag.py:3954} INFO - Setting next_dagrun for ml_pipeline_dag to 2025-11-01 00:00:00+00:00, run_after=2025-12-01 00:00:00+00:00
[2025-11-09T08:28:53.586+0000] {processor.py:183} INFO - Processing /opt/airflow/dags/ml_pipeline_dag.py took 0.147 seconds
[2025-11-09T08:29:23.869+0000] {processor.py:161} INFO - Started process (PID=9701) to work on /opt/airflow/dags/ml_pipeline_dag.py
[2025-11-09T08:29:23.872+0000] {processor.py:830} INFO - Processing file /opt/airflow/dags/ml_pipeline_dag.py for tasks to queue
[2025-11-09T08:29:23.879+0000] {logging_mixin.py:188} INFO - [2025-11-09T08:29:23.876+0000] {dagbag.py:545} INFO - Filling up the DagBag from /opt/airflow/dags/ml_pipeline_dag.py
[2025-11-09T08:29:23.893+0000] {processor.py:840} INFO - DAG(s) 'ml_pipeline_dag' retrieved from /opt/airflow/dags/ml_pipeline_dag.py
[2025-11-09T08:29:23.952+0000] {logging_mixin.py:188} INFO - [2025-11-09T08:29:23.952+0000] {dag.py:3096} INFO - Sync 1 DAGs
[2025-11-09T08:29:23.974+0000] {logging_mixin.py:188} INFO - [2025-11-09T08:29:23.974+0000] {dag.py:3954} INFO - Setting next_dagrun for ml_pipeline_dag to 2025-11-01 00:00:00+00:00, run_after=2025-12-01 00:00:00+00:00
[2025-11-09T08:29:23.992+0000] {processor.py:183} INFO - Processing /opt/airflow/dags/ml_pipeline_dag.py took 0.144 seconds
[2025-11-09T08:29:54.291+0000] {processor.py:161} INFO - Started process (PID=9702) to work on /opt/airflow/dags/ml_pipeline_dag.py
[2025-11-09T08:29:54.293+0000] {processor.py:830} INFO - Processing file /opt/airflow/dags/ml_pipeline_dag.py for tasks to queue
[2025-11-09T08:29:54.295+0000] {logging_mixin.py:188} INFO - [2025-11-09T08:29:54.294+0000] {dagbag.py:545} INFO - Filling up the DagBag from /opt/airflow/dags/ml_pipeline_dag.py
[2025-11-09T08:29:54.311+0000] {processor.py:840} INFO - DAG(s) 'ml_pipeline_dag' retrieved from /opt/airflow/dags/ml_pipeline_dag.py
[2025-11-09T08:29:54.358+0000] {logging_mixin.py:188} INFO - [2025-11-09T08:29:54.358+0000] {dag.py:3096} INFO - Sync 1 DAGs
[2025-11-09T08:29:54.381+0000] {logging_mixin.py:188} INFO - [2025-11-09T08:29:54.381+0000] {dag.py:3954} INFO - Setting next_dagrun for ml_pipeline_dag to 2025-11-01 00:00:00+00:00, run_after=2025-12-01 00:00:00+00:00
[2025-11-09T08:29:54.397+0000] {processor.py:183} INFO - Processing /opt/airflow/dags/ml_pipeline_dag.py took 0.120 seconds
[2025-11-09T08:30:24.783+0000] {processor.py:161} INFO - Started process (PID=9703) to work on /opt/airflow/dags/ml_pipeline_dag.py
[2025-11-09T08:30:24.791+0000] {processor.py:830} INFO - Processing file /opt/airflow/dags/ml_pipeline_dag.py for tasks to queue
[2025-11-09T08:30:24.795+0000] {logging_mixin.py:188} INFO - [2025-11-09T08:30:24.793+0000] {dagbag.py:545} INFO - Filling up the DagBag from /opt/airflow/dags/ml_pipeline_dag.py
[2025-11-09T08:30:24.817+0000] {processor.py:840} INFO - DAG(s) 'ml_pipeline_dag' retrieved from /opt/airflow/dags/ml_pipeline_dag.py
[2025-11-09T08:30:24.887+0000] {logging_mixin.py:188} INFO - [2025-11-09T08:30:24.887+0000] {dag.py:3096} INFO - Sync 1 DAGs
[2025-11-09T08:30:24.914+0000] {logging_mixin.py:188} INFO - [2025-11-09T08:30:24.914+0000] {dag.py:3954} INFO - Setting next_dagrun for ml_pipeline_dag to 2025-11-01 00:00:00+00:00, run_after=2025-12-01 00:00:00+00:00
[2025-11-09T08:30:24.946+0000] {processor.py:183} INFO - Processing /opt/airflow/dags/ml_pipeline_dag.py took 0.203 seconds
[2025-11-09T08:30:55.352+0000] {processor.py:161} INFO - Started process (PID=9704) to work on /opt/airflow/dags/ml_pipeline_dag.py
[2025-11-09T08:30:55.354+0000] {processor.py:830} INFO - Processing file /opt/airflow/dags/ml_pipeline_dag.py for tasks to queue
[2025-11-09T08:30:55.360+0000] {logging_mixin.py:188} INFO - [2025-11-09T08:30:55.354+0000] {dagbag.py:545} INFO - Filling up the DagBag from /opt/airflow/dags/ml_pipeline_dag.py
[2025-11-09T08:30:55.376+0000] {processor.py:840} INFO - DAG(s) 'ml_pipeline_dag' retrieved from /opt/airflow/dags/ml_pipeline_dag.py
[2025-11-09T08:30:55.419+0000] {logging_mixin.py:188} INFO - [2025-11-09T08:30:55.419+0000] {dag.py:3096} INFO - Sync 1 DAGs
[2025-11-09T08:30:55.443+0000] {logging_mixin.py:188} INFO - [2025-11-09T08:30:55.441+0000] {dag.py:3954} INFO - Setting next_dagrun for ml_pipeline_dag to 2025-11-01 00:00:00+00:00, run_after=2025-12-01 00:00:00+00:00
[2025-11-09T08:30:55.461+0000] {processor.py:183} INFO - Processing /opt/airflow/dags/ml_pipeline_dag.py took 0.127 seconds
[2025-11-09T08:31:25.838+0000] {processor.py:161} INFO - Started process (PID=9705) to work on /opt/airflow/dags/ml_pipeline_dag.py
[2025-11-09T08:31:25.840+0000] {processor.py:830} INFO - Processing file /opt/airflow/dags/ml_pipeline_dag.py for tasks to queue
[2025-11-09T08:31:25.843+0000] {logging_mixin.py:188} INFO - [2025-11-09T08:31:25.841+0000] {dagbag.py:545} INFO - Filling up the DagBag from /opt/airflow/dags/ml_pipeline_dag.py
[2025-11-09T08:31:25.867+0000] {processor.py:840} INFO - DAG(s) 'ml_pipeline_dag' retrieved from /opt/airflow/dags/ml_pipeline_dag.py
[2025-11-09T08:31:25.927+0000] {logging_mixin.py:188} INFO - [2025-11-09T08:31:25.927+0000] {dag.py:3096} INFO - Sync 1 DAGs
[2025-11-09T08:31:25.955+0000] {logging_mixin.py:188} INFO - [2025-11-09T08:31:25.955+0000] {dag.py:3954} INFO - Setting next_dagrun for ml_pipeline_dag to 2025-11-01 00:00:00+00:00, run_after=2025-12-01 00:00:00+00:00
[2025-11-09T08:31:25.983+0000] {processor.py:183} INFO - Processing /opt/airflow/dags/ml_pipeline_dag.py took 0.164 seconds
[2025-11-09T08:32:00.378+0000] {processor.py:161} INFO - Started process (PID=9706) to work on /opt/airflow/dags/ml_pipeline_dag.py
[2025-11-09T08:32:00.386+0000] {processor.py:830} INFO - Processing file /opt/airflow/dags/ml_pipeline_dag.py for tasks to queue
[2025-11-09T08:32:00.392+0000] {logging_mixin.py:188} INFO - [2025-11-09T08:32:00.389+0000] {dagbag.py:545} INFO - Filling up the DagBag from /opt/airflow/dags/ml_pipeline_dag.py
[2025-11-09T08:32:00.443+0000] {processor.py:840} INFO - DAG(s) 'ml_pipeline_dag' retrieved from /opt/airflow/dags/ml_pipeline_dag.py
[2025-11-09T08:32:00.644+0000] {logging_mixin.py:188} INFO - [2025-11-09T08:32:00.644+0000] {dag.py:3096} INFO - Sync 1 DAGs
[2025-11-09T08:32:00.725+0000] {logging_mixin.py:188} INFO - [2025-11-09T08:32:00.724+0000] {dag.py:3954} INFO - Setting next_dagrun for ml_pipeline_dag to 2025-11-01 00:00:00+00:00, run_after=2025-12-01 00:00:00+00:00
[2025-11-09T08:32:00.767+0000] {processor.py:183} INFO - Processing /opt/airflow/dags/ml_pipeline_dag.py took 0.465 seconds
[2025-11-09T08:32:31.524+0000] {processor.py:161} INFO - Started process (PID=9707) to work on /opt/airflow/dags/ml_pipeline_dag.py
[2025-11-09T08:32:31.526+0000] {processor.py:830} INFO - Processing file /opt/airflow/dags/ml_pipeline_dag.py for tasks to queue
[2025-11-09T08:32:31.528+0000] {logging_mixin.py:188} INFO - [2025-11-09T08:32:31.527+0000] {dagbag.py:545} INFO - Filling up the DagBag from /opt/airflow/dags/ml_pipeline_dag.py
[2025-11-09T08:32:31.541+0000] {processor.py:840} INFO - DAG(s) 'ml_pipeline_dag' retrieved from /opt/airflow/dags/ml_pipeline_dag.py
[2025-11-09T08:32:31.586+0000] {logging_mixin.py:188} INFO - [2025-11-09T08:32:31.586+0000] {dag.py:3096} INFO - Sync 1 DAGs
[2025-11-09T08:32:31.608+0000] {logging_mixin.py:188} INFO - [2025-11-09T08:32:31.608+0000] {dag.py:3954} INFO - Setting next_dagrun for ml_pipeline_dag to 2025-11-01 00:00:00+00:00, run_after=2025-12-01 00:00:00+00:00
[2025-11-09T08:32:31.627+0000] {processor.py:183} INFO - Processing /opt/airflow/dags/ml_pipeline_dag.py took 0.121 seconds
[2025-11-09T08:33:01.977+0000] {processor.py:161} INFO - Started process (PID=9708) to work on /opt/airflow/dags/ml_pipeline_dag.py
[2025-11-09T08:33:01.979+0000] {processor.py:830} INFO - Processing file /opt/airflow/dags/ml_pipeline_dag.py for tasks to queue
[2025-11-09T08:33:01.980+0000] {logging_mixin.py:188} INFO - [2025-11-09T08:33:01.979+0000] {dagbag.py:545} INFO - Filling up the DagBag from /opt/airflow/dags/ml_pipeline_dag.py
[2025-11-09T08:33:02.006+0000] {processor.py:840} INFO - DAG(s) 'ml_pipeline_dag' retrieved from /opt/airflow/dags/ml_pipeline_dag.py
[2025-11-09T08:33:02.078+0000] {logging_mixin.py:188} INFO - [2025-11-09T08:33:02.078+0000] {dag.py:3096} INFO - Sync 1 DAGs
[2025-11-09T08:33:02.100+0000] {logging_mixin.py:188} INFO - [2025-11-09T08:33:02.099+0000] {dag.py:3954} INFO - Setting next_dagrun for ml_pipeline_dag to 2025-11-01 00:00:00+00:00, run_after=2025-12-01 00:00:00+00:00
[2025-11-09T08:33:02.131+0000] {processor.py:183} INFO - Processing /opt/airflow/dags/ml_pipeline_dag.py took 0.172 seconds
[2025-11-09T08:33:32.483+0000] {processor.py:161} INFO - Started process (PID=9709) to work on /opt/airflow/dags/ml_pipeline_dag.py
[2025-11-09T08:33:32.486+0000] {processor.py:830} INFO - Processing file /opt/airflow/dags/ml_pipeline_dag.py for tasks to queue
[2025-11-09T08:33:32.488+0000] {logging_mixin.py:188} INFO - [2025-11-09T08:33:32.487+0000] {dagbag.py:545} INFO - Filling up the DagBag from /opt/airflow/dags/ml_pipeline_dag.py
[2025-11-09T08:33:32.505+0000] {processor.py:840} INFO - DAG(s) 'ml_pipeline_dag' retrieved from /opt/airflow/dags/ml_pipeline_dag.py
[2025-11-09T08:33:32.573+0000] {logging_mixin.py:188} INFO - [2025-11-09T08:33:32.572+0000] {dag.py:3096} INFO - Sync 1 DAGs
[2025-11-09T08:33:32.601+0000] {logging_mixin.py:188} INFO - [2025-11-09T08:33:32.601+0000] {dag.py:3954} INFO - Setting next_dagrun for ml_pipeline_dag to 2025-11-01 00:00:00+00:00, run_after=2025-12-01 00:00:00+00:00
[2025-11-09T08:33:32.625+0000] {processor.py:183} INFO - Processing /opt/airflow/dags/ml_pipeline_dag.py took 0.163 seconds
[2025-11-09T08:34:03.074+0000] {processor.py:161} INFO - Started process (PID=9710) to work on /opt/airflow/dags/ml_pipeline_dag.py
[2025-11-09T08:34:03.076+0000] {processor.py:830} INFO - Processing file /opt/airflow/dags/ml_pipeline_dag.py for tasks to queue
[2025-11-09T08:34:03.078+0000] {logging_mixin.py:188} INFO - [2025-11-09T08:34:03.077+0000] {dagbag.py:545} INFO - Filling up the DagBag from /opt/airflow/dags/ml_pipeline_dag.py
[2025-11-09T08:34:03.099+0000] {processor.py:840} INFO - DAG(s) 'ml_pipeline_dag' retrieved from /opt/airflow/dags/ml_pipeline_dag.py
[2025-11-09T08:34:03.167+0000] {logging_mixin.py:188} INFO - [2025-11-09T08:34:03.167+0000] {dag.py:3096} INFO - Sync 1 DAGs
[2025-11-09T08:34:03.190+0000] {logging_mixin.py:188} INFO - [2025-11-09T08:34:03.190+0000] {dag.py:3954} INFO - Setting next_dagrun for ml_pipeline_dag to 2025-11-01 00:00:00+00:00, run_after=2025-12-01 00:00:00+00:00
[2025-11-09T08:34:03.213+0000] {processor.py:183} INFO - Processing /opt/airflow/dags/ml_pipeline_dag.py took 0.151 seconds
[2025-11-09T08:34:34.314+0000] {processor.py:161} INFO - Started process (PID=9711) to work on /opt/airflow/dags/ml_pipeline_dag.py
[2025-11-09T08:34:34.318+0000] {processor.py:830} INFO - Processing file /opt/airflow/dags/ml_pipeline_dag.py for tasks to queue
[2025-11-09T08:34:34.320+0000] {logging_mixin.py:188} INFO - [2025-11-09T08:34:34.319+0000] {dagbag.py:545} INFO - Filling up the DagBag from /opt/airflow/dags/ml_pipeline_dag.py
[2025-11-09T08:34:34.337+0000] {processor.py:840} INFO - DAG(s) 'ml_pipeline_dag' retrieved from /opt/airflow/dags/ml_pipeline_dag.py
[2025-11-09T08:34:34.387+0000] {logging_mixin.py:188} INFO - [2025-11-09T08:34:34.387+0000] {dag.py:3096} INFO - Sync 1 DAGs
[2025-11-09T08:34:34.416+0000] {logging_mixin.py:188} INFO - [2025-11-09T08:34:34.416+0000] {dag.py:3954} INFO - Setting next_dagrun for ml_pipeline_dag to 2025-11-01 00:00:00+00:00, run_after=2025-12-01 00:00:00+00:00
[2025-11-09T08:34:34.436+0000] {processor.py:183} INFO - Processing /opt/airflow/dags/ml_pipeline_dag.py took 0.141 seconds
[2025-11-09T08:35:04.601+0000] {processor.py:161} INFO - Started process (PID=9712) to work on /opt/airflow/dags/ml_pipeline_dag.py
[2025-11-09T08:35:04.606+0000] {processor.py:830} INFO - Processing file /opt/airflow/dags/ml_pipeline_dag.py for tasks to queue
[2025-11-09T08:35:04.608+0000] {logging_mixin.py:188} INFO - [2025-11-09T08:35:04.607+0000] {dagbag.py:545} INFO - Filling up the DagBag from /opt/airflow/dags/ml_pipeline_dag.py
[2025-11-09T08:35:04.627+0000] {processor.py:840} INFO - DAG(s) 'ml_pipeline_dag' retrieved from /opt/airflow/dags/ml_pipeline_dag.py
[2025-11-09T08:35:04.673+0000] {logging_mixin.py:188} INFO - [2025-11-09T08:35:04.673+0000] {dag.py:3096} INFO - Sync 1 DAGs
[2025-11-09T08:35:04.701+0000] {logging_mixin.py:188} INFO - [2025-11-09T08:35:04.701+0000] {dag.py:3954} INFO - Setting next_dagrun for ml_pipeline_dag to 2025-11-01 00:00:00+00:00, run_after=2025-12-01 00:00:00+00:00
[2025-11-09T08:35:04.720+0000] {processor.py:183} INFO - Processing /opt/airflow/dags/ml_pipeline_dag.py took 0.137 seconds
[2025-11-09T08:35:35.014+0000] {processor.py:161} INFO - Started process (PID=9713) to work on /opt/airflow/dags/ml_pipeline_dag.py
[2025-11-09T08:35:35.016+0000] {processor.py:830} INFO - Processing file /opt/airflow/dags/ml_pipeline_dag.py for tasks to queue
[2025-11-09T08:35:35.020+0000] {logging_mixin.py:188} INFO - [2025-11-09T08:35:35.017+0000] {dagbag.py:545} INFO - Filling up the DagBag from /opt/airflow/dags/ml_pipeline_dag.py
[2025-11-09T08:35:35.037+0000] {processor.py:840} INFO - DAG(s) 'ml_pipeline_dag' retrieved from /opt/airflow/dags/ml_pipeline_dag.py
[2025-11-09T08:35:35.099+0000] {logging_mixin.py:188} INFO - [2025-11-09T08:35:35.099+0000] {dag.py:3096} INFO - Sync 1 DAGs
[2025-11-09T08:35:35.124+0000] {logging_mixin.py:188} INFO - [2025-11-09T08:35:35.123+0000] {dag.py:3954} INFO - Setting next_dagrun for ml_pipeline_dag to 2025-11-01 00:00:00+00:00, run_after=2025-12-01 00:00:00+00:00
[2025-11-09T08:35:35.159+0000] {processor.py:183} INFO - Processing /opt/airflow/dags/ml_pipeline_dag.py took 0.163 seconds
[2025-11-09T08:36:05.343+0000] {processor.py:161} INFO - Started process (PID=9714) to work on /opt/airflow/dags/ml_pipeline_dag.py
[2025-11-09T08:36:05.345+0000] {processor.py:830} INFO - Processing file /opt/airflow/dags/ml_pipeline_dag.py for tasks to queue
[2025-11-09T08:36:05.347+0000] {logging_mixin.py:188} INFO - [2025-11-09T08:36:05.346+0000] {dagbag.py:545} INFO - Filling up the DagBag from /opt/airflow/dags/ml_pipeline_dag.py
[2025-11-09T08:36:05.365+0000] {processor.py:840} INFO - DAG(s) 'ml_pipeline_dag' retrieved from /opt/airflow/dags/ml_pipeline_dag.py
[2025-11-09T08:36:05.413+0000] {logging_mixin.py:188} INFO - [2025-11-09T08:36:05.413+0000] {dag.py:3096} INFO - Sync 1 DAGs
[2025-11-09T08:36:05.436+0000] {logging_mixin.py:188} INFO - [2025-11-09T08:36:05.436+0000] {dag.py:3954} INFO - Setting next_dagrun for ml_pipeline_dag to 2025-11-01 00:00:00+00:00, run_after=2025-12-01 00:00:00+00:00
[2025-11-09T08:36:05.458+0000] {processor.py:183} INFO - Processing /opt/airflow/dags/ml_pipeline_dag.py took 0.136 seconds
[2025-11-09T08:36:35.764+0000] {processor.py:161} INFO - Started process (PID=9715) to work on /opt/airflow/dags/ml_pipeline_dag.py
[2025-11-09T08:36:35.768+0000] {processor.py:830} INFO - Processing file /opt/airflow/dags/ml_pipeline_dag.py for tasks to queue
[2025-11-09T08:36:35.770+0000] {logging_mixin.py:188} INFO - [2025-11-09T08:36:35.769+0000] {dagbag.py:545} INFO - Filling up the DagBag from /opt/airflow/dags/ml_pipeline_dag.py
[2025-11-09T08:36:35.788+0000] {processor.py:840} INFO - DAG(s) 'ml_pipeline_dag' retrieved from /opt/airflow/dags/ml_pipeline_dag.py
[2025-11-09T08:36:35.846+0000] {logging_mixin.py:188} INFO - [2025-11-09T08:36:35.846+0000] {dag.py:3096} INFO - Sync 1 DAGs
[2025-11-09T08:36:35.872+0000] {logging_mixin.py:188} INFO - [2025-11-09T08:36:35.872+0000] {dag.py:3954} INFO - Setting next_dagrun for ml_pipeline_dag to 2025-11-01 00:00:00+00:00, run_after=2025-12-01 00:00:00+00:00
[2025-11-09T08:36:35.892+0000] {processor.py:183} INFO - Processing /opt/airflow/dags/ml_pipeline_dag.py took 0.152 seconds
[2025-11-09T08:37:06.153+0000] {processor.py:161} INFO - Started process (PID=9716) to work on /opt/airflow/dags/ml_pipeline_dag.py
[2025-11-09T08:37:06.156+0000] {processor.py:830} INFO - Processing file /opt/airflow/dags/ml_pipeline_dag.py for tasks to queue
[2025-11-09T08:37:06.158+0000] {logging_mixin.py:188} INFO - [2025-11-09T08:37:06.157+0000] {dagbag.py:545} INFO - Filling up the DagBag from /opt/airflow/dags/ml_pipeline_dag.py
[2025-11-09T08:37:06.172+0000] {processor.py:840} INFO - DAG(s) 'ml_pipeline_dag' retrieved from /opt/airflow/dags/ml_pipeline_dag.py
[2025-11-09T08:37:06.233+0000] {logging_mixin.py:188} INFO - [2025-11-09T08:37:06.232+0000] {dag.py:3096} INFO - Sync 1 DAGs
[2025-11-09T08:37:06.265+0000] {logging_mixin.py:188} INFO - [2025-11-09T08:37:06.265+0000] {dag.py:3954} INFO - Setting next_dagrun for ml_pipeline_dag to 2025-11-01 00:00:00+00:00, run_after=2025-12-01 00:00:00+00:00
[2025-11-09T08:37:06.292+0000] {processor.py:183} INFO - Processing /opt/airflow/dags/ml_pipeline_dag.py took 0.161 seconds
[2025-11-09T08:37:36.468+0000] {processor.py:161} INFO - Started process (PID=9717) to work on /opt/airflow/dags/ml_pipeline_dag.py
[2025-11-09T08:37:36.470+0000] {processor.py:830} INFO - Processing file /opt/airflow/dags/ml_pipeline_dag.py for tasks to queue
[2025-11-09T08:37:36.472+0000] {logging_mixin.py:188} INFO - [2025-11-09T08:37:36.471+0000] {dagbag.py:545} INFO - Filling up the DagBag from /opt/airflow/dags/ml_pipeline_dag.py
[2025-11-09T08:37:36.494+0000] {processor.py:840} INFO - DAG(s) 'ml_pipeline_dag' retrieved from /opt/airflow/dags/ml_pipeline_dag.py
[2025-11-09T08:37:36.540+0000] {logging_mixin.py:188} INFO - [2025-11-09T08:37:36.540+0000] {dag.py:3096} INFO - Sync 1 DAGs
[2025-11-09T08:37:36.556+0000] {logging_mixin.py:188} INFO - [2025-11-09T08:37:36.556+0000] {dag.py:3954} INFO - Setting next_dagrun for ml_pipeline_dag to 2025-11-01 00:00:00+00:00, run_after=2025-12-01 00:00:00+00:00
[2025-11-09T08:37:36.572+0000] {processor.py:183} INFO - Processing /opt/airflow/dags/ml_pipeline_dag.py took 0.121 seconds
[2025-11-09T08:38:07.607+0000] {processor.py:161} INFO - Started process (PID=9718) to work on /opt/airflow/dags/ml_pipeline_dag.py
[2025-11-09T08:38:07.637+0000] {processor.py:830} INFO - Processing file /opt/airflow/dags/ml_pipeline_dag.py for tasks to queue
[2025-11-09T08:38:07.652+0000] {logging_mixin.py:188} INFO - [2025-11-09T08:38:07.647+0000] {dagbag.py:545} INFO - Filling up the DagBag from /opt/airflow/dags/ml_pipeline_dag.py
[2025-11-09T08:38:07.767+0000] {processor.py:840} INFO - DAG(s) 'ml_pipeline_dag' retrieved from /opt/airflow/dags/ml_pipeline_dag.py
[2025-11-09T08:38:08.087+0000] {logging_mixin.py:188} INFO - [2025-11-09T08:38:08.084+0000] {dag.py:3096} INFO - Sync 1 DAGs
[2025-11-09T08:38:08.228+0000] {logging_mixin.py:188} INFO - [2025-11-09T08:38:08.228+0000] {dag.py:3954} INFO - Setting next_dagrun for ml_pipeline_dag to 2025-11-01 00:00:00+00:00, run_after=2025-12-01 00:00:00+00:00
[2025-11-09T08:38:09.636+0000] {processor.py:183} INFO - Processing /opt/airflow/dags/ml_pipeline_dag.py took 2.133 seconds
[2025-11-09T08:38:40.255+0000] {processor.py:161} INFO - Started process (PID=9719) to work on /opt/airflow/dags/ml_pipeline_dag.py
[2025-11-09T08:38:40.259+0000] {processor.py:830} INFO - Processing file /opt/airflow/dags/ml_pipeline_dag.py for tasks to queue
[2025-11-09T08:38:40.263+0000] {logging_mixin.py:188} INFO - [2025-11-09T08:38:40.260+0000] {dagbag.py:545} INFO - Filling up the DagBag from /opt/airflow/dags/ml_pipeline_dag.py
[2025-11-09T08:38:40.297+0000] {processor.py:840} INFO - DAG(s) 'ml_pipeline_dag' retrieved from /opt/airflow/dags/ml_pipeline_dag.py
[2025-11-09T08:38:40.388+0000] {logging_mixin.py:188} INFO - [2025-11-09T08:38:40.388+0000] {dag.py:3096} INFO - Sync 1 DAGs
[2025-11-09T08:38:40.425+0000] {logging_mixin.py:188} INFO - [2025-11-09T08:38:40.424+0000] {dag.py:3954} INFO - Setting next_dagrun for ml_pipeline_dag to 2025-11-01 00:00:00+00:00, run_after=2025-12-01 00:00:00+00:00
[2025-11-09T08:38:40.464+0000] {processor.py:183} INFO - Processing /opt/airflow/dags/ml_pipeline_dag.py took 0.238 seconds
[2025-11-09T08:39:11.013+0000] {processor.py:161} INFO - Started process (PID=9720) to work on /opt/airflow/dags/ml_pipeline_dag.py
[2025-11-09T08:39:11.016+0000] {processor.py:830} INFO - Processing file /opt/airflow/dags/ml_pipeline_dag.py for tasks to queue
[2025-11-09T08:39:11.023+0000] {logging_mixin.py:188} INFO - [2025-11-09T08:39:11.017+0000] {dagbag.py:545} INFO - Filling up the DagBag from /opt/airflow/dags/ml_pipeline_dag.py
[2025-11-09T08:39:11.048+0000] {processor.py:840} INFO - DAG(s) 'ml_pipeline_dag' retrieved from /opt/airflow/dags/ml_pipeline_dag.py
[2025-11-09T08:39:11.133+0000] {logging_mixin.py:188} INFO - [2025-11-09T08:39:11.133+0000] {dag.py:3096} INFO - Sync 1 DAGs
[2025-11-09T08:39:11.166+0000] {logging_mixin.py:188} INFO - [2025-11-09T08:39:11.166+0000] {dag.py:3954} INFO - Setting next_dagrun for ml_pipeline_dag to 2025-11-01 00:00:00+00:00, run_after=2025-12-01 00:00:00+00:00
[2025-11-09T08:39:11.193+0000] {processor.py:183} INFO - Processing /opt/airflow/dags/ml_pipeline_dag.py took 0.202 seconds
[2025-11-09T08:39:41.770+0000] {processor.py:161} INFO - Started process (PID=9721) to work on /opt/airflow/dags/ml_pipeline_dag.py
[2025-11-09T08:39:41.772+0000] {processor.py:830} INFO - Processing file /opt/airflow/dags/ml_pipeline_dag.py for tasks to queue
[2025-11-09T08:39:41.774+0000] {logging_mixin.py:188} INFO - [2025-11-09T08:39:41.773+0000] {dagbag.py:545} INFO - Filling up the DagBag from /opt/airflow/dags/ml_pipeline_dag.py
[2025-11-09T08:39:41.792+0000] {processor.py:840} INFO - DAG(s) 'ml_pipeline_dag' retrieved from /opt/airflow/dags/ml_pipeline_dag.py
[2025-11-09T08:39:41.854+0000] {logging_mixin.py:188} INFO - [2025-11-09T08:39:41.854+0000] {dag.py:3096} INFO - Sync 1 DAGs
[2025-11-09T08:39:41.879+0000] {logging_mixin.py:188} INFO - [2025-11-09T08:39:41.879+0000] {dag.py:3954} INFO - Setting next_dagrun for ml_pipeline_dag to 2025-11-01 00:00:00+00:00, run_after=2025-12-01 00:00:00+00:00
[2025-11-09T08:39:41.903+0000] {processor.py:183} INFO - Processing /opt/airflow/dags/ml_pipeline_dag.py took 0.155 seconds
[2025-11-09T08:40:12.168+0000] {processor.py:161} INFO - Started process (PID=9722) to work on /opt/airflow/dags/ml_pipeline_dag.py
[2025-11-09T08:40:12.176+0000] {processor.py:830} INFO - Processing file /opt/airflow/dags/ml_pipeline_dag.py for tasks to queue
[2025-11-09T08:40:12.178+0000] {logging_mixin.py:188} INFO - [2025-11-09T08:40:12.177+0000] {dagbag.py:545} INFO - Filling up the DagBag from /opt/airflow/dags/ml_pipeline_dag.py
[2025-11-09T08:40:12.204+0000] {processor.py:840} INFO - DAG(s) 'ml_pipeline_dag' retrieved from /opt/airflow/dags/ml_pipeline_dag.py
[2025-11-09T08:40:12.258+0000] {logging_mixin.py:188} INFO - [2025-11-09T08:40:12.258+0000] {dag.py:3096} INFO - Sync 1 DAGs
[2025-11-09T08:40:12.301+0000] {logging_mixin.py:188} INFO - [2025-11-09T08:40:12.301+0000] {dag.py:3954} INFO - Setting next_dagrun for ml_pipeline_dag to 2025-11-01 00:00:00+00:00, run_after=2025-12-01 00:00:00+00:00
[2025-11-09T08:40:12.327+0000] {processor.py:183} INFO - Processing /opt/airflow/dags/ml_pipeline_dag.py took 0.193 seconds
[2025-11-09T08:40:42.695+0000] {processor.py:161} INFO - Started process (PID=9723) to work on /opt/airflow/dags/ml_pipeline_dag.py
[2025-11-09T08:40:42.697+0000] {processor.py:830} INFO - Processing file /opt/airflow/dags/ml_pipeline_dag.py for tasks to queue
[2025-11-09T08:40:42.700+0000] {logging_mixin.py:188} INFO - [2025-11-09T08:40:42.698+0000] {dagbag.py:545} INFO - Filling up the DagBag from /opt/airflow/dags/ml_pipeline_dag.py
[2025-11-09T08:40:42.722+0000] {processor.py:840} INFO - DAG(s) 'ml_pipeline_dag' retrieved from /opt/airflow/dags/ml_pipeline_dag.py
[2025-11-09T08:40:42.774+0000] {logging_mixin.py:188} INFO - [2025-11-09T08:40:42.774+0000] {dag.py:3096} INFO - Sync 1 DAGs
[2025-11-09T08:40:42.797+0000] {logging_mixin.py:188} INFO - [2025-11-09T08:40:42.797+0000] {dag.py:3954} INFO - Setting next_dagrun for ml_pipeline_dag to 2025-11-01 00:00:00+00:00, run_after=2025-12-01 00:00:00+00:00
[2025-11-09T08:40:42.821+0000] {processor.py:183} INFO - Processing /opt/airflow/dags/ml_pipeline_dag.py took 0.144 seconds
[2025-11-09T08:41:13.141+0000] {processor.py:161} INFO - Started process (PID=9724) to work on /opt/airflow/dags/ml_pipeline_dag.py
[2025-11-09T08:41:13.144+0000] {processor.py:830} INFO - Processing file /opt/airflow/dags/ml_pipeline_dag.py for tasks to queue
[2025-11-09T08:41:13.146+0000] {logging_mixin.py:188} INFO - [2025-11-09T08:41:13.145+0000] {dagbag.py:545} INFO - Filling up the DagBag from /opt/airflow/dags/ml_pipeline_dag.py
[2025-11-09T08:41:13.176+0000] {processor.py:840} INFO - DAG(s) 'ml_pipeline_dag' retrieved from /opt/airflow/dags/ml_pipeline_dag.py
[2025-11-09T08:41:13.242+0000] {logging_mixin.py:188} INFO - [2025-11-09T08:41:13.242+0000] {dag.py:3096} INFO - Sync 1 DAGs
[2025-11-09T08:41:13.279+0000] {logging_mixin.py:188} INFO - [2025-11-09T08:41:13.279+0000] {dag.py:3954} INFO - Setting next_dagrun for ml_pipeline_dag to 2025-11-01 00:00:00+00:00, run_after=2025-12-01 00:00:00+00:00
[2025-11-09T08:41:13.318+0000] {processor.py:183} INFO - Processing /opt/airflow/dags/ml_pipeline_dag.py took 0.207 seconds
[2025-11-09T08:41:43.718+0000] {processor.py:161} INFO - Started process (PID=9725) to work on /opt/airflow/dags/ml_pipeline_dag.py
[2025-11-09T08:41:43.722+0000] {processor.py:830} INFO - Processing file /opt/airflow/dags/ml_pipeline_dag.py for tasks to queue
[2025-11-09T08:41:43.725+0000] {logging_mixin.py:188} INFO - [2025-11-09T08:41:43.723+0000] {dagbag.py:545} INFO - Filling up the DagBag from /opt/airflow/dags/ml_pipeline_dag.py
[2025-11-09T08:41:43.765+0000] {processor.py:840} INFO - DAG(s) 'ml_pipeline_dag' retrieved from /opt/airflow/dags/ml_pipeline_dag.py
[2025-11-09T08:41:43.837+0000] {logging_mixin.py:188} INFO - [2025-11-09T08:41:43.837+0000] {dag.py:3096} INFO - Sync 1 DAGs
[2025-11-09T08:41:43.868+0000] {logging_mixin.py:188} INFO - [2025-11-09T08:41:43.868+0000] {dag.py:3954} INFO - Setting next_dagrun for ml_pipeline_dag to 2025-11-01 00:00:00+00:00, run_after=2025-12-01 00:00:00+00:00
[2025-11-09T08:41:43.901+0000] {processor.py:183} INFO - Processing /opt/airflow/dags/ml_pipeline_dag.py took 0.197 seconds
[2025-11-09T08:42:14.238+0000] {processor.py:161} INFO - Started process (PID=9726) to work on /opt/airflow/dags/ml_pipeline_dag.py
[2025-11-09T08:42:14.242+0000] {processor.py:830} INFO - Processing file /opt/airflow/dags/ml_pipeline_dag.py for tasks to queue
[2025-11-09T08:42:14.245+0000] {logging_mixin.py:188} INFO - [2025-11-09T08:42:14.243+0000] {dagbag.py:545} INFO - Filling up the DagBag from /opt/airflow/dags/ml_pipeline_dag.py
[2025-11-09T08:42:14.270+0000] {processor.py:840} INFO - DAG(s) 'ml_pipeline_dag' retrieved from /opt/airflow/dags/ml_pipeline_dag.py
[2025-11-09T08:42:14.339+0000] {logging_mixin.py:188} INFO - [2025-11-09T08:42:14.339+0000] {dag.py:3096} INFO - Sync 1 DAGs
[2025-11-09T08:42:14.366+0000] {logging_mixin.py:188} INFO - [2025-11-09T08:42:14.366+0000] {dag.py:3954} INFO - Setting next_dagrun for ml_pipeline_dag to 2025-11-01 00:00:00+00:00, run_after=2025-12-01 00:00:00+00:00
[2025-11-09T08:42:14.393+0000] {processor.py:183} INFO - Processing /opt/airflow/dags/ml_pipeline_dag.py took 0.183 seconds
[2025-11-09T08:42:44.618+0000] {processor.py:161} INFO - Started process (PID=9727) to work on /opt/airflow/dags/ml_pipeline_dag.py
[2025-11-09T08:42:44.619+0000] {processor.py:830} INFO - Processing file /opt/airflow/dags/ml_pipeline_dag.py for tasks to queue
[2025-11-09T08:42:44.621+0000] {logging_mixin.py:188} INFO - [2025-11-09T08:42:44.620+0000] {dagbag.py:545} INFO - Filling up the DagBag from /opt/airflow/dags/ml_pipeline_dag.py
[2025-11-09T08:42:44.643+0000] {processor.py:840} INFO - DAG(s) 'ml_pipeline_dag' retrieved from /opt/airflow/dags/ml_pipeline_dag.py
[2025-11-09T08:42:44.689+0000] {logging_mixin.py:188} INFO - [2025-11-09T08:42:44.688+0000] {dag.py:3096} INFO - Sync 1 DAGs
[2025-11-09T08:42:44.710+0000] {logging_mixin.py:188} INFO - [2025-11-09T08:42:44.710+0000] {dag.py:3954} INFO - Setting next_dagrun for ml_pipeline_dag to 2025-11-01 00:00:00+00:00, run_after=2025-12-01 00:00:00+00:00
[2025-11-09T08:42:44.725+0000] {processor.py:183} INFO - Processing /opt/airflow/dags/ml_pipeline_dag.py took 0.124 seconds
[2025-11-09T08:43:15.039+0000] {processor.py:161} INFO - Started process (PID=9728) to work on /opt/airflow/dags/ml_pipeline_dag.py
[2025-11-09T08:43:15.041+0000] {processor.py:830} INFO - Processing file /opt/airflow/dags/ml_pipeline_dag.py for tasks to queue
[2025-11-09T08:43:15.043+0000] {logging_mixin.py:188} INFO - [2025-11-09T08:43:15.042+0000] {dagbag.py:545} INFO - Filling up the DagBag from /opt/airflow/dags/ml_pipeline_dag.py
[2025-11-09T08:43:15.058+0000] {processor.py:840} INFO - DAG(s) 'ml_pipeline_dag' retrieved from /opt/airflow/dags/ml_pipeline_dag.py
[2025-11-09T08:43:15.117+0000] {logging_mixin.py:188} INFO - [2025-11-09T08:43:15.117+0000] {dag.py:3096} INFO - Sync 1 DAGs
[2025-11-09T08:43:15.150+0000] {logging_mixin.py:188} INFO - [2025-11-09T08:43:15.150+0000] {dag.py:3954} INFO - Setting next_dagrun for ml_pipeline_dag to 2025-11-01 00:00:00+00:00, run_after=2025-12-01 00:00:00+00:00
[2025-11-09T08:43:15.180+0000] {processor.py:183} INFO - Processing /opt/airflow/dags/ml_pipeline_dag.py took 0.155 seconds
[2025-11-09T08:43:45.519+0000] {processor.py:161} INFO - Started process (PID=9729) to work on /opt/airflow/dags/ml_pipeline_dag.py
[2025-11-09T08:43:45.523+0000] {processor.py:830} INFO - Processing file /opt/airflow/dags/ml_pipeline_dag.py for tasks to queue
[2025-11-09T08:43:45.525+0000] {logging_mixin.py:188} INFO - [2025-11-09T08:43:45.524+0000] {dagbag.py:545} INFO - Filling up the DagBag from /opt/airflow/dags/ml_pipeline_dag.py
[2025-11-09T08:43:45.541+0000] {processor.py:840} INFO - DAG(s) 'ml_pipeline_dag' retrieved from /opt/airflow/dags/ml_pipeline_dag.py
[2025-11-09T08:43:45.597+0000] {logging_mixin.py:188} INFO - [2025-11-09T08:43:45.597+0000] {dag.py:3096} INFO - Sync 1 DAGs
[2025-11-09T08:43:45.620+0000] {logging_mixin.py:188} INFO - [2025-11-09T08:43:45.620+0000] {dag.py:3954} INFO - Setting next_dagrun for ml_pipeline_dag to 2025-11-01 00:00:00+00:00, run_after=2025-12-01 00:00:00+00:00
[2025-11-09T08:43:45.645+0000] {processor.py:183} INFO - Processing /opt/airflow/dags/ml_pipeline_dag.py took 0.141 seconds
[2025-11-09T08:44:15.977+0000] {processor.py:161} INFO - Started process (PID=9730) to work on /opt/airflow/dags/ml_pipeline_dag.py
[2025-11-09T08:44:15.981+0000] {processor.py:830} INFO - Processing file /opt/airflow/dags/ml_pipeline_dag.py for tasks to queue
[2025-11-09T08:44:15.983+0000] {logging_mixin.py:188} INFO - [2025-11-09T08:44:15.982+0000] {dagbag.py:545} INFO - Filling up the DagBag from /opt/airflow/dags/ml_pipeline_dag.py
[2025-11-09T08:44:16.001+0000] {processor.py:840} INFO - DAG(s) 'ml_pipeline_dag' retrieved from /opt/airflow/dags/ml_pipeline_dag.py
[2025-11-09T08:44:16.056+0000] {logging_mixin.py:188} INFO - [2025-11-09T08:44:16.056+0000] {dag.py:3096} INFO - Sync 1 DAGs
[2025-11-09T08:44:16.086+0000] {logging_mixin.py:188} INFO - [2025-11-09T08:44:16.086+0000] {dag.py:3954} INFO - Setting next_dagrun for ml_pipeline_dag to 2025-11-01 00:00:00+00:00, run_after=2025-12-01 00:00:00+00:00
[2025-11-09T08:44:16.113+0000] {processor.py:183} INFO - Processing /opt/airflow/dags/ml_pipeline_dag.py took 0.158 seconds
[2025-11-09T08:44:46.408+0000] {processor.py:161} INFO - Started process (PID=9731) to work on /opt/airflow/dags/ml_pipeline_dag.py
[2025-11-09T08:44:46.410+0000] {processor.py:830} INFO - Processing file /opt/airflow/dags/ml_pipeline_dag.py for tasks to queue
[2025-11-09T08:44:46.411+0000] {logging_mixin.py:188} INFO - [2025-11-09T08:44:46.411+0000] {dagbag.py:545} INFO - Filling up the DagBag from /opt/airflow/dags/ml_pipeline_dag.py
[2025-11-09T08:44:46.427+0000] {processor.py:840} INFO - DAG(s) 'ml_pipeline_dag' retrieved from /opt/airflow/dags/ml_pipeline_dag.py
[2025-11-09T08:44:46.482+0000] {logging_mixin.py:188} INFO - [2025-11-09T08:44:46.481+0000] {dag.py:3096} INFO - Sync 1 DAGs
[2025-11-09T08:44:46.502+0000] {logging_mixin.py:188} INFO - [2025-11-09T08:44:46.502+0000] {dag.py:3954} INFO - Setting next_dagrun for ml_pipeline_dag to 2025-11-01 00:00:00+00:00, run_after=2025-12-01 00:00:00+00:00
[2025-11-09T08:44:46.541+0000] {processor.py:183} INFO - Processing /opt/airflow/dags/ml_pipeline_dag.py took 0.156 seconds
[2025-11-09T08:45:16.849+0000] {processor.py:161} INFO - Started process (PID=9732) to work on /opt/airflow/dags/ml_pipeline_dag.py
[2025-11-09T08:45:16.852+0000] {processor.py:830} INFO - Processing file /opt/airflow/dags/ml_pipeline_dag.py for tasks to queue
[2025-11-09T08:45:16.857+0000] {logging_mixin.py:188} INFO - [2025-11-09T08:45:16.853+0000] {dagbag.py:545} INFO - Filling up the DagBag from /opt/airflow/dags/ml_pipeline_dag.py
[2025-11-09T08:45:16.877+0000] {processor.py:840} INFO - DAG(s) 'ml_pipeline_dag' retrieved from /opt/airflow/dags/ml_pipeline_dag.py
[2025-11-09T08:45:16.953+0000] {logging_mixin.py:188} INFO - [2025-11-09T08:45:16.953+0000] {dag.py:3096} INFO - Sync 1 DAGs
[2025-11-09T08:45:16.996+0000] {logging_mixin.py:188} INFO - [2025-11-09T08:45:16.996+0000] {dag.py:3954} INFO - Setting next_dagrun for ml_pipeline_dag to 2025-11-01 00:00:00+00:00, run_after=2025-12-01 00:00:00+00:00
[2025-11-09T08:45:17.040+0000] {processor.py:183} INFO - Processing /opt/airflow/dags/ml_pipeline_dag.py took 0.216 seconds
[2025-11-09T08:45:47.431+0000] {processor.py:161} INFO - Started process (PID=9733) to work on /opt/airflow/dags/ml_pipeline_dag.py
[2025-11-09T08:45:47.432+0000] {processor.py:830} INFO - Processing file /opt/airflow/dags/ml_pipeline_dag.py for tasks to queue
[2025-11-09T08:45:47.434+0000] {logging_mixin.py:188} INFO - [2025-11-09T08:45:47.433+0000] {dagbag.py:545} INFO - Filling up the DagBag from /opt/airflow/dags/ml_pipeline_dag.py
[2025-11-09T08:45:47.450+0000] {processor.py:840} INFO - DAG(s) 'ml_pipeline_dag' retrieved from /opt/airflow/dags/ml_pipeline_dag.py
[2025-11-09T08:45:47.507+0000] {logging_mixin.py:188} INFO - [2025-11-09T08:45:47.507+0000] {dag.py:3096} INFO - Sync 1 DAGs
[2025-11-09T08:45:47.531+0000] {logging_mixin.py:188} INFO - [2025-11-09T08:45:47.531+0000] {dag.py:3954} INFO - Setting next_dagrun for ml_pipeline_dag to 2025-11-01 00:00:00+00:00, run_after=2025-12-01 00:00:00+00:00
[2025-11-09T08:45:47.550+0000] {processor.py:183} INFO - Processing /opt/airflow/dags/ml_pipeline_dag.py took 0.137 seconds
[2025-11-09T08:46:17.902+0000] {processor.py:161} INFO - Started process (PID=9734) to work on /opt/airflow/dags/ml_pipeline_dag.py
[2025-11-09T08:46:17.906+0000] {processor.py:830} INFO - Processing file /opt/airflow/dags/ml_pipeline_dag.py for tasks to queue
[2025-11-09T08:46:17.908+0000] {logging_mixin.py:188} INFO - [2025-11-09T08:46:17.907+0000] {dagbag.py:545} INFO - Filling up the DagBag from /opt/airflow/dags/ml_pipeline_dag.py
[2025-11-09T08:46:17.931+0000] {processor.py:840} INFO - DAG(s) 'ml_pipeline_dag' retrieved from /opt/airflow/dags/ml_pipeline_dag.py
[2025-11-09T08:46:18.013+0000] {logging_mixin.py:188} INFO - [2025-11-09T08:46:18.013+0000] {dag.py:3096} INFO - Sync 1 DAGs
[2025-11-09T08:46:18.048+0000] {logging_mixin.py:188} INFO - [2025-11-09T08:46:18.048+0000] {dag.py:3954} INFO - Setting next_dagrun for ml_pipeline_dag to 2025-11-01 00:00:00+00:00, run_after=2025-12-01 00:00:00+00:00
[2025-11-09T08:46:18.096+0000] {processor.py:183} INFO - Processing /opt/airflow/dags/ml_pipeline_dag.py took 0.219 seconds
[2025-11-09T08:46:48.412+0000] {processor.py:161} INFO - Started process (PID=9735) to work on /opt/airflow/dags/ml_pipeline_dag.py
[2025-11-09T08:46:48.414+0000] {processor.py:830} INFO - Processing file /opt/airflow/dags/ml_pipeline_dag.py for tasks to queue
[2025-11-09T08:46:48.416+0000] {logging_mixin.py:188} INFO - [2025-11-09T08:46:48.415+0000] {dagbag.py:545} INFO - Filling up the DagBag from /opt/airflow/dags/ml_pipeline_dag.py
[2025-11-09T08:46:48.436+0000] {processor.py:840} INFO - DAG(s) 'ml_pipeline_dag' retrieved from /opt/airflow/dags/ml_pipeline_dag.py
[2025-11-09T08:46:48.491+0000] {logging_mixin.py:188} INFO - [2025-11-09T08:46:48.491+0000] {dag.py:3096} INFO - Sync 1 DAGs
[2025-11-09T08:46:48.514+0000] {logging_mixin.py:188} INFO - [2025-11-09T08:46:48.514+0000] {dag.py:3954} INFO - Setting next_dagrun for ml_pipeline_dag to 2025-11-01 00:00:00+00:00, run_after=2025-12-01 00:00:00+00:00
[2025-11-09T08:46:48.538+0000] {processor.py:183} INFO - Processing /opt/airflow/dags/ml_pipeline_dag.py took 0.149 seconds
[2025-11-09T08:47:18.851+0000] {processor.py:161} INFO - Started process (PID=9736) to work on /opt/airflow/dags/ml_pipeline_dag.py
[2025-11-09T08:47:18.856+0000] {processor.py:830} INFO - Processing file /opt/airflow/dags/ml_pipeline_dag.py for tasks to queue
[2025-11-09T08:47:18.858+0000] {logging_mixin.py:188} INFO - [2025-11-09T08:47:18.856+0000] {dagbag.py:545} INFO - Filling up the DagBag from /opt/airflow/dags/ml_pipeline_dag.py
[2025-11-09T08:47:18.878+0000] {processor.py:840} INFO - DAG(s) 'ml_pipeline_dag' retrieved from /opt/airflow/dags/ml_pipeline_dag.py
[2025-11-09T08:47:18.951+0000] {logging_mixin.py:188} INFO - [2025-11-09T08:47:18.951+0000] {dag.py:3096} INFO - Sync 1 DAGs
[2025-11-09T08:47:18.986+0000] {logging_mixin.py:188} INFO - [2025-11-09T08:47:18.986+0000] {dag.py:3954} INFO - Setting next_dagrun for ml_pipeline_dag to 2025-11-01 00:00:00+00:00, run_after=2025-12-01 00:00:00+00:00
[2025-11-09T08:47:19.009+0000] {processor.py:183} INFO - Processing /opt/airflow/dags/ml_pipeline_dag.py took 0.178 seconds
[2025-11-09T08:47:49.212+0000] {processor.py:161} INFO - Started process (PID=9737) to work on /opt/airflow/dags/ml_pipeline_dag.py
[2025-11-09T08:47:49.215+0000] {processor.py:830} INFO - Processing file /opt/airflow/dags/ml_pipeline_dag.py for tasks to queue
[2025-11-09T08:47:49.217+0000] {logging_mixin.py:188} INFO - [2025-11-09T08:47:49.215+0000] {dagbag.py:545} INFO - Filling up the DagBag from /opt/airflow/dags/ml_pipeline_dag.py
[2025-11-09T08:47:49.232+0000] {processor.py:840} INFO - DAG(s) 'ml_pipeline_dag' retrieved from /opt/airflow/dags/ml_pipeline_dag.py
[2025-11-09T08:47:49.290+0000] {logging_mixin.py:188} INFO - [2025-11-09T08:47:49.289+0000] {dag.py:3096} INFO - Sync 1 DAGs
[2025-11-09T08:47:49.325+0000] {logging_mixin.py:188} INFO - [2025-11-09T08:47:49.325+0000] {dag.py:3954} INFO - Setting next_dagrun for ml_pipeline_dag to 2025-11-01 00:00:00+00:00, run_after=2025-12-01 00:00:00+00:00
[2025-11-09T08:47:49.345+0000] {processor.py:183} INFO - Processing /opt/airflow/dags/ml_pipeline_dag.py took 0.145 seconds
[2025-11-09T08:48:19.611+0000] {processor.py:161} INFO - Started process (PID=9738) to work on /opt/airflow/dags/ml_pipeline_dag.py
[2025-11-09T08:48:19.613+0000] {processor.py:830} INFO - Processing file /opt/airflow/dags/ml_pipeline_dag.py for tasks to queue
[2025-11-09T08:48:19.615+0000] {logging_mixin.py:188} INFO - [2025-11-09T08:48:19.614+0000] {dagbag.py:545} INFO - Filling up the DagBag from /opt/airflow/dags/ml_pipeline_dag.py
[2025-11-09T08:48:19.635+0000] {processor.py:840} INFO - DAG(s) 'ml_pipeline_dag' retrieved from /opt/airflow/dags/ml_pipeline_dag.py
[2025-11-09T08:48:19.696+0000] {logging_mixin.py:188} INFO - [2025-11-09T08:48:19.696+0000] {dag.py:3096} INFO - Sync 1 DAGs
[2025-11-09T08:48:19.721+0000] {logging_mixin.py:188} INFO - [2025-11-09T08:48:19.721+0000] {dag.py:3954} INFO - Setting next_dagrun for ml_pipeline_dag to 2025-11-01 00:00:00+00:00, run_after=2025-12-01 00:00:00+00:00
[2025-11-09T08:48:19.745+0000] {processor.py:183} INFO - Processing /opt/airflow/dags/ml_pipeline_dag.py took 0.150 seconds
[2025-11-09T08:48:49.945+0000] {processor.py:161} INFO - Started process (PID=9739) to work on /opt/airflow/dags/ml_pipeline_dag.py
[2025-11-09T08:48:49.946+0000] {processor.py:830} INFO - Processing file /opt/airflow/dags/ml_pipeline_dag.py for tasks to queue
[2025-11-09T08:48:49.948+0000] {logging_mixin.py:188} INFO - [2025-11-09T08:48:49.947+0000] {dagbag.py:545} INFO - Filling up the DagBag from /opt/airflow/dags/ml_pipeline_dag.py
[2025-11-09T08:48:49.965+0000] {processor.py:840} INFO - DAG(s) 'ml_pipeline_dag' retrieved from /opt/airflow/dags/ml_pipeline_dag.py
[2025-11-09T08:48:50.033+0000] {logging_mixin.py:188} INFO - [2025-11-09T08:48:50.033+0000] {dag.py:3096} INFO - Sync 1 DAGs
[2025-11-09T08:48:50.064+0000] {logging_mixin.py:188} INFO - [2025-11-09T08:48:50.063+0000] {dag.py:3954} INFO - Setting next_dagrun for ml_pipeline_dag to 2025-11-01 00:00:00+00:00, run_after=2025-12-01 00:00:00+00:00
[2025-11-09T08:48:50.089+0000] {processor.py:183} INFO - Processing /opt/airflow/dags/ml_pipeline_dag.py took 0.158 seconds
[2025-11-09T08:49:20.391+0000] {processor.py:161} INFO - Started process (PID=9741) to work on /opt/airflow/dags/ml_pipeline_dag.py
[2025-11-09T08:49:20.401+0000] {processor.py:830} INFO - Processing file /opt/airflow/dags/ml_pipeline_dag.py for tasks to queue
[2025-11-09T08:49:20.409+0000] {logging_mixin.py:188} INFO - [2025-11-09T08:49:20.405+0000] {dagbag.py:545} INFO - Filling up the DagBag from /opt/airflow/dags/ml_pipeline_dag.py
[2025-11-09T08:49:20.425+0000] {processor.py:840} INFO - DAG(s) 'ml_pipeline_dag' retrieved from /opt/airflow/dags/ml_pipeline_dag.py
[2025-11-09T08:49:20.667+0000] {logging_mixin.py:188} INFO - [2025-11-09T08:49:20.666+0000] {dag.py:3096} INFO - Sync 1 DAGs
[2025-11-09T08:49:20.763+0000] {logging_mixin.py:188} INFO - [2025-11-09T08:49:20.763+0000] {dag.py:3954} INFO - Setting next_dagrun for ml_pipeline_dag to 2025-11-01 00:00:00+00:00, run_after=2025-12-01 00:00:00+00:00
[2025-11-09T08:49:20.825+0000] {processor.py:183} INFO - Processing /opt/airflow/dags/ml_pipeline_dag.py took 0.482 seconds
[2025-11-09T08:49:51.025+0000] {processor.py:161} INFO - Started process (PID=9742) to work on /opt/airflow/dags/ml_pipeline_dag.py
[2025-11-09T08:49:51.027+0000] {processor.py:830} INFO - Processing file /opt/airflow/dags/ml_pipeline_dag.py for tasks to queue
[2025-11-09T08:49:51.029+0000] {logging_mixin.py:188} INFO - [2025-11-09T08:49:51.027+0000] {dagbag.py:545} INFO - Filling up the DagBag from /opt/airflow/dags/ml_pipeline_dag.py
[2025-11-09T08:49:51.045+0000] {processor.py:840} INFO - DAG(s) 'ml_pipeline_dag' retrieved from /opt/airflow/dags/ml_pipeline_dag.py
[2025-11-09T08:49:51.092+0000] {logging_mixin.py:188} INFO - [2025-11-09T08:49:51.092+0000] {dag.py:3096} INFO - Sync 1 DAGs
[2025-11-09T08:49:51.119+0000] {logging_mixin.py:188} INFO - [2025-11-09T08:49:51.119+0000] {dag.py:3954} INFO - Setting next_dagrun for ml_pipeline_dag to 2025-11-01 00:00:00+00:00, run_after=2025-12-01 00:00:00+00:00
[2025-11-09T08:49:51.142+0000] {processor.py:183} INFO - Processing /opt/airflow/dags/ml_pipeline_dag.py took 0.139 seconds
[2025-11-09T08:50:21.356+0000] {processor.py:161} INFO - Started process (PID=9743) to work on /opt/airflow/dags/ml_pipeline_dag.py
[2025-11-09T08:50:21.359+0000] {processor.py:830} INFO - Processing file /opt/airflow/dags/ml_pipeline_dag.py for tasks to queue
[2025-11-09T08:50:21.361+0000] {logging_mixin.py:188} INFO - [2025-11-09T08:50:21.359+0000] {dagbag.py:545} INFO - Filling up the DagBag from /opt/airflow/dags/ml_pipeline_dag.py
[2025-11-09T08:50:21.382+0000] {processor.py:840} INFO - DAG(s) 'ml_pipeline_dag' retrieved from /opt/airflow/dags/ml_pipeline_dag.py
[2025-11-09T08:50:21.431+0000] {logging_mixin.py:188} INFO - [2025-11-09T08:50:21.431+0000] {dag.py:3096} INFO - Sync 1 DAGs
[2025-11-09T08:50:21.466+0000] {logging_mixin.py:188} INFO - [2025-11-09T08:50:21.466+0000] {dag.py:3954} INFO - Setting next_dagrun for ml_pipeline_dag to 2025-11-01 00:00:00+00:00, run_after=2025-12-01 00:00:00+00:00
[2025-11-09T08:50:21.525+0000] {processor.py:183} INFO - Processing /opt/airflow/dags/ml_pipeline_dag.py took 0.184 seconds
[2025-11-09T08:50:51.690+0000] {processor.py:161} INFO - Started process (PID=9744) to work on /opt/airflow/dags/ml_pipeline_dag.py
[2025-11-09T08:50:51.692+0000] {processor.py:830} INFO - Processing file /opt/airflow/dags/ml_pipeline_dag.py for tasks to queue
[2025-11-09T08:50:51.697+0000] {logging_mixin.py:188} INFO - [2025-11-09T08:50:51.694+0000] {dagbag.py:545} INFO - Filling up the DagBag from /opt/airflow/dags/ml_pipeline_dag.py
[2025-11-09T08:50:51.714+0000] {processor.py:840} INFO - DAG(s) 'ml_pipeline_dag' retrieved from /opt/airflow/dags/ml_pipeline_dag.py
[2025-11-09T08:50:51.794+0000] {logging_mixin.py:188} INFO - [2025-11-09T08:50:51.794+0000] {dag.py:3096} INFO - Sync 1 DAGs
[2025-11-09T08:50:51.856+0000] {logging_mixin.py:188} INFO - [2025-11-09T08:50:51.856+0000] {dag.py:3954} INFO - Setting next_dagrun for ml_pipeline_dag to 2025-11-01 00:00:00+00:00, run_after=2025-12-01 00:00:00+00:00
[2025-11-09T08:50:51.884+0000] {processor.py:183} INFO - Processing /opt/airflow/dags/ml_pipeline_dag.py took 0.207 seconds
[2025-11-09T08:51:22.245+0000] {processor.py:161} INFO - Started process (PID=9745) to work on /opt/airflow/dags/ml_pipeline_dag.py
[2025-11-09T08:51:22.247+0000] {processor.py:830} INFO - Processing file /opt/airflow/dags/ml_pipeline_dag.py for tasks to queue
[2025-11-09T08:51:22.249+0000] {logging_mixin.py:188} INFO - [2025-11-09T08:51:22.248+0000] {dagbag.py:545} INFO - Filling up the DagBag from /opt/airflow/dags/ml_pipeline_dag.py
[2025-11-09T08:51:22.266+0000] {processor.py:840} INFO - DAG(s) 'ml_pipeline_dag' retrieved from /opt/airflow/dags/ml_pipeline_dag.py
[2025-11-09T08:51:22.317+0000] {logging_mixin.py:188} INFO - [2025-11-09T08:51:22.317+0000] {dag.py:3096} INFO - Sync 1 DAGs
[2025-11-09T08:51:22.388+0000] {logging_mixin.py:188} INFO - [2025-11-09T08:51:22.388+0000] {dag.py:3954} INFO - Setting next_dagrun for ml_pipeline_dag to 2025-11-01 00:00:00+00:00, run_after=2025-12-01 00:00:00+00:00
[2025-11-09T08:51:22.432+0000] {processor.py:183} INFO - Processing /opt/airflow/dags/ml_pipeline_dag.py took 0.207 seconds
[2025-11-09T08:51:52.785+0000] {processor.py:161} INFO - Started process (PID=9746) to work on /opt/airflow/dags/ml_pipeline_dag.py
[2025-11-09T08:51:52.788+0000] {processor.py:830} INFO - Processing file /opt/airflow/dags/ml_pipeline_dag.py for tasks to queue
[2025-11-09T08:51:52.792+0000] {logging_mixin.py:188} INFO - [2025-11-09T08:51:52.789+0000] {dagbag.py:545} INFO - Filling up the DagBag from /opt/airflow/dags/ml_pipeline_dag.py
[2025-11-09T08:51:52.813+0000] {processor.py:840} INFO - DAG(s) 'ml_pipeline_dag' retrieved from /opt/airflow/dags/ml_pipeline_dag.py
[2025-11-09T08:51:52.864+0000] {logging_mixin.py:188} INFO - [2025-11-09T08:51:52.864+0000] {dag.py:3096} INFO - Sync 1 DAGs
[2025-11-09T08:51:52.884+0000] {logging_mixin.py:188} INFO - [2025-11-09T08:51:52.884+0000] {dag.py:3954} INFO - Setting next_dagrun for ml_pipeline_dag to 2025-11-01 00:00:00+00:00, run_after=2025-12-01 00:00:00+00:00
[2025-11-09T08:51:52.903+0000] {processor.py:183} INFO - Processing /opt/airflow/dags/ml_pipeline_dag.py took 0.141 seconds
[2025-11-09T08:52:23.145+0000] {processor.py:161} INFO - Started process (PID=9747) to work on /opt/airflow/dags/ml_pipeline_dag.py
[2025-11-09T08:52:23.147+0000] {processor.py:830} INFO - Processing file /opt/airflow/dags/ml_pipeline_dag.py for tasks to queue
[2025-11-09T08:52:23.149+0000] {logging_mixin.py:188} INFO - [2025-11-09T08:52:23.148+0000] {dagbag.py:545} INFO - Filling up the DagBag from /opt/airflow/dags/ml_pipeline_dag.py
[2025-11-09T08:52:23.173+0000] {processor.py:840} INFO - DAG(s) 'ml_pipeline_dag' retrieved from /opt/airflow/dags/ml_pipeline_dag.py
[2025-11-09T08:52:23.225+0000] {logging_mixin.py:188} INFO - [2025-11-09T08:52:23.225+0000] {dag.py:3096} INFO - Sync 1 DAGs
[2025-11-09T08:52:23.250+0000] {logging_mixin.py:188} INFO - [2025-11-09T08:52:23.250+0000] {dag.py:3954} INFO - Setting next_dagrun for ml_pipeline_dag to 2025-11-01 00:00:00+00:00, run_after=2025-12-01 00:00:00+00:00
[2025-11-09T08:52:23.269+0000] {processor.py:183} INFO - Processing /opt/airflow/dags/ml_pipeline_dag.py took 0.143 seconds
[2025-11-09T08:52:53.561+0000] {processor.py:161} INFO - Started process (PID=9748) to work on /opt/airflow/dags/ml_pipeline_dag.py
[2025-11-09T08:52:53.564+0000] {processor.py:830} INFO - Processing file /opt/airflow/dags/ml_pipeline_dag.py for tasks to queue
[2025-11-09T08:52:53.566+0000] {logging_mixin.py:188} INFO - [2025-11-09T08:52:53.565+0000] {dagbag.py:545} INFO - Filling up the DagBag from /opt/airflow/dags/ml_pipeline_dag.py
[2025-11-09T08:52:53.584+0000] {processor.py:840} INFO - DAG(s) 'ml_pipeline_dag' retrieved from /opt/airflow/dags/ml_pipeline_dag.py
[2025-11-09T08:52:53.641+0000] {logging_mixin.py:188} INFO - [2025-11-09T08:52:53.641+0000] {dag.py:3096} INFO - Sync 1 DAGs
[2025-11-09T08:52:53.670+0000] {logging_mixin.py:188} INFO - [2025-11-09T08:52:53.670+0000] {dag.py:3954} INFO - Setting next_dagrun for ml_pipeline_dag to 2025-11-01 00:00:00+00:00, run_after=2025-12-01 00:00:00+00:00
[2025-11-09T08:52:53.698+0000] {processor.py:183} INFO - Processing /opt/airflow/dags/ml_pipeline_dag.py took 0.159 seconds
[2025-11-09T08:53:24.432+0000] {processor.py:161} INFO - Started process (PID=9749) to work on /opt/airflow/dags/ml_pipeline_dag.py
[2025-11-09T08:53:24.471+0000] {processor.py:830} INFO - Processing file /opt/airflow/dags/ml_pipeline_dag.py for tasks to queue
[2025-11-09T08:53:24.525+0000] {logging_mixin.py:188} INFO - [2025-11-09T08:53:24.499+0000] {dagbag.py:545} INFO - Filling up the DagBag from /opt/airflow/dags/ml_pipeline_dag.py
[2025-11-09T08:53:24.796+0000] {processor.py:840} INFO - DAG(s) 'ml_pipeline_dag' retrieved from /opt/airflow/dags/ml_pipeline_dag.py
[2025-11-09T08:53:25.089+0000] {logging_mixin.py:188} INFO - [2025-11-09T08:53:25.088+0000] {dag.py:3096} INFO - Sync 1 DAGs
[2025-11-09T08:53:25.134+0000] {logging_mixin.py:188} INFO - [2025-11-09T08:53:25.134+0000] {dag.py:3954} INFO - Setting next_dagrun for ml_pipeline_dag to 2025-11-01 00:00:00+00:00, run_after=2025-12-01 00:00:00+00:00
[2025-11-09T08:53:25.188+0000] {processor.py:183} INFO - Processing /opt/airflow/dags/ml_pipeline_dag.py took 0.956 seconds
[2025-11-09T08:53:55.525+0000] {processor.py:161} INFO - Started process (PID=9750) to work on /opt/airflow/dags/ml_pipeline_dag.py
[2025-11-09T08:53:55.530+0000] {processor.py:830} INFO - Processing file /opt/airflow/dags/ml_pipeline_dag.py for tasks to queue
[2025-11-09T08:53:55.535+0000] {logging_mixin.py:188} INFO - [2025-11-09T08:53:55.531+0000] {dagbag.py:545} INFO - Filling up the DagBag from /opt/airflow/dags/ml_pipeline_dag.py
[2025-11-09T08:53:55.568+0000] {processor.py:840} INFO - DAG(s) 'ml_pipeline_dag' retrieved from /opt/airflow/dags/ml_pipeline_dag.py
[2025-11-09T08:53:55.644+0000] {logging_mixin.py:188} INFO - [2025-11-09T08:53:55.643+0000] {dag.py:3096} INFO - Sync 1 DAGs
[2025-11-09T08:53:55.681+0000] {logging_mixin.py:188} INFO - [2025-11-09T08:53:55.680+0000] {dag.py:3954} INFO - Setting next_dagrun for ml_pipeline_dag to 2025-11-01 00:00:00+00:00, run_after=2025-12-01 00:00:00+00:00
[2025-11-09T08:53:55.717+0000] {processor.py:183} INFO - Processing /opt/airflow/dags/ml_pipeline_dag.py took 0.232 seconds
[2025-11-09T08:54:25.983+0000] {processor.py:161} INFO - Started process (PID=9751) to work on /opt/airflow/dags/ml_pipeline_dag.py
[2025-11-09T08:54:25.986+0000] {processor.py:830} INFO - Processing file /opt/airflow/dags/ml_pipeline_dag.py for tasks to queue
[2025-11-09T08:54:25.988+0000] {logging_mixin.py:188} INFO - [2025-11-09T08:54:25.987+0000] {dagbag.py:545} INFO - Filling up the DagBag from /opt/airflow/dags/ml_pipeline_dag.py
[2025-11-09T08:54:26.005+0000] {processor.py:840} INFO - DAG(s) 'ml_pipeline_dag' retrieved from /opt/airflow/dags/ml_pipeline_dag.py
[2025-11-09T08:54:26.078+0000] {logging_mixin.py:188} INFO - [2025-11-09T08:54:26.078+0000] {dag.py:3096} INFO - Sync 1 DAGs
[2025-11-09T08:54:26.106+0000] {logging_mixin.py:188} INFO - [2025-11-09T08:54:26.105+0000] {dag.py:3954} INFO - Setting next_dagrun for ml_pipeline_dag to 2025-11-01 00:00:00+00:00, run_after=2025-12-01 00:00:00+00:00
[2025-11-09T08:54:26.131+0000] {processor.py:183} INFO - Processing /opt/airflow/dags/ml_pipeline_dag.py took 0.166 seconds
[2025-11-09T08:54:56.340+0000] {processor.py:161} INFO - Started process (PID=9752) to work on /opt/airflow/dags/ml_pipeline_dag.py
[2025-11-09T08:54:56.343+0000] {processor.py:830} INFO - Processing file /opt/airflow/dags/ml_pipeline_dag.py for tasks to queue
[2025-11-09T08:54:56.346+0000] {logging_mixin.py:188} INFO - [2025-11-09T08:54:56.344+0000] {dagbag.py:545} INFO - Filling up the DagBag from /opt/airflow/dags/ml_pipeline_dag.py
[2025-11-09T08:54:56.367+0000] {processor.py:840} INFO - DAG(s) 'ml_pipeline_dag' retrieved from /opt/airflow/dags/ml_pipeline_dag.py
[2025-11-09T08:54:56.457+0000] {logging_mixin.py:188} INFO - [2025-11-09T08:54:56.457+0000] {dag.py:3096} INFO - Sync 1 DAGs
[2025-11-09T08:54:56.527+0000] {logging_mixin.py:188} INFO - [2025-11-09T08:54:56.527+0000] {dag.py:3954} INFO - Setting next_dagrun for ml_pipeline_dag to 2025-11-01 00:00:00+00:00, run_after=2025-12-01 00:00:00+00:00
[2025-11-09T08:54:56.587+0000] {processor.py:183} INFO - Processing /opt/airflow/dags/ml_pipeline_dag.py took 0.270 seconds
[2025-11-09T08:55:26.856+0000] {processor.py:161} INFO - Started process (PID=9753) to work on /opt/airflow/dags/ml_pipeline_dag.py
[2025-11-09T08:55:26.860+0000] {processor.py:830} INFO - Processing file /opt/airflow/dags/ml_pipeline_dag.py for tasks to queue
[2025-11-09T08:55:26.879+0000] {logging_mixin.py:188} INFO - [2025-11-09T08:55:26.865+0000] {dagbag.py:545} INFO - Filling up the DagBag from /opt/airflow/dags/ml_pipeline_dag.py
[2025-11-09T08:55:26.929+0000] {processor.py:840} INFO - DAG(s) 'ml_pipeline_dag' retrieved from /opt/airflow/dags/ml_pipeline_dag.py
[2025-11-09T08:55:27.062+0000] {logging_mixin.py:188} INFO - [2025-11-09T08:55:27.062+0000] {dag.py:3096} INFO - Sync 1 DAGs
[2025-11-09T08:55:27.159+0000] {logging_mixin.py:188} INFO - [2025-11-09T08:55:27.159+0000] {dag.py:3954} INFO - Setting next_dagrun for ml_pipeline_dag to 2025-11-01 00:00:00+00:00, run_after=2025-12-01 00:00:00+00:00
[2025-11-09T08:55:27.206+0000] {processor.py:183} INFO - Processing /opt/airflow/dags/ml_pipeline_dag.py took 0.377 seconds
[2025-11-09T08:55:57.471+0000] {processor.py:161} INFO - Started process (PID=9754) to work on /opt/airflow/dags/ml_pipeline_dag.py
[2025-11-09T08:55:57.476+0000] {processor.py:830} INFO - Processing file /opt/airflow/dags/ml_pipeline_dag.py for tasks to queue
[2025-11-09T08:55:57.478+0000] {logging_mixin.py:188} INFO - [2025-11-09T08:55:57.477+0000] {dagbag.py:545} INFO - Filling up the DagBag from /opt/airflow/dags/ml_pipeline_dag.py
[2025-11-09T08:55:57.516+0000] {processor.py:840} INFO - DAG(s) 'ml_pipeline_dag' retrieved from /opt/airflow/dags/ml_pipeline_dag.py
[2025-11-09T08:55:57.581+0000] {logging_mixin.py:188} INFO - [2025-11-09T08:55:57.580+0000] {dag.py:3096} INFO - Sync 1 DAGs
[2025-11-09T08:55:57.670+0000] {logging_mixin.py:188} INFO - [2025-11-09T08:55:57.670+0000] {dag.py:3954} INFO - Setting next_dagrun for ml_pipeline_dag to 2025-11-01 00:00:00+00:00, run_after=2025-12-01 00:00:00+00:00
[2025-11-09T08:55:57.704+0000] {processor.py:183} INFO - Processing /opt/airflow/dags/ml_pipeline_dag.py took 0.263 seconds
[2025-11-09T08:56:27.938+0000] {processor.py:161} INFO - Started process (PID=9755) to work on /opt/airflow/dags/ml_pipeline_dag.py
[2025-11-09T08:56:27.940+0000] {processor.py:830} INFO - Processing file /opt/airflow/dags/ml_pipeline_dag.py for tasks to queue
[2025-11-09T08:56:27.948+0000] {logging_mixin.py:188} INFO - [2025-11-09T08:56:27.941+0000] {dagbag.py:545} INFO - Filling up the DagBag from /opt/airflow/dags/ml_pipeline_dag.py
[2025-11-09T08:56:27.972+0000] {processor.py:840} INFO - DAG(s) 'ml_pipeline_dag' retrieved from /opt/airflow/dags/ml_pipeline_dag.py
[2025-11-09T08:56:28.029+0000] {logging_mixin.py:188} INFO - [2025-11-09T08:56:28.028+0000] {dag.py:3096} INFO - Sync 1 DAGs
[2025-11-09T08:56:28.075+0000] {logging_mixin.py:188} INFO - [2025-11-09T08:56:28.075+0000] {dag.py:3954} INFO - Setting next_dagrun for ml_pipeline_dag to 2025-11-01 00:00:00+00:00, run_after=2025-12-01 00:00:00+00:00
[2025-11-09T08:56:28.115+0000] {processor.py:183} INFO - Processing /opt/airflow/dags/ml_pipeline_dag.py took 0.196 seconds
[2025-11-09T08:56:58.421+0000] {processor.py:161} INFO - Started process (PID=9756) to work on /opt/airflow/dags/ml_pipeline_dag.py
[2025-11-09T08:56:58.426+0000] {processor.py:830} INFO - Processing file /opt/airflow/dags/ml_pipeline_dag.py for tasks to queue
[2025-11-09T08:56:58.427+0000] {logging_mixin.py:188} INFO - [2025-11-09T08:56:58.426+0000] {dagbag.py:545} INFO - Filling up the DagBag from /opt/airflow/dags/ml_pipeline_dag.py
[2025-11-09T08:56:58.441+0000] {processor.py:840} INFO - DAG(s) 'ml_pipeline_dag' retrieved from /opt/airflow/dags/ml_pipeline_dag.py
[2025-11-09T08:56:58.490+0000] {logging_mixin.py:188} INFO - [2025-11-09T08:56:58.489+0000] {dag.py:3096} INFO - Sync 1 DAGs
[2025-11-09T08:56:58.512+0000] {logging_mixin.py:188} INFO - [2025-11-09T08:56:58.512+0000] {dag.py:3954} INFO - Setting next_dagrun for ml_pipeline_dag to 2025-11-01 00:00:00+00:00, run_after=2025-12-01 00:00:00+00:00
[2025-11-09T08:56:58.528+0000] {processor.py:183} INFO - Processing /opt/airflow/dags/ml_pipeline_dag.py took 0.129 seconds
[2025-11-09T08:57:28.849+0000] {processor.py:161} INFO - Started process (PID=9757) to work on /opt/airflow/dags/ml_pipeline_dag.py
[2025-11-09T08:57:28.856+0000] {processor.py:830} INFO - Processing file /opt/airflow/dags/ml_pipeline_dag.py for tasks to queue
[2025-11-09T08:57:28.861+0000] {logging_mixin.py:188} INFO - [2025-11-09T08:57:28.859+0000] {dagbag.py:545} INFO - Filling up the DagBag from /opt/airflow/dags/ml_pipeline_dag.py
[2025-11-09T08:57:28.898+0000] {processor.py:840} INFO - DAG(s) 'ml_pipeline_dag' retrieved from /opt/airflow/dags/ml_pipeline_dag.py
[2025-11-09T08:57:29.160+0000] {logging_mixin.py:188} INFO - [2025-11-09T08:57:29.159+0000] {dag.py:3096} INFO - Sync 1 DAGs
[2025-11-09T08:57:29.217+0000] {logging_mixin.py:188} INFO - [2025-11-09T08:57:29.217+0000] {dag.py:3954} INFO - Setting next_dagrun for ml_pipeline_dag to 2025-11-01 00:00:00+00:00, run_after=2025-12-01 00:00:00+00:00
[2025-11-09T08:57:29.275+0000] {processor.py:183} INFO - Processing /opt/airflow/dags/ml_pipeline_dag.py took 0.465 seconds
[2025-11-09T08:57:59.534+0000] {processor.py:161} INFO - Started process (PID=9758) to work on /opt/airflow/dags/ml_pipeline_dag.py
[2025-11-09T08:57:59.536+0000] {processor.py:830} INFO - Processing file /opt/airflow/dags/ml_pipeline_dag.py for tasks to queue
[2025-11-09T08:57:59.538+0000] {logging_mixin.py:188} INFO - [2025-11-09T08:57:59.537+0000] {dagbag.py:545} INFO - Filling up the DagBag from /opt/airflow/dags/ml_pipeline_dag.py
[2025-11-09T08:57:59.556+0000] {processor.py:840} INFO - DAG(s) 'ml_pipeline_dag' retrieved from /opt/airflow/dags/ml_pipeline_dag.py
[2025-11-09T08:57:59.610+0000] {logging_mixin.py:188} INFO - [2025-11-09T08:57:59.610+0000] {dag.py:3096} INFO - Sync 1 DAGs
[2025-11-09T08:57:59.640+0000] {logging_mixin.py:188} INFO - [2025-11-09T08:57:59.640+0000] {dag.py:3954} INFO - Setting next_dagrun for ml_pipeline_dag to 2025-11-01 00:00:00+00:00, run_after=2025-12-01 00:00:00+00:00
[2025-11-09T08:57:59.668+0000] {processor.py:183} INFO - Processing /opt/airflow/dags/ml_pipeline_dag.py took 0.155 seconds
[2025-11-09T08:58:29.929+0000] {processor.py:161} INFO - Started process (PID=9759) to work on /opt/airflow/dags/ml_pipeline_dag.py
[2025-11-09T08:58:29.932+0000] {processor.py:830} INFO - Processing file /opt/airflow/dags/ml_pipeline_dag.py for tasks to queue
[2025-11-09T08:58:29.937+0000] {logging_mixin.py:188} INFO - [2025-11-09T08:58:29.934+0000] {dagbag.py:545} INFO - Filling up the DagBag from /opt/airflow/dags/ml_pipeline_dag.py
[2025-11-09T08:58:29.961+0000] {processor.py:840} INFO - DAG(s) 'ml_pipeline_dag' retrieved from /opt/airflow/dags/ml_pipeline_dag.py
[2025-11-09T08:58:30.042+0000] {logging_mixin.py:188} INFO - [2025-11-09T08:58:30.042+0000] {dag.py:3096} INFO - Sync 1 DAGs
[2025-11-09T08:58:30.111+0000] {logging_mixin.py:188} INFO - [2025-11-09T08:58:30.110+0000] {dag.py:3954} INFO - Setting next_dagrun for ml_pipeline_dag to 2025-11-01 00:00:00+00:00, run_after=2025-12-01 00:00:00+00:00
[2025-11-09T08:58:30.146+0000] {processor.py:183} INFO - Processing /opt/airflow/dags/ml_pipeline_dag.py took 0.243 seconds
[2025-11-09T08:59:00.486+0000] {processor.py:161} INFO - Started process (PID=9760) to work on /opt/airflow/dags/ml_pipeline_dag.py
[2025-11-09T08:59:00.488+0000] {processor.py:830} INFO - Processing file /opt/airflow/dags/ml_pipeline_dag.py for tasks to queue
[2025-11-09T08:59:00.490+0000] {logging_mixin.py:188} INFO - [2025-11-09T08:59:00.489+0000] {dagbag.py:545} INFO - Filling up the DagBag from /opt/airflow/dags/ml_pipeline_dag.py
[2025-11-09T08:59:00.507+0000] {processor.py:840} INFO - DAG(s) 'ml_pipeline_dag' retrieved from /opt/airflow/dags/ml_pipeline_dag.py
[2025-11-09T08:59:00.614+0000] {logging_mixin.py:188} INFO - [2025-11-09T08:59:00.614+0000] {dag.py:3096} INFO - Sync 1 DAGs
[2025-11-09T08:59:00.641+0000] {logging_mixin.py:188} INFO - [2025-11-09T08:59:00.641+0000] {dag.py:3954} INFO - Setting next_dagrun for ml_pipeline_dag to 2025-11-01 00:00:00+00:00, run_after=2025-12-01 00:00:00+00:00
[2025-11-09T08:59:00.673+0000] {processor.py:183} INFO - Processing /opt/airflow/dags/ml_pipeline_dag.py took 0.205 seconds
[2025-11-09T08:59:31.000+0000] {processor.py:161} INFO - Started process (PID=9761) to work on /opt/airflow/dags/ml_pipeline_dag.py
[2025-11-09T08:59:31.007+0000] {processor.py:830} INFO - Processing file /opt/airflow/dags/ml_pipeline_dag.py for tasks to queue
[2025-11-09T08:59:31.011+0000] {logging_mixin.py:188} INFO - [2025-11-09T08:59:31.008+0000] {dagbag.py:545} INFO - Filling up the DagBag from /opt/airflow/dags/ml_pipeline_dag.py
[2025-11-09T08:59:31.032+0000] {processor.py:840} INFO - DAG(s) 'ml_pipeline_dag' retrieved from /opt/airflow/dags/ml_pipeline_dag.py
[2025-11-09T08:59:31.099+0000] {logging_mixin.py:188} INFO - [2025-11-09T08:59:31.099+0000] {dag.py:3096} INFO - Sync 1 DAGs
[2025-11-09T08:59:31.125+0000] {logging_mixin.py:188} INFO - [2025-11-09T08:59:31.125+0000] {dag.py:3954} INFO - Setting next_dagrun for ml_pipeline_dag to 2025-11-01 00:00:00+00:00, run_after=2025-12-01 00:00:00+00:00
[2025-11-09T08:59:31.150+0000] {processor.py:183} INFO - Processing /opt/airflow/dags/ml_pipeline_dag.py took 0.172 seconds
[2025-11-09T09:00:01.330+0000] {processor.py:161} INFO - Started process (PID=9762) to work on /opt/airflow/dags/ml_pipeline_dag.py
[2025-11-09T09:00:01.333+0000] {processor.py:830} INFO - Processing file /opt/airflow/dags/ml_pipeline_dag.py for tasks to queue
[2025-11-09T09:00:01.335+0000] {logging_mixin.py:188} INFO - [2025-11-09T09:00:01.334+0000] {dagbag.py:545} INFO - Filling up the DagBag from /opt/airflow/dags/ml_pipeline_dag.py
[2025-11-09T09:00:01.352+0000] {processor.py:840} INFO - DAG(s) 'ml_pipeline_dag' retrieved from /opt/airflow/dags/ml_pipeline_dag.py
[2025-11-09T09:00:01.407+0000] {logging_mixin.py:188} INFO - [2025-11-09T09:00:01.406+0000] {dag.py:3096} INFO - Sync 1 DAGs
[2025-11-09T09:00:01.427+0000] {logging_mixin.py:188} INFO - [2025-11-09T09:00:01.427+0000] {dag.py:3954} INFO - Setting next_dagrun for ml_pipeline_dag to 2025-11-01 00:00:00+00:00, run_after=2025-12-01 00:00:00+00:00
[2025-11-09T09:00:01.455+0000] {processor.py:183} INFO - Processing /opt/airflow/dags/ml_pipeline_dag.py took 0.146 seconds
[2025-11-09T09:00:31.725+0000] {processor.py:161} INFO - Started process (PID=9763) to work on /opt/airflow/dags/ml_pipeline_dag.py
[2025-11-09T09:00:31.729+0000] {processor.py:830} INFO - Processing file /opt/airflow/dags/ml_pipeline_dag.py for tasks to queue
[2025-11-09T09:00:31.734+0000] {logging_mixin.py:188} INFO - [2025-11-09T09:00:31.730+0000] {dagbag.py:545} INFO - Filling up the DagBag from /opt/airflow/dags/ml_pipeline_dag.py
[2025-11-09T09:00:31.751+0000] {processor.py:840} INFO - DAG(s) 'ml_pipeline_dag' retrieved from /opt/airflow/dags/ml_pipeline_dag.py
[2025-11-09T09:00:31.798+0000] {logging_mixin.py:188} INFO - [2025-11-09T09:00:31.797+0000] {dag.py:3096} INFO - Sync 1 DAGs
[2025-11-09T09:00:31.826+0000] {logging_mixin.py:188} INFO - [2025-11-09T09:00:31.826+0000] {dag.py:3954} INFO - Setting next_dagrun for ml_pipeline_dag to 2025-11-01 00:00:00+00:00, run_after=2025-12-01 00:00:00+00:00
[2025-11-09T09:00:31.870+0000] {processor.py:183} INFO - Processing /opt/airflow/dags/ml_pipeline_dag.py took 0.162 seconds
[2025-11-09T09:01:02.092+0000] {processor.py:161} INFO - Started process (PID=9764) to work on /opt/airflow/dags/ml_pipeline_dag.py
[2025-11-09T09:01:02.098+0000] {processor.py:830} INFO - Processing file /opt/airflow/dags/ml_pipeline_dag.py for tasks to queue
[2025-11-09T09:01:02.103+0000] {logging_mixin.py:188} INFO - [2025-11-09T09:01:02.098+0000] {dagbag.py:545} INFO - Filling up the DagBag from /opt/airflow/dags/ml_pipeline_dag.py
[2025-11-09T09:01:02.126+0000] {processor.py:840} INFO - DAG(s) 'ml_pipeline_dag' retrieved from /opt/airflow/dags/ml_pipeline_dag.py
[2025-11-09T09:01:02.187+0000] {logging_mixin.py:188} INFO - [2025-11-09T09:01:02.186+0000] {dag.py:3096} INFO - Sync 1 DAGs
[2025-11-09T09:01:02.211+0000] {logging_mixin.py:188} INFO - [2025-11-09T09:01:02.210+0000] {dag.py:3954} INFO - Setting next_dagrun for ml_pipeline_dag to 2025-11-01 00:00:00+00:00, run_after=2025-12-01 00:00:00+00:00
[2025-11-09T09:01:02.248+0000] {processor.py:183} INFO - Processing /opt/airflow/dags/ml_pipeline_dag.py took 0.188 seconds
[2025-11-09T09:01:32.504+0000] {processor.py:161} INFO - Started process (PID=9765) to work on /opt/airflow/dags/ml_pipeline_dag.py
[2025-11-09T09:01:32.511+0000] {processor.py:830} INFO - Processing file /opt/airflow/dags/ml_pipeline_dag.py for tasks to queue
[2025-11-09T09:01:32.512+0000] {logging_mixin.py:188} INFO - [2025-11-09T09:01:32.511+0000] {dagbag.py:545} INFO - Filling up the DagBag from /opt/airflow/dags/ml_pipeline_dag.py
[2025-11-09T09:01:32.526+0000] {processor.py:840} INFO - DAG(s) 'ml_pipeline_dag' retrieved from /opt/airflow/dags/ml_pipeline_dag.py
[2025-11-09T09:01:32.575+0000] {logging_mixin.py:188} INFO - [2025-11-09T09:01:32.575+0000] {dag.py:3096} INFO - Sync 1 DAGs
[2025-11-09T09:01:32.595+0000] {logging_mixin.py:188} INFO - [2025-11-09T09:01:32.595+0000] {dag.py:3954} INFO - Setting next_dagrun for ml_pipeline_dag to 2025-11-01 00:00:00+00:00, run_after=2025-12-01 00:00:00+00:00
[2025-11-09T09:01:32.615+0000] {processor.py:183} INFO - Processing /opt/airflow/dags/ml_pipeline_dag.py took 0.122 seconds
[2025-11-09T09:02:03.266+0000] {processor.py:161} INFO - Started process (PID=9766) to work on /opt/airflow/dags/ml_pipeline_dag.py
[2025-11-09T09:02:03.274+0000] {processor.py:830} INFO - Processing file /opt/airflow/dags/ml_pipeline_dag.py for tasks to queue
[2025-11-09T09:02:03.281+0000] {logging_mixin.py:188} INFO - [2025-11-09T09:02:03.275+0000] {dagbag.py:545} INFO - Filling up the DagBag from /opt/airflow/dags/ml_pipeline_dag.py
[2025-11-09T09:02:03.327+0000] {processor.py:840} INFO - DAG(s) 'ml_pipeline_dag' retrieved from /opt/airflow/dags/ml_pipeline_dag.py
[2025-11-09T09:02:03.470+0000] {logging_mixin.py:188} INFO - [2025-11-09T09:02:03.470+0000] {dag.py:3096} INFO - Sync 1 DAGs
[2025-11-09T09:02:03.638+0000] {logging_mixin.py:188} INFO - [2025-11-09T09:02:03.638+0000] {dag.py:3954} INFO - Setting next_dagrun for ml_pipeline_dag to 2025-11-01 00:00:00+00:00, run_after=2025-12-01 00:00:00+00:00
[2025-11-09T09:02:03.701+0000] {processor.py:183} INFO - Processing /opt/airflow/dags/ml_pipeline_dag.py took 0.501 seconds
[2025-11-09T09:02:33.985+0000] {processor.py:161} INFO - Started process (PID=9767) to work on /opt/airflow/dags/ml_pipeline_dag.py
[2025-11-09T09:02:33.990+0000] {processor.py:830} INFO - Processing file /opt/airflow/dags/ml_pipeline_dag.py for tasks to queue
[2025-11-09T09:02:33.992+0000] {logging_mixin.py:188} INFO - [2025-11-09T09:02:33.991+0000] {dagbag.py:545} INFO - Filling up the DagBag from /opt/airflow/dags/ml_pipeline_dag.py
[2025-11-09T09:02:34.025+0000] {processor.py:840} INFO - DAG(s) 'ml_pipeline_dag' retrieved from /opt/airflow/dags/ml_pipeline_dag.py
[2025-11-09T09:02:34.078+0000] {logging_mixin.py:188} INFO - [2025-11-09T09:02:34.078+0000] {dag.py:3096} INFO - Sync 1 DAGs
[2025-11-09T09:02:34.103+0000] {logging_mixin.py:188} INFO - [2025-11-09T09:02:34.103+0000] {dag.py:3954} INFO - Setting next_dagrun for ml_pipeline_dag to 2025-11-01 00:00:00+00:00, run_after=2025-12-01 00:00:00+00:00
[2025-11-09T09:02:34.130+0000] {processor.py:183} INFO - Processing /opt/airflow/dags/ml_pipeline_dag.py took 0.169 seconds
[2025-11-09T09:03:04.355+0000] {processor.py:161} INFO - Started process (PID=9768) to work on /opt/airflow/dags/ml_pipeline_dag.py
[2025-11-09T09:03:04.359+0000] {processor.py:830} INFO - Processing file /opt/airflow/dags/ml_pipeline_dag.py for tasks to queue
[2025-11-09T09:03:04.361+0000] {logging_mixin.py:188} INFO - [2025-11-09T09:03:04.360+0000] {dagbag.py:545} INFO - Filling up the DagBag from /opt/airflow/dags/ml_pipeline_dag.py
[2025-11-09T09:03:04.399+0000] {processor.py:840} INFO - DAG(s) 'ml_pipeline_dag' retrieved from /opt/airflow/dags/ml_pipeline_dag.py
[2025-11-09T09:03:04.523+0000] {logging_mixin.py:188} INFO - [2025-11-09T09:03:04.522+0000] {dag.py:3096} INFO - Sync 1 DAGs
[2025-11-09T09:03:04.554+0000] {logging_mixin.py:188} INFO - [2025-11-09T09:03:04.554+0000] {dag.py:3954} INFO - Setting next_dagrun for ml_pipeline_dag to 2025-11-01 00:00:00+00:00, run_after=2025-12-01 00:00:00+00:00
[2025-11-09T09:03:04.584+0000] {processor.py:183} INFO - Processing /opt/airflow/dags/ml_pipeline_dag.py took 0.277 seconds
[2025-11-09T09:03:34.912+0000] {processor.py:161} INFO - Started process (PID=9769) to work on /opt/airflow/dags/ml_pipeline_dag.py
[2025-11-09T09:03:34.915+0000] {processor.py:830} INFO - Processing file /opt/airflow/dags/ml_pipeline_dag.py for tasks to queue
[2025-11-09T09:03:34.921+0000] {logging_mixin.py:188} INFO - [2025-11-09T09:03:34.916+0000] {dagbag.py:545} INFO - Filling up the DagBag from /opt/airflow/dags/ml_pipeline_dag.py
[2025-11-09T09:03:34.962+0000] {processor.py:840} INFO - DAG(s) 'ml_pipeline_dag' retrieved from /opt/airflow/dags/ml_pipeline_dag.py
[2025-11-09T09:03:35.048+0000] {logging_mixin.py:188} INFO - [2025-11-09T09:03:35.048+0000] {dag.py:3096} INFO - Sync 1 DAGs
[2025-11-09T09:03:35.078+0000] {logging_mixin.py:188} INFO - [2025-11-09T09:03:35.078+0000] {dag.py:3954} INFO - Setting next_dagrun for ml_pipeline_dag to 2025-11-01 00:00:00+00:00, run_after=2025-12-01 00:00:00+00:00
[2025-11-09T09:03:35.095+0000] {processor.py:183} INFO - Processing /opt/airflow/dags/ml_pipeline_dag.py took 0.212 seconds
[2025-11-09T09:04:05.454+0000] {processor.py:161} INFO - Started process (PID=9770) to work on /opt/airflow/dags/ml_pipeline_dag.py
[2025-11-09T09:04:05.462+0000] {processor.py:830} INFO - Processing file /opt/airflow/dags/ml_pipeline_dag.py for tasks to queue
[2025-11-09T09:04:05.470+0000] {logging_mixin.py:188} INFO - [2025-11-09T09:04:05.467+0000] {dagbag.py:545} INFO - Filling up the DagBag from /opt/airflow/dags/ml_pipeline_dag.py
[2025-11-09T09:04:05.495+0000] {processor.py:840} INFO - DAG(s) 'ml_pipeline_dag' retrieved from /opt/airflow/dags/ml_pipeline_dag.py
[2025-11-09T09:04:05.603+0000] {logging_mixin.py:188} INFO - [2025-11-09T09:04:05.603+0000] {dag.py:3096} INFO - Sync 1 DAGs
[2025-11-09T09:04:05.667+0000] {logging_mixin.py:188} INFO - [2025-11-09T09:04:05.667+0000] {dag.py:3954} INFO - Setting next_dagrun for ml_pipeline_dag to 2025-11-01 00:00:00+00:00, run_after=2025-12-01 00:00:00+00:00
[2025-11-09T09:04:05.720+0000] {processor.py:183} INFO - Processing /opt/airflow/dags/ml_pipeline_dag.py took 0.295 seconds
[2025-11-09T09:04:36.067+0000] {processor.py:161} INFO - Started process (PID=9771) to work on /opt/airflow/dags/ml_pipeline_dag.py
[2025-11-09T09:04:36.071+0000] {processor.py:830} INFO - Processing file /opt/airflow/dags/ml_pipeline_dag.py for tasks to queue
[2025-11-09T09:04:36.073+0000] {logging_mixin.py:188} INFO - [2025-11-09T09:04:36.072+0000] {dagbag.py:545} INFO - Filling up the DagBag from /opt/airflow/dags/ml_pipeline_dag.py
[2025-11-09T09:04:36.101+0000] {processor.py:840} INFO - DAG(s) 'ml_pipeline_dag' retrieved from /opt/airflow/dags/ml_pipeline_dag.py
[2025-11-09T09:04:36.198+0000] {logging_mixin.py:188} INFO - [2025-11-09T09:04:36.198+0000] {dag.py:3096} INFO - Sync 1 DAGs
[2025-11-09T09:04:36.290+0000] {logging_mixin.py:188} INFO - [2025-11-09T09:04:36.289+0000] {dag.py:3954} INFO - Setting next_dagrun for ml_pipeline_dag to 2025-11-01 00:00:00+00:00, run_after=2025-12-01 00:00:00+00:00
[2025-11-09T09:04:36.391+0000] {processor.py:183} INFO - Processing /opt/airflow/dags/ml_pipeline_dag.py took 0.355 seconds
[2025-11-09T09:05:06.717+0000] {processor.py:161} INFO - Started process (PID=9772) to work on /opt/airflow/dags/ml_pipeline_dag.py
[2025-11-09T09:05:06.720+0000] {processor.py:830} INFO - Processing file /opt/airflow/dags/ml_pipeline_dag.py for tasks to queue
[2025-11-09T09:05:06.725+0000] {logging_mixin.py:188} INFO - [2025-11-09T09:05:06.724+0000] {dagbag.py:545} INFO - Filling up the DagBag from /opt/airflow/dags/ml_pipeline_dag.py
[2025-11-09T09:05:06.772+0000] {processor.py:840} INFO - DAG(s) 'ml_pipeline_dag' retrieved from /opt/airflow/dags/ml_pipeline_dag.py
[2025-11-09T09:05:06.956+0000] {logging_mixin.py:188} INFO - [2025-11-09T09:05:06.956+0000] {dag.py:3096} INFO - Sync 1 DAGs
[2025-11-09T09:05:07.017+0000] {logging_mixin.py:188} INFO - [2025-11-09T09:05:07.016+0000] {dag.py:3954} INFO - Setting next_dagrun for ml_pipeline_dag to 2025-11-01 00:00:00+00:00, run_after=2025-12-01 00:00:00+00:00
[2025-11-09T09:05:07.059+0000] {processor.py:183} INFO - Processing /opt/airflow/dags/ml_pipeline_dag.py took 0.375 seconds
[2025-11-09T09:05:37.369+0000] {processor.py:161} INFO - Started process (PID=9773) to work on /opt/airflow/dags/ml_pipeline_dag.py
[2025-11-09T09:05:37.372+0000] {processor.py:830} INFO - Processing file /opt/airflow/dags/ml_pipeline_dag.py for tasks to queue
[2025-11-09T09:05:37.380+0000] {logging_mixin.py:188} INFO - [2025-11-09T09:05:37.378+0000] {dagbag.py:545} INFO - Filling up the DagBag from /opt/airflow/dags/ml_pipeline_dag.py
[2025-11-09T09:05:37.412+0000] {processor.py:840} INFO - DAG(s) 'ml_pipeline_dag' retrieved from /opt/airflow/dags/ml_pipeline_dag.py
[2025-11-09T09:05:37.530+0000] {logging_mixin.py:188} INFO - [2025-11-09T09:05:37.530+0000] {dag.py:3096} INFO - Sync 1 DAGs
[2025-11-09T09:05:37.557+0000] {logging_mixin.py:188} INFO - [2025-11-09T09:05:37.557+0000] {dag.py:3954} INFO - Setting next_dagrun for ml_pipeline_dag to 2025-11-01 00:00:00+00:00, run_after=2025-12-01 00:00:00+00:00
[2025-11-09T09:05:37.580+0000] {processor.py:183} INFO - Processing /opt/airflow/dags/ml_pipeline_dag.py took 0.262 seconds
[2025-11-09T09:06:07.781+0000] {processor.py:161} INFO - Started process (PID=9774) to work on /opt/airflow/dags/ml_pipeline_dag.py
[2025-11-09T09:06:07.785+0000] {processor.py:830} INFO - Processing file /opt/airflow/dags/ml_pipeline_dag.py for tasks to queue
[2025-11-09T09:06:07.788+0000] {logging_mixin.py:188} INFO - [2025-11-09T09:06:07.786+0000] {dagbag.py:545} INFO - Filling up the DagBag from /opt/airflow/dags/ml_pipeline_dag.py
[2025-11-09T09:06:07.807+0000] {processor.py:840} INFO - DAG(s) 'ml_pipeline_dag' retrieved from /opt/airflow/dags/ml_pipeline_dag.py
[2025-11-09T09:06:07.877+0000] {logging_mixin.py:188} INFO - [2025-11-09T09:06:07.877+0000] {dag.py:3096} INFO - Sync 1 DAGs
[2025-11-09T09:06:07.973+0000] {logging_mixin.py:188} INFO - [2025-11-09T09:06:07.972+0000] {dag.py:3954} INFO - Setting next_dagrun for ml_pipeline_dag to 2025-11-01 00:00:00+00:00, run_after=2025-12-01 00:00:00+00:00
[2025-11-09T09:06:08.162+0000] {processor.py:183} INFO - Processing /opt/airflow/dags/ml_pipeline_dag.py took 0.401 seconds
[2025-11-09T09:06:38.581+0000] {processor.py:161} INFO - Started process (PID=9775) to work on /opt/airflow/dags/ml_pipeline_dag.py
[2025-11-09T09:06:38.608+0000] {processor.py:830} INFO - Processing file /opt/airflow/dags/ml_pipeline_dag.py for tasks to queue
[2025-11-09T09:06:38.615+0000] {logging_mixin.py:188} INFO - [2025-11-09T09:06:38.613+0000] {dagbag.py:545} INFO - Filling up the DagBag from /opt/airflow/dags/ml_pipeline_dag.py
[2025-11-09T09:06:38.633+0000] {processor.py:840} INFO - DAG(s) 'ml_pipeline_dag' retrieved from /opt/airflow/dags/ml_pipeline_dag.py
[2025-11-09T09:06:38.688+0000] {logging_mixin.py:188} INFO - [2025-11-09T09:06:38.688+0000] {dag.py:3096} INFO - Sync 1 DAGs
[2025-11-09T09:06:38.718+0000] {logging_mixin.py:188} INFO - [2025-11-09T09:06:38.718+0000] {dag.py:3954} INFO - Setting next_dagrun for ml_pipeline_dag to 2025-11-01 00:00:00+00:00, run_after=2025-12-01 00:00:00+00:00
[2025-11-09T09:06:38.746+0000] {processor.py:183} INFO - Processing /opt/airflow/dags/ml_pipeline_dag.py took 0.194 seconds
[2025-11-09T09:07:09.300+0000] {processor.py:161} INFO - Started process (PID=9776) to work on /opt/airflow/dags/ml_pipeline_dag.py
[2025-11-09T09:07:09.328+0000] {processor.py:830} INFO - Processing file /opt/airflow/dags/ml_pipeline_dag.py for tasks to queue
[2025-11-09T09:07:09.348+0000] {logging_mixin.py:188} INFO - [2025-11-09T09:07:09.335+0000] {dagbag.py:545} INFO - Filling up the DagBag from /opt/airflow/dags/ml_pipeline_dag.py
[2025-11-09T09:07:09.445+0000] {processor.py:840} INFO - DAG(s) 'ml_pipeline_dag' retrieved from /opt/airflow/dags/ml_pipeline_dag.py
[2025-11-09T09:07:09.664+0000] {logging_mixin.py:188} INFO - [2025-11-09T09:07:09.660+0000] {dag.py:3096} INFO - Sync 1 DAGs
[2025-11-09T09:07:09.722+0000] {logging_mixin.py:188} INFO - [2025-11-09T09:07:09.722+0000] {dag.py:3954} INFO - Setting next_dagrun for ml_pipeline_dag to 2025-11-01 00:00:00+00:00, run_after=2025-12-01 00:00:00+00:00
[2025-11-09T09:07:09.786+0000] {processor.py:183} INFO - Processing /opt/airflow/dags/ml_pipeline_dag.py took 0.624 seconds
[2025-11-09T09:07:41.704+0000] {processor.py:161} INFO - Started process (PID=9777) to work on /opt/airflow/dags/ml_pipeline_dag.py
[2025-11-09T09:07:41.710+0000] {processor.py:830} INFO - Processing file /opt/airflow/dags/ml_pipeline_dag.py for tasks to queue
[2025-11-09T09:07:41.716+0000] {logging_mixin.py:188} INFO - [2025-11-09T09:07:41.712+0000] {dagbag.py:545} INFO - Filling up the DagBag from /opt/airflow/dags/ml_pipeline_dag.py
[2025-11-09T09:07:41.763+0000] {processor.py:840} INFO - DAG(s) 'ml_pipeline_dag' retrieved from /opt/airflow/dags/ml_pipeline_dag.py
[2025-11-09T09:07:41.843+0000] {logging_mixin.py:188} INFO - [2025-11-09T09:07:41.842+0000] {dag.py:3096} INFO - Sync 1 DAGs
[2025-11-09T09:07:41.871+0000] {logging_mixin.py:188} INFO - [2025-11-09T09:07:41.871+0000] {dag.py:3954} INFO - Setting next_dagrun for ml_pipeline_dag to 2025-11-01 00:00:00+00:00, run_after=2025-12-01 00:00:00+00:00
[2025-11-09T09:07:41.905+0000] {processor.py:183} INFO - Processing /opt/airflow/dags/ml_pipeline_dag.py took 0.229 seconds
[2025-11-09T09:08:13.115+0000] {processor.py:161} INFO - Started process (PID=9778) to work on /opt/airflow/dags/ml_pipeline_dag.py
[2025-11-09T09:08:13.119+0000] {processor.py:830} INFO - Processing file /opt/airflow/dags/ml_pipeline_dag.py for tasks to queue
[2025-11-09T09:08:13.122+0000] {logging_mixin.py:188} INFO - [2025-11-09T09:08:13.120+0000] {dagbag.py:545} INFO - Filling up the DagBag from /opt/airflow/dags/ml_pipeline_dag.py
[2025-11-09T09:08:13.159+0000] {processor.py:840} INFO - DAG(s) 'ml_pipeline_dag' retrieved from /opt/airflow/dags/ml_pipeline_dag.py
[2025-11-09T09:08:13.222+0000] {logging_mixin.py:188} INFO - [2025-11-09T09:08:13.222+0000] {dag.py:3096} INFO - Sync 1 DAGs
[2025-11-09T09:08:13.248+0000] {logging_mixin.py:188} INFO - [2025-11-09T09:08:13.248+0000] {dag.py:3954} INFO - Setting next_dagrun for ml_pipeline_dag to 2025-11-01 00:00:00+00:00, run_after=2025-12-01 00:00:00+00:00
[2025-11-09T09:08:13.273+0000] {processor.py:183} INFO - Processing /opt/airflow/dags/ml_pipeline_dag.py took 0.218 seconds
[2025-11-09T09:23:58.957+0000] {processor.py:161} INFO - Started process (PID=9779) to work on /opt/airflow/dags/ml_pipeline_dag.py
[2025-11-09T09:23:58.958+0000] {processor.py:830} INFO - Processing file /opt/airflow/dags/ml_pipeline_dag.py for tasks to queue
[2025-11-09T09:23:58.961+0000] {logging_mixin.py:188} INFO - [2025-11-09T09:23:58.959+0000] {dagbag.py:545} INFO - Filling up the DagBag from /opt/airflow/dags/ml_pipeline_dag.py
[2025-11-09T09:23:58.984+0000] {processor.py:840} INFO - DAG(s) 'ml_pipeline_dag' retrieved from /opt/airflow/dags/ml_pipeline_dag.py
[2025-11-09T09:23:59.062+0000] {logging_mixin.py:188} INFO - [2025-11-09T09:23:59.061+0000] {dag.py:3096} INFO - Sync 1 DAGs
[2025-11-09T09:23:59.108+0000] {logging_mixin.py:188} INFO - [2025-11-09T09:23:59.108+0000] {dag.py:3954} INFO - Setting next_dagrun for ml_pipeline_dag to 2025-11-01 00:00:00+00:00, run_after=2025-12-01 00:00:00+00:00
[2025-11-09T09:23:59.133+0000] {processor.py:183} INFO - Processing /opt/airflow/dags/ml_pipeline_dag.py took 0.196 seconds
[2025-11-09T09:40:07.679+0000] {processor.py:161} INFO - Started process (PID=9780) to work on /opt/airflow/dags/ml_pipeline_dag.py
[2025-11-09T09:40:07.682+0000] {processor.py:830} INFO - Processing file /opt/airflow/dags/ml_pipeline_dag.py for tasks to queue
[2025-11-09T09:40:07.684+0000] {logging_mixin.py:188} INFO - [2025-11-09T09:40:07.682+0000] {dagbag.py:545} INFO - Filling up the DagBag from /opt/airflow/dags/ml_pipeline_dag.py
[2025-11-09T09:40:07.705+0000] {processor.py:840} INFO - DAG(s) 'ml_pipeline_dag' retrieved from /opt/airflow/dags/ml_pipeline_dag.py
[2025-11-09T09:40:07.769+0000] {logging_mixin.py:188} INFO - [2025-11-09T09:40:07.768+0000] {dag.py:3096} INFO - Sync 1 DAGs
[2025-11-09T09:40:07.796+0000] {logging_mixin.py:188} INFO - [2025-11-09T09:40:07.796+0000] {dag.py:3954} INFO - Setting next_dagrun for ml_pipeline_dag to 2025-11-01 00:00:00+00:00, run_after=2025-12-01 00:00:00+00:00
[2025-11-09T09:40:07.813+0000] {processor.py:183} INFO - Processing /opt/airflow/dags/ml_pipeline_dag.py took 0.161 seconds
[2025-11-09T09:40:37.937+0000] {processor.py:161} INFO - Started process (PID=9781) to work on /opt/airflow/dags/ml_pipeline_dag.py
[2025-11-09T09:40:37.939+0000] {processor.py:830} INFO - Processing file /opt/airflow/dags/ml_pipeline_dag.py for tasks to queue
[2025-11-09T09:40:37.941+0000] {logging_mixin.py:188} INFO - [2025-11-09T09:40:37.940+0000] {dagbag.py:545} INFO - Filling up the DagBag from /opt/airflow/dags/ml_pipeline_dag.py
[2025-11-09T09:40:37.959+0000] {processor.py:840} INFO - DAG(s) 'ml_pipeline_dag' retrieved from /opt/airflow/dags/ml_pipeline_dag.py
[2025-11-09T09:40:38.019+0000] {logging_mixin.py:188} INFO - [2025-11-09T09:40:38.019+0000] {dag.py:3096} INFO - Sync 1 DAGs
[2025-11-09T09:40:38.041+0000] {logging_mixin.py:188} INFO - [2025-11-09T09:40:38.041+0000] {dag.py:3954} INFO - Setting next_dagrun for ml_pipeline_dag to 2025-11-01 00:00:00+00:00, run_after=2025-12-01 00:00:00+00:00
[2025-11-09T09:40:38.061+0000] {processor.py:183} INFO - Processing /opt/airflow/dags/ml_pipeline_dag.py took 0.140 seconds
[2025-11-09T09:41:08.288+0000] {processor.py:161} INFO - Started process (PID=9782) to work on /opt/airflow/dags/ml_pipeline_dag.py
[2025-11-09T09:41:08.290+0000] {processor.py:830} INFO - Processing file /opt/airflow/dags/ml_pipeline_dag.py for tasks to queue
[2025-11-09T09:41:08.292+0000] {logging_mixin.py:188} INFO - [2025-11-09T09:41:08.291+0000] {dagbag.py:545} INFO - Filling up the DagBag from /opt/airflow/dags/ml_pipeline_dag.py
[2025-11-09T09:41:08.307+0000] {processor.py:840} INFO - DAG(s) 'ml_pipeline_dag' retrieved from /opt/airflow/dags/ml_pipeline_dag.py
[2025-11-09T09:41:08.381+0000] {logging_mixin.py:188} INFO - [2025-11-09T09:41:08.380+0000] {dag.py:3096} INFO - Sync 1 DAGs
[2025-11-09T09:41:08.587+0000] {logging_mixin.py:188} INFO - [2025-11-09T09:41:08.587+0000] {dag.py:3954} INFO - Setting next_dagrun for ml_pipeline_dag to 2025-11-01 00:00:00+00:00, run_after=2025-12-01 00:00:00+00:00
[2025-11-09T09:41:08.645+0000] {processor.py:183} INFO - Processing /opt/airflow/dags/ml_pipeline_dag.py took 0.370 seconds
[2025-11-09T09:57:15.555+0000] {processor.py:161} INFO - Started process (PID=9783) to work on /opt/airflow/dags/ml_pipeline_dag.py
[2025-11-09T09:57:15.558+0000] {processor.py:830} INFO - Processing file /opt/airflow/dags/ml_pipeline_dag.py for tasks to queue
[2025-11-09T09:57:15.561+0000] {logging_mixin.py:188} INFO - [2025-11-09T09:57:15.559+0000] {dagbag.py:545} INFO - Filling up the DagBag from /opt/airflow/dags/ml_pipeline_dag.py
[2025-11-09T09:57:15.583+0000] {processor.py:840} INFO - DAG(s) 'ml_pipeline_dag' retrieved from /opt/airflow/dags/ml_pipeline_dag.py
[2025-11-09T09:57:15.640+0000] {logging_mixin.py:188} INFO - [2025-11-09T09:57:15.640+0000] {dag.py:3096} INFO - Sync 1 DAGs
[2025-11-09T09:57:15.679+0000] {logging_mixin.py:188} INFO - [2025-11-09T09:57:15.678+0000] {dag.py:3954} INFO - Setting next_dagrun for ml_pipeline_dag to 2025-11-01 00:00:00+00:00, run_after=2025-12-01 00:00:00+00:00
[2025-11-09T09:57:15.706+0000] {processor.py:183} INFO - Processing /opt/airflow/dags/ml_pipeline_dag.py took 0.171 seconds
[2025-11-09T09:57:46.786+0000] {processor.py:161} INFO - Started process (PID=9784) to work on /opt/airflow/dags/ml_pipeline_dag.py
[2025-11-09T09:57:46.788+0000] {processor.py:830} INFO - Processing file /opt/airflow/dags/ml_pipeline_dag.py for tasks to queue
[2025-11-09T09:57:46.790+0000] {logging_mixin.py:188} INFO - [2025-11-09T09:57:46.789+0000] {dagbag.py:545} INFO - Filling up the DagBag from /opt/airflow/dags/ml_pipeline_dag.py
[2025-11-09T09:57:46.809+0000] {processor.py:840} INFO - DAG(s) 'ml_pipeline_dag' retrieved from /opt/airflow/dags/ml_pipeline_dag.py
[2025-11-09T09:57:46.862+0000] {logging_mixin.py:188} INFO - [2025-11-09T09:57:46.861+0000] {dag.py:3096} INFO - Sync 1 DAGs
[2025-11-09T09:57:46.888+0000] {logging_mixin.py:188} INFO - [2025-11-09T09:57:46.888+0000] {dag.py:3954} INFO - Setting next_dagrun for ml_pipeline_dag to 2025-11-01 00:00:00+00:00, run_after=2025-12-01 00:00:00+00:00
[2025-11-09T09:57:46.929+0000] {processor.py:183} INFO - Processing /opt/airflow/dags/ml_pipeline_dag.py took 0.165 seconds
[2025-11-09T09:58:17.044+0000] {processor.py:161} INFO - Started process (PID=9785) to work on /opt/airflow/dags/ml_pipeline_dag.py
[2025-11-09T09:58:17.046+0000] {processor.py:830} INFO - Processing file /opt/airflow/dags/ml_pipeline_dag.py for tasks to queue
[2025-11-09T09:58:17.048+0000] {logging_mixin.py:188} INFO - [2025-11-09T09:58:17.047+0000] {dagbag.py:545} INFO - Filling up the DagBag from /opt/airflow/dags/ml_pipeline_dag.py
[2025-11-09T09:58:17.065+0000] {processor.py:840} INFO - DAG(s) 'ml_pipeline_dag' retrieved from /opt/airflow/dags/ml_pipeline_dag.py
[2025-11-09T09:58:17.122+0000] {logging_mixin.py:188} INFO - [2025-11-09T09:58:17.122+0000] {dag.py:3096} INFO - Sync 1 DAGs
[2025-11-09T09:58:17.159+0000] {logging_mixin.py:188} INFO - [2025-11-09T09:58:17.158+0000] {dag.py:3954} INFO - Setting next_dagrun for ml_pipeline_dag to 2025-11-01 00:00:00+00:00, run_after=2025-12-01 00:00:00+00:00
[2025-11-09T09:58:17.190+0000] {processor.py:183} INFO - Processing /opt/airflow/dags/ml_pipeline_dag.py took 0.162 seconds
[2025-11-09T09:58:47.510+0000] {processor.py:161} INFO - Started process (PID=9786) to work on /opt/airflow/dags/ml_pipeline_dag.py
[2025-11-09T09:58:47.512+0000] {processor.py:830} INFO - Processing file /opt/airflow/dags/ml_pipeline_dag.py for tasks to queue
[2025-11-09T09:58:47.514+0000] {logging_mixin.py:188} INFO - [2025-11-09T09:58:47.513+0000] {dagbag.py:545} INFO - Filling up the DagBag from /opt/airflow/dags/ml_pipeline_dag.py
[2025-11-09T09:58:47.539+0000] {processor.py:840} INFO - DAG(s) 'ml_pipeline_dag' retrieved from /opt/airflow/dags/ml_pipeline_dag.py
[2025-11-09T09:58:47.601+0000] {logging_mixin.py:188} INFO - [2025-11-09T09:58:47.601+0000] {dag.py:3096} INFO - Sync 1 DAGs
[2025-11-09T09:58:47.686+0000] {logging_mixin.py:188} INFO - [2025-11-09T09:58:47.685+0000] {dag.py:3954} INFO - Setting next_dagrun for ml_pipeline_dag to 2025-11-01 00:00:00+00:00, run_after=2025-12-01 00:00:00+00:00
[2025-11-09T09:58:47.808+0000] {processor.py:183} INFO - Processing /opt/airflow/dags/ml_pipeline_dag.py took 0.317 seconds
[2025-11-09T09:59:18.616+0000] {processor.py:161} INFO - Started process (PID=9787) to work on /opt/airflow/dags/ml_pipeline_dag.py
[2025-11-09T09:59:18.618+0000] {processor.py:830} INFO - Processing file /opt/airflow/dags/ml_pipeline_dag.py for tasks to queue
[2025-11-09T09:59:18.619+0000] {logging_mixin.py:188} INFO - [2025-11-09T09:59:18.618+0000] {dagbag.py:545} INFO - Filling up the DagBag from /opt/airflow/dags/ml_pipeline_dag.py
[2025-11-09T09:59:18.632+0000] {processor.py:840} INFO - DAG(s) 'ml_pipeline_dag' retrieved from /opt/airflow/dags/ml_pipeline_dag.py
[2025-11-09T09:59:18.674+0000] {logging_mixin.py:188} INFO - [2025-11-09T09:59:18.674+0000] {dag.py:3096} INFO - Sync 1 DAGs
[2025-11-09T09:59:18.692+0000] {logging_mixin.py:188} INFO - [2025-11-09T09:59:18.692+0000] {dag.py:3954} INFO - Setting next_dagrun for ml_pipeline_dag to 2025-11-01 00:00:00+00:00, run_after=2025-12-01 00:00:00+00:00
[2025-11-09T09:59:18.708+0000] {processor.py:183} INFO - Processing /opt/airflow/dags/ml_pipeline_dag.py took 0.109 seconds
[2025-11-09T09:59:49.200+0000] {processor.py:161} INFO - Started process (PID=9788) to work on /opt/airflow/dags/ml_pipeline_dag.py
[2025-11-09T09:59:49.203+0000] {processor.py:830} INFO - Processing file /opt/airflow/dags/ml_pipeline_dag.py for tasks to queue
[2025-11-09T09:59:49.205+0000] {logging_mixin.py:188} INFO - [2025-11-09T09:59:49.203+0000] {dagbag.py:545} INFO - Filling up the DagBag from /opt/airflow/dags/ml_pipeline_dag.py
[2025-11-09T09:59:49.219+0000] {processor.py:840} INFO - DAG(s) 'ml_pipeline_dag' retrieved from /opt/airflow/dags/ml_pipeline_dag.py
[2025-11-09T09:59:49.262+0000] {logging_mixin.py:188} INFO - [2025-11-09T09:59:49.262+0000] {dag.py:3096} INFO - Sync 1 DAGs
[2025-11-09T09:59:49.282+0000] {logging_mixin.py:188} INFO - [2025-11-09T09:59:49.282+0000] {dag.py:3954} INFO - Setting next_dagrun for ml_pipeline_dag to 2025-11-01 00:00:00+00:00, run_after=2025-12-01 00:00:00+00:00
[2025-11-09T09:59:49.304+0000] {processor.py:183} INFO - Processing /opt/airflow/dags/ml_pipeline_dag.py took 0.123 seconds
[2025-11-09T10:00:19.668+0000] {processor.py:161} INFO - Started process (PID=9789) to work on /opt/airflow/dags/ml_pipeline_dag.py
[2025-11-09T10:00:19.670+0000] {processor.py:830} INFO - Processing file /opt/airflow/dags/ml_pipeline_dag.py for tasks to queue
[2025-11-09T10:00:19.674+0000] {logging_mixin.py:188} INFO - [2025-11-09T10:00:19.672+0000] {dagbag.py:545} INFO - Filling up the DagBag from /opt/airflow/dags/ml_pipeline_dag.py
[2025-11-09T10:00:19.686+0000] {processor.py:840} INFO - DAG(s) 'ml_pipeline_dag' retrieved from /opt/airflow/dags/ml_pipeline_dag.py
[2025-11-09T10:00:19.737+0000] {logging_mixin.py:188} INFO - [2025-11-09T10:00:19.737+0000] {dag.py:3096} INFO - Sync 1 DAGs
[2025-11-09T10:00:19.758+0000] {logging_mixin.py:188} INFO - [2025-11-09T10:00:19.758+0000] {dag.py:3954} INFO - Setting next_dagrun for ml_pipeline_dag to 2025-11-01 00:00:00+00:00, run_after=2025-12-01 00:00:00+00:00
[2025-11-09T10:00:19.778+0000] {processor.py:183} INFO - Processing /opt/airflow/dags/ml_pipeline_dag.py took 0.129 seconds
[2025-11-09T10:00:50.043+0000] {processor.py:161} INFO - Started process (PID=9790) to work on /opt/airflow/dags/ml_pipeline_dag.py
[2025-11-09T10:00:50.045+0000] {processor.py:830} INFO - Processing file /opt/airflow/dags/ml_pipeline_dag.py for tasks to queue
[2025-11-09T10:00:50.047+0000] {logging_mixin.py:188} INFO - [2025-11-09T10:00:50.046+0000] {dagbag.py:545} INFO - Filling up the DagBag from /opt/airflow/dags/ml_pipeline_dag.py
[2025-11-09T10:00:50.065+0000] {processor.py:840} INFO - DAG(s) 'ml_pipeline_dag' retrieved from /opt/airflow/dags/ml_pipeline_dag.py
[2025-11-09T10:00:50.112+0000] {logging_mixin.py:188} INFO - [2025-11-09T10:00:50.112+0000] {dag.py:3096} INFO - Sync 1 DAGs
[2025-11-09T10:00:50.138+0000] {logging_mixin.py:188} INFO - [2025-11-09T10:00:50.137+0000] {dag.py:3954} INFO - Setting next_dagrun for ml_pipeline_dag to 2025-11-01 00:00:00+00:00, run_after=2025-12-01 00:00:00+00:00
[2025-11-09T10:00:50.168+0000] {processor.py:183} INFO - Processing /opt/airflow/dags/ml_pipeline_dag.py took 0.140 seconds
[2025-11-09T10:01:20.375+0000] {processor.py:161} INFO - Started process (PID=9791) to work on /opt/airflow/dags/ml_pipeline_dag.py
[2025-11-09T10:01:20.377+0000] {processor.py:830} INFO - Processing file /opt/airflow/dags/ml_pipeline_dag.py for tasks to queue
[2025-11-09T10:01:20.379+0000] {logging_mixin.py:188} INFO - [2025-11-09T10:01:20.378+0000] {dagbag.py:545} INFO - Filling up the DagBag from /opt/airflow/dags/ml_pipeline_dag.py
[2025-11-09T10:01:20.401+0000] {processor.py:840} INFO - DAG(s) 'ml_pipeline_dag' retrieved from /opt/airflow/dags/ml_pipeline_dag.py
[2025-11-09T10:01:20.460+0000] {logging_mixin.py:188} INFO - [2025-11-09T10:01:20.459+0000] {dag.py:3096} INFO - Sync 1 DAGs
[2025-11-09T10:01:20.482+0000] {logging_mixin.py:188} INFO - [2025-11-09T10:01:20.482+0000] {dag.py:3954} INFO - Setting next_dagrun for ml_pipeline_dag to 2025-11-01 00:00:00+00:00, run_after=2025-12-01 00:00:00+00:00
[2025-11-09T10:01:20.500+0000] {processor.py:183} INFO - Processing /opt/airflow/dags/ml_pipeline_dag.py took 0.143 seconds
[2025-11-09T10:01:50.770+0000] {processor.py:161} INFO - Started process (PID=9792) to work on /opt/airflow/dags/ml_pipeline_dag.py
[2025-11-09T10:01:50.772+0000] {processor.py:830} INFO - Processing file /opt/airflow/dags/ml_pipeline_dag.py for tasks to queue
[2025-11-09T10:01:50.774+0000] {logging_mixin.py:188} INFO - [2025-11-09T10:01:50.773+0000] {dagbag.py:545} INFO - Filling up the DagBag from /opt/airflow/dags/ml_pipeline_dag.py
[2025-11-09T10:01:50.791+0000] {processor.py:840} INFO - DAG(s) 'ml_pipeline_dag' retrieved from /opt/airflow/dags/ml_pipeline_dag.py
[2025-11-09T10:01:50.839+0000] {logging_mixin.py:188} INFO - [2025-11-09T10:01:50.839+0000] {dag.py:3096} INFO - Sync 1 DAGs
[2025-11-09T10:01:50.861+0000] {logging_mixin.py:188} INFO - [2025-11-09T10:01:50.861+0000] {dag.py:3954} INFO - Setting next_dagrun for ml_pipeline_dag to 2025-11-01 00:00:00+00:00, run_after=2025-12-01 00:00:00+00:00
[2025-11-09T10:01:50.891+0000] {processor.py:183} INFO - Processing /opt/airflow/dags/ml_pipeline_dag.py took 0.136 seconds
[2025-11-09T10:02:21.137+0000] {processor.py:161} INFO - Started process (PID=9793) to work on /opt/airflow/dags/ml_pipeline_dag.py
[2025-11-09T10:02:21.141+0000] {processor.py:830} INFO - Processing file /opt/airflow/dags/ml_pipeline_dag.py for tasks to queue
[2025-11-09T10:02:21.145+0000] {logging_mixin.py:188} INFO - [2025-11-09T10:02:21.143+0000] {dagbag.py:545} INFO - Filling up the DagBag from /opt/airflow/dags/ml_pipeline_dag.py
[2025-11-09T10:02:21.164+0000] {processor.py:840} INFO - DAG(s) 'ml_pipeline_dag' retrieved from /opt/airflow/dags/ml_pipeline_dag.py
[2025-11-09T10:02:21.212+0000] {logging_mixin.py:188} INFO - [2025-11-09T10:02:21.212+0000] {dag.py:3096} INFO - Sync 1 DAGs
[2025-11-09T10:02:21.232+0000] {logging_mixin.py:188} INFO - [2025-11-09T10:02:21.232+0000] {dag.py:3954} INFO - Setting next_dagrun for ml_pipeline_dag to 2025-11-01 00:00:00+00:00, run_after=2025-12-01 00:00:00+00:00
[2025-11-09T10:02:21.256+0000] {processor.py:183} INFO - Processing /opt/airflow/dags/ml_pipeline_dag.py took 0.139 seconds
[2025-11-09T10:02:51.454+0000] {processor.py:161} INFO - Started process (PID=9794) to work on /opt/airflow/dags/ml_pipeline_dag.py
[2025-11-09T10:02:51.456+0000] {processor.py:830} INFO - Processing file /opt/airflow/dags/ml_pipeline_dag.py for tasks to queue
[2025-11-09T10:02:51.458+0000] {logging_mixin.py:188} INFO - [2025-11-09T10:02:51.457+0000] {dagbag.py:545} INFO - Filling up the DagBag from /opt/airflow/dags/ml_pipeline_dag.py
[2025-11-09T10:02:51.472+0000] {processor.py:840} INFO - DAG(s) 'ml_pipeline_dag' retrieved from /opt/airflow/dags/ml_pipeline_dag.py
[2025-11-09T10:02:51.512+0000] {logging_mixin.py:188} INFO - [2025-11-09T10:02:51.512+0000] {dag.py:3096} INFO - Sync 1 DAGs
[2025-11-09T10:02:51.534+0000] {logging_mixin.py:188} INFO - [2025-11-09T10:02:51.534+0000] {dag.py:3954} INFO - Setting next_dagrun for ml_pipeline_dag to 2025-11-01 00:00:00+00:00, run_after=2025-12-01 00:00:00+00:00
[2025-11-09T10:02:51.555+0000] {processor.py:183} INFO - Processing /opt/airflow/dags/ml_pipeline_dag.py took 0.116 seconds
[2025-11-09T10:03:21.797+0000] {processor.py:161} INFO - Started process (PID=9795) to work on /opt/airflow/dags/ml_pipeline_dag.py
[2025-11-09T10:03:21.801+0000] {processor.py:830} INFO - Processing file /opt/airflow/dags/ml_pipeline_dag.py for tasks to queue
[2025-11-09T10:03:21.805+0000] {logging_mixin.py:188} INFO - [2025-11-09T10:03:21.802+0000] {dagbag.py:545} INFO - Filling up the DagBag from /opt/airflow/dags/ml_pipeline_dag.py
[2025-11-09T10:03:21.826+0000] {processor.py:840} INFO - DAG(s) 'ml_pipeline_dag' retrieved from /opt/airflow/dags/ml_pipeline_dag.py
[2025-11-09T10:03:21.889+0000] {logging_mixin.py:188} INFO - [2025-11-09T10:03:21.889+0000] {dag.py:3096} INFO - Sync 1 DAGs
[2025-11-09T10:03:21.924+0000] {logging_mixin.py:188} INFO - [2025-11-09T10:03:21.923+0000] {dag.py:3954} INFO - Setting next_dagrun for ml_pipeline_dag to 2025-11-01 00:00:00+00:00, run_after=2025-12-01 00:00:00+00:00
[2025-11-09T10:03:21.977+0000] {processor.py:183} INFO - Processing /opt/airflow/dags/ml_pipeline_dag.py took 0.199 seconds
[2025-11-09T10:19:41.401+0000] {processor.py:161} INFO - Started process (PID=9796) to work on /opt/airflow/dags/ml_pipeline_dag.py
[2025-11-09T10:19:41.403+0000] {processor.py:830} INFO - Processing file /opt/airflow/dags/ml_pipeline_dag.py for tasks to queue
[2025-11-09T10:19:41.408+0000] {logging_mixin.py:188} INFO - [2025-11-09T10:19:41.405+0000] {dagbag.py:545} INFO - Filling up the DagBag from /opt/airflow/dags/ml_pipeline_dag.py
[2025-11-09T10:19:41.436+0000] {processor.py:840} INFO - DAG(s) 'ml_pipeline_dag' retrieved from /opt/airflow/dags/ml_pipeline_dag.py
[2025-11-09T10:19:41.492+0000] {logging_mixin.py:188} INFO - [2025-11-09T10:19:41.491+0000] {dag.py:3096} INFO - Sync 1 DAGs
[2025-11-09T10:19:41.521+0000] {logging_mixin.py:188} INFO - [2025-11-09T10:19:41.520+0000] {dag.py:3954} INFO - Setting next_dagrun for ml_pipeline_dag to 2025-11-01 00:00:00+00:00, run_after=2025-12-01 00:00:00+00:00
[2025-11-09T10:19:41.542+0000] {processor.py:183} INFO - Processing /opt/airflow/dags/ml_pipeline_dag.py took 0.162 seconds
[2025-11-09T10:20:12.509+0000] {processor.py:161} INFO - Started process (PID=9797) to work on /opt/airflow/dags/ml_pipeline_dag.py
[2025-11-09T10:20:12.511+0000] {processor.py:830} INFO - Processing file /opt/airflow/dags/ml_pipeline_dag.py for tasks to queue
[2025-11-09T10:20:12.513+0000] {logging_mixin.py:188} INFO - [2025-11-09T10:20:12.511+0000] {dagbag.py:545} INFO - Filling up the DagBag from /opt/airflow/dags/ml_pipeline_dag.py
[2025-11-09T10:20:12.527+0000] {processor.py:840} INFO - DAG(s) 'ml_pipeline_dag' retrieved from /opt/airflow/dags/ml_pipeline_dag.py
[2025-11-09T10:20:12.571+0000] {logging_mixin.py:188} INFO - [2025-11-09T10:20:12.570+0000] {dag.py:3096} INFO - Sync 1 DAGs
[2025-11-09T10:20:12.592+0000] {logging_mixin.py:188} INFO - [2025-11-09T10:20:12.592+0000] {dag.py:3954} INFO - Setting next_dagrun for ml_pipeline_dag to 2025-11-01 00:00:00+00:00, run_after=2025-12-01 00:00:00+00:00
[2025-11-09T10:20:12.613+0000] {processor.py:183} INFO - Processing /opt/airflow/dags/ml_pipeline_dag.py took 0.122 seconds
[2025-11-09T10:20:43.718+0000] {processor.py:161} INFO - Started process (PID=9798) to work on /opt/airflow/dags/ml_pipeline_dag.py
[2025-11-09T10:20:43.720+0000] {processor.py:830} INFO - Processing file /opt/airflow/dags/ml_pipeline_dag.py for tasks to queue
[2025-11-09T10:20:43.722+0000] {logging_mixin.py:188} INFO - [2025-11-09T10:20:43.721+0000] {dagbag.py:545} INFO - Filling up the DagBag from /opt/airflow/dags/ml_pipeline_dag.py
[2025-11-09T10:20:43.738+0000] {processor.py:840} INFO - DAG(s) 'ml_pipeline_dag' retrieved from /opt/airflow/dags/ml_pipeline_dag.py
[2025-11-09T10:20:43.789+0000] {logging_mixin.py:188} INFO - [2025-11-09T10:20:43.788+0000] {dag.py:3096} INFO - Sync 1 DAGs
[2025-11-09T10:20:43.813+0000] {logging_mixin.py:188} INFO - [2025-11-09T10:20:43.813+0000] {dag.py:3954} INFO - Setting next_dagrun for ml_pipeline_dag to 2025-11-01 00:00:00+00:00, run_after=2025-12-01 00:00:00+00:00
[2025-11-09T10:20:43.835+0000] {processor.py:183} INFO - Processing /opt/airflow/dags/ml_pipeline_dag.py took 0.135 seconds
[2025-11-09T10:24:25.485+0000] {processor.py:161} INFO - Started process (PID=9799) to work on /opt/airflow/dags/ml_pipeline_dag.py
[2025-11-09T10:24:25.490+0000] {processor.py:830} INFO - Processing file /opt/airflow/dags/ml_pipeline_dag.py for tasks to queue
[2025-11-09T10:24:25.492+0000] {logging_mixin.py:188} INFO - [2025-11-09T10:24:25.491+0000] {dagbag.py:545} INFO - Filling up the DagBag from /opt/airflow/dags/ml_pipeline_dag.py
[2025-11-09T10:24:25.518+0000] {processor.py:840} INFO - DAG(s) 'ml_pipeline_dag' retrieved from /opt/airflow/dags/ml_pipeline_dag.py
[2025-11-09T10:24:25.611+0000] {logging_mixin.py:188} INFO - [2025-11-09T10:24:25.611+0000] {dag.py:3096} INFO - Sync 1 DAGs
[2025-11-09T10:24:25.642+0000] {logging_mixin.py:188} INFO - [2025-11-09T10:24:25.641+0000] {dag.py:3954} INFO - Setting next_dagrun for ml_pipeline_dag to 2025-11-01 00:00:00+00:00, run_after=2025-12-01 00:00:00+00:00
[2025-11-09T10:24:25.669+0000] {processor.py:183} INFO - Processing /opt/airflow/dags/ml_pipeline_dag.py took 0.207 seconds
[2025-11-09T10:24:56.892+0000] {processor.py:161} INFO - Started process (PID=9800) to work on /opt/airflow/dags/ml_pipeline_dag.py
[2025-11-09T10:24:56.895+0000] {processor.py:830} INFO - Processing file /opt/airflow/dags/ml_pipeline_dag.py for tasks to queue
[2025-11-09T10:24:56.898+0000] {logging_mixin.py:188} INFO - [2025-11-09T10:24:56.896+0000] {dagbag.py:545} INFO - Filling up the DagBag from /opt/airflow/dags/ml_pipeline_dag.py
[2025-11-09T10:24:56.928+0000] {processor.py:840} INFO - DAG(s) 'ml_pipeline_dag' retrieved from /opt/airflow/dags/ml_pipeline_dag.py
[2025-11-09T10:24:57.007+0000] {logging_mixin.py:188} INFO - [2025-11-09T10:24:57.007+0000] {dag.py:3096} INFO - Sync 1 DAGs
[2025-11-09T10:24:57.057+0000] {logging_mixin.py:188} INFO - [2025-11-09T10:24:57.057+0000] {dag.py:3954} INFO - Setting next_dagrun for ml_pipeline_dag to 2025-11-01 00:00:00+00:00, run_after=2025-12-01 00:00:00+00:00
[2025-11-09T10:24:57.112+0000] {processor.py:183} INFO - Processing /opt/airflow/dags/ml_pipeline_dag.py took 0.252 seconds
[2025-11-09T10:30:24.023+0000] {processor.py:161} INFO - Started process (PID=9801) to work on /opt/airflow/dags/ml_pipeline_dag.py
[2025-11-09T10:30:24.027+0000] {processor.py:830} INFO - Processing file /opt/airflow/dags/ml_pipeline_dag.py for tasks to queue
[2025-11-09T10:30:24.030+0000] {logging_mixin.py:188} INFO - [2025-11-09T10:30:24.028+0000] {dagbag.py:545} INFO - Filling up the DagBag from /opt/airflow/dags/ml_pipeline_dag.py
[2025-11-09T10:30:24.045+0000] {processor.py:840} INFO - DAG(s) 'ml_pipeline_dag' retrieved from /opt/airflow/dags/ml_pipeline_dag.py
[2025-11-09T10:30:24.087+0000] {logging_mixin.py:188} INFO - [2025-11-09T10:30:24.087+0000] {dag.py:3096} INFO - Sync 1 DAGs
[2025-11-09T10:30:24.111+0000] {logging_mixin.py:188} INFO - [2025-11-09T10:30:24.110+0000] {dag.py:3954} INFO - Setting next_dagrun for ml_pipeline_dag to 2025-11-01 00:00:00+00:00, run_after=2025-12-01 00:00:00+00:00
[2025-11-09T10:30:24.135+0000] {processor.py:183} INFO - Processing /opt/airflow/dags/ml_pipeline_dag.py took 0.145 seconds
[2025-11-09T10:30:55.395+0000] {processor.py:161} INFO - Started process (PID=9802) to work on /opt/airflow/dags/ml_pipeline_dag.py
[2025-11-09T10:30:55.400+0000] {processor.py:830} INFO - Processing file /opt/airflow/dags/ml_pipeline_dag.py for tasks to queue
[2025-11-09T10:30:55.403+0000] {logging_mixin.py:188} INFO - [2025-11-09T10:30:55.401+0000] {dagbag.py:545} INFO - Filling up the DagBag from /opt/airflow/dags/ml_pipeline_dag.py
[2025-11-09T10:30:55.645+0000] {processor.py:840} INFO - DAG(s) 'ml_pipeline_dag' retrieved from /opt/airflow/dags/ml_pipeline_dag.py
[2025-11-09T10:30:56.093+0000] {logging_mixin.py:188} INFO - [2025-11-09T10:30:56.089+0000] {dag.py:3096} INFO - Sync 1 DAGs
[2025-11-09T10:30:56.196+0000] {logging_mixin.py:188} INFO - [2025-11-09T10:30:56.196+0000] {dag.py:3954} INFO - Setting next_dagrun for ml_pipeline_dag to 2025-11-01 00:00:00+00:00, run_after=2025-12-01 00:00:00+00:00
[2025-11-09T10:30:56.306+0000] {processor.py:183} INFO - Processing /opt/airflow/dags/ml_pipeline_dag.py took 0.962 seconds
[2025-11-09T10:32:21.075+0000] {processor.py:161} INFO - Started process (PID=9803) to work on /opt/airflow/dags/ml_pipeline_dag.py
[2025-11-09T10:32:21.090+0000] {processor.py:830} INFO - Processing file /opt/airflow/dags/ml_pipeline_dag.py for tasks to queue
[2025-11-09T10:32:21.096+0000] {logging_mixin.py:188} INFO - [2025-11-09T10:32:21.093+0000] {dagbag.py:545} INFO - Filling up the DagBag from /opt/airflow/dags/ml_pipeline_dag.py
[2025-11-09T10:32:21.393+0000] {processor.py:840} INFO - DAG(s) 'ml_pipeline_dag' retrieved from /opt/airflow/dags/ml_pipeline_dag.py
[2025-11-09T10:32:22.955+0000] {logging_mixin.py:188} INFO - [2025-11-09T10:32:22.848+0000] {dag.py:3096} INFO - Sync 1 DAGs
[2025-11-09T10:32:23.266+0000] {logging_mixin.py:188} INFO - [2025-11-09T10:32:23.265+0000] {dag.py:3954} INFO - Setting next_dagrun for ml_pipeline_dag to 2025-11-01 00:00:00+00:00, run_after=2025-12-01 00:00:00+00:00
[2025-11-09T10:32:23.396+0000] {processor.py:183} INFO - Processing /opt/airflow/dags/ml_pipeline_dag.py took 2.405 seconds
[2025-11-09T10:32:53.876+0000] {processor.py:161} INFO - Started process (PID=9804) to work on /opt/airflow/dags/ml_pipeline_dag.py
[2025-11-09T10:32:53.884+0000] {processor.py:830} INFO - Processing file /opt/airflow/dags/ml_pipeline_dag.py for tasks to queue
[2025-11-09T10:32:53.896+0000] {logging_mixin.py:188} INFO - [2025-11-09T10:32:53.886+0000] {dagbag.py:545} INFO - Filling up the DagBag from /opt/airflow/dags/ml_pipeline_dag.py
[2025-11-09T10:32:53.994+0000] {processor.py:840} INFO - DAG(s) 'ml_pipeline_dag' retrieved from /opt/airflow/dags/ml_pipeline_dag.py
[2025-11-09T10:32:54.191+0000] {logging_mixin.py:188} INFO - [2025-11-09T10:32:54.190+0000] {dag.py:3096} INFO - Sync 1 DAGs
[2025-11-09T10:32:54.288+0000] {logging_mixin.py:188} INFO - [2025-11-09T10:32:54.287+0000] {dag.py:3954} INFO - Setting next_dagrun for ml_pipeline_dag to 2025-11-01 00:00:00+00:00, run_after=2025-12-01 00:00:00+00:00
[2025-11-09T10:32:54.398+0000] {processor.py:183} INFO - Processing /opt/airflow/dags/ml_pipeline_dag.py took 0.621 seconds
[2025-11-09T10:33:25.303+0000] {processor.py:161} INFO - Started process (PID=9805) to work on /opt/airflow/dags/ml_pipeline_dag.py
[2025-11-09T10:33:25.315+0000] {processor.py:830} INFO - Processing file /opt/airflow/dags/ml_pipeline_dag.py for tasks to queue
[2025-11-09T10:33:25.326+0000] {logging_mixin.py:188} INFO - [2025-11-09T10:33:25.321+0000] {dagbag.py:545} INFO - Filling up the DagBag from /opt/airflow/dags/ml_pipeline_dag.py
[2025-11-09T10:33:25.445+0000] {processor.py:840} INFO - DAG(s) 'ml_pipeline_dag' retrieved from /opt/airflow/dags/ml_pipeline_dag.py
[2025-11-09T10:33:25.701+0000] {logging_mixin.py:188} INFO - [2025-11-09T10:33:25.701+0000] {dag.py:3096} INFO - Sync 1 DAGs
[2025-11-09T10:33:25.768+0000] {logging_mixin.py:188} INFO - [2025-11-09T10:33:25.768+0000] {dag.py:3954} INFO - Setting next_dagrun for ml_pipeline_dag to 2025-11-01 00:00:00+00:00, run_after=2025-12-01 00:00:00+00:00
[2025-11-09T10:33:25.818+0000] {processor.py:183} INFO - Processing /opt/airflow/dags/ml_pipeline_dag.py took 0.651 seconds
[2025-11-09T10:33:56.370+0000] {processor.py:161} INFO - Started process (PID=9806) to work on /opt/airflow/dags/ml_pipeline_dag.py
[2025-11-09T10:33:56.383+0000] {processor.py:830} INFO - Processing file /opt/airflow/dags/ml_pipeline_dag.py for tasks to queue
[2025-11-09T10:33:56.396+0000] {logging_mixin.py:188} INFO - [2025-11-09T10:33:56.387+0000] {dagbag.py:545} INFO - Filling up the DagBag from /opt/airflow/dags/ml_pipeline_dag.py
[2025-11-09T10:33:56.521+0000] {processor.py:840} INFO - DAG(s) 'ml_pipeline_dag' retrieved from /opt/airflow/dags/ml_pipeline_dag.py
[2025-11-09T10:33:56.697+0000] {logging_mixin.py:188} INFO - [2025-11-09T10:33:56.697+0000] {dag.py:3096} INFO - Sync 1 DAGs
[2025-11-09T10:33:56.744+0000] {logging_mixin.py:188} INFO - [2025-11-09T10:33:56.744+0000] {dag.py:3954} INFO - Setting next_dagrun for ml_pipeline_dag to 2025-11-01 00:00:00+00:00, run_after=2025-12-01 00:00:00+00:00
[2025-11-09T10:33:56.788+0000] {processor.py:183} INFO - Processing /opt/airflow/dags/ml_pipeline_dag.py took 0.485 seconds
[2025-11-09T10:34:27.666+0000] {processor.py:161} INFO - Started process (PID=9807) to work on /opt/airflow/dags/ml_pipeline_dag.py
[2025-11-09T10:34:27.678+0000] {processor.py:830} INFO - Processing file /opt/airflow/dags/ml_pipeline_dag.py for tasks to queue
[2025-11-09T10:34:27.712+0000] {logging_mixin.py:188} INFO - [2025-11-09T10:34:27.687+0000] {dagbag.py:545} INFO - Filling up the DagBag from /opt/airflow/dags/ml_pipeline_dag.py
[2025-11-09T10:34:28.064+0000] {processor.py:840} INFO - DAG(s) 'ml_pipeline_dag' retrieved from /opt/airflow/dags/ml_pipeline_dag.py
[2025-11-09T10:34:28.314+0000] {logging_mixin.py:188} INFO - [2025-11-09T10:34:28.313+0000] {dag.py:3096} INFO - Sync 1 DAGs
[2025-11-09T10:34:28.375+0000] {logging_mixin.py:188} INFO - [2025-11-09T10:34:28.375+0000] {dag.py:3954} INFO - Setting next_dagrun for ml_pipeline_dag to 2025-11-01 00:00:00+00:00, run_after=2025-12-01 00:00:00+00:00
[2025-11-09T10:34:28.448+0000] {processor.py:183} INFO - Processing /opt/airflow/dags/ml_pipeline_dag.py took 0.996 seconds
[2025-11-09T10:34:59.506+0000] {processor.py:161} INFO - Started process (PID=9808) to work on /opt/airflow/dags/ml_pipeline_dag.py
[2025-11-09T10:34:59.522+0000] {processor.py:830} INFO - Processing file /opt/airflow/dags/ml_pipeline_dag.py for tasks to queue
[2025-11-09T10:34:59.545+0000] {logging_mixin.py:188} INFO - [2025-11-09T10:34:59.529+0000] {dagbag.py:545} INFO - Filling up the DagBag from /opt/airflow/dags/ml_pipeline_dag.py
[2025-11-09T10:34:59.665+0000] {processor.py:840} INFO - DAG(s) 'ml_pipeline_dag' retrieved from /opt/airflow/dags/ml_pipeline_dag.py
[2025-11-09T10:34:59.829+0000] {logging_mixin.py:188} INFO - [2025-11-09T10:34:59.829+0000] {dag.py:3096} INFO - Sync 1 DAGs
[2025-11-09T10:34:59.902+0000] {logging_mixin.py:188} INFO - [2025-11-09T10:34:59.902+0000] {dag.py:3954} INFO - Setting next_dagrun for ml_pipeline_dag to 2025-11-01 00:00:00+00:00, run_after=2025-12-01 00:00:00+00:00
[2025-11-09T10:34:59.956+0000] {processor.py:183} INFO - Processing /opt/airflow/dags/ml_pipeline_dag.py took 0.591 seconds
[2025-11-09T10:37:44.407+0000] {processor.py:161} INFO - Started process (PID=9888) to work on /opt/airflow/dags/ml_pipeline_dag.py
[2025-11-09T10:37:44.482+0000] {processor.py:830} INFO - Processing file /opt/airflow/dags/ml_pipeline_dag.py for tasks to queue
[2025-11-09T10:37:44.578+0000] {logging_mixin.py:188} INFO - [2025-11-09T10:37:44.521+0000] {dagbag.py:545} INFO - Filling up the DagBag from /opt/airflow/dags/ml_pipeline_dag.py
[2025-11-09T10:37:45.017+0000] {processor.py:840} INFO - DAG(s) 'ml_pipeline_dag' retrieved from /opt/airflow/dags/ml_pipeline_dag.py
[2025-11-09T10:37:45.866+0000] {logging_mixin.py:188} INFO - [2025-11-09T10:37:45.839+0000] {dag.py:3096} INFO - Sync 1 DAGs
[2025-11-09T10:37:46.241+0000] {logging_mixin.py:188} INFO - [2025-11-09T10:37:46.238+0000] {dag.py:3954} INFO - Setting next_dagrun for ml_pipeline_dag to 2025-11-01 00:00:00+00:00, run_after=2025-12-01 00:00:00+00:00
[2025-11-09T10:37:46.475+0000] {processor.py:183} INFO - Processing /opt/airflow/dags/ml_pipeline_dag.py took 2.280 seconds
[2025-11-09T10:45:36.057+0000] {processor.py:161} INFO - Started process (PID=10011) to work on /opt/airflow/dags/ml_pipeline_dag.py
[2025-11-09T10:45:36.063+0000] {processor.py:830} INFO - Processing file /opt/airflow/dags/ml_pipeline_dag.py for tasks to queue
[2025-11-09T10:45:36.090+0000] {logging_mixin.py:188} INFO - [2025-11-09T10:45:36.065+0000] {dagbag.py:545} INFO - Filling up the DagBag from /opt/airflow/dags/ml_pipeline_dag.py
[2025-11-09T10:45:36.218+0000] {processor.py:840} INFO - DAG(s) 'ml_pipeline_dag' retrieved from /opt/airflow/dags/ml_pipeline_dag.py
[2025-11-09T10:45:36.482+0000] {logging_mixin.py:188} INFO - [2025-11-09T10:45:36.481+0000] {dag.py:3096} INFO - Sync 1 DAGs
[2025-11-09T10:45:36.576+0000] {logging_mixin.py:188} INFO - [2025-11-09T10:45:36.575+0000] {dag.py:3954} INFO - Setting next_dagrun for ml_pipeline_dag to 2025-11-01 00:00:00+00:00, run_after=2025-12-01 00:00:00+00:00
[2025-11-09T10:45:36.622+0000] {processor.py:183} INFO - Processing /opt/airflow/dags/ml_pipeline_dag.py took 0.612 seconds
[2025-11-09T10:47:07.620+0000] {processor.py:161} INFO - Started process (PID=10081) to work on /opt/airflow/dags/ml_pipeline_dag.py
[2025-11-09T10:47:07.631+0000] {processor.py:830} INFO - Processing file /opt/airflow/dags/ml_pipeline_dag.py for tasks to queue
[2025-11-09T10:47:07.643+0000] {logging_mixin.py:188} INFO - [2025-11-09T10:47:07.637+0000] {dagbag.py:545} INFO - Filling up the DagBag from /opt/airflow/dags/ml_pipeline_dag.py
[2025-11-09T10:47:07.750+0000] {processor.py:840} INFO - DAG(s) 'ml_pipeline_dag' retrieved from /opt/airflow/dags/ml_pipeline_dag.py
[2025-11-09T10:47:07.962+0000] {logging_mixin.py:188} INFO - [2025-11-09T10:47:07.961+0000] {dag.py:3096} INFO - Sync 1 DAGs
[2025-11-09T10:47:08.033+0000] {logging_mixin.py:188} INFO - [2025-11-09T10:47:08.033+0000] {dag.py:3954} INFO - Setting next_dagrun for ml_pipeline_dag to 2025-11-01 00:00:00+00:00, run_after=2025-12-01 00:00:00+00:00
[2025-11-09T10:47:08.075+0000] {processor.py:183} INFO - Processing /opt/airflow/dags/ml_pipeline_dag.py took 0.506 seconds
[2025-11-09T10:47:40.511+0000] {processor.py:161} INFO - Started process (PID=10107) to work on /opt/airflow/dags/ml_pipeline_dag.py
[2025-11-09T10:47:40.528+0000] {processor.py:830} INFO - Processing file /opt/airflow/dags/ml_pipeline_dag.py for tasks to queue
[2025-11-09T10:47:40.552+0000] {logging_mixin.py:188} INFO - [2025-11-09T10:47:40.536+0000] {dagbag.py:545} INFO - Filling up the DagBag from /opt/airflow/dags/ml_pipeline_dag.py
[2025-11-09T10:47:40.740+0000] {processor.py:840} INFO - DAG(s) 'ml_pipeline_dag' retrieved from /opt/airflow/dags/ml_pipeline_dag.py
[2025-11-09T10:47:41.393+0000] {logging_mixin.py:188} INFO - [2025-11-09T10:47:41.391+0000] {dag.py:3096} INFO - Sync 1 DAGs
[2025-11-09T10:47:41.573+0000] {logging_mixin.py:188} INFO - [2025-11-09T10:47:41.572+0000] {dag.py:3954} INFO - Setting next_dagrun for ml_pipeline_dag to 2025-11-01 00:00:00+00:00, run_after=2025-12-01 00:00:00+00:00
[2025-11-09T10:47:41.716+0000] {processor.py:183} INFO - Processing /opt/airflow/dags/ml_pipeline_dag.py took 1.331 seconds
[2025-11-09T10:48:11.937+0000] {processor.py:161} INFO - Started process (PID=10108) to work on /opt/airflow/dags/ml_pipeline_dag.py
[2025-11-09T10:48:11.942+0000] {processor.py:830} INFO - Processing file /opt/airflow/dags/ml_pipeline_dag.py for tasks to queue
[2025-11-09T10:48:11.950+0000] {logging_mixin.py:188} INFO - [2025-11-09T10:48:11.945+0000] {dagbag.py:545} INFO - Filling up the DagBag from /opt/airflow/dags/ml_pipeline_dag.py
[2025-11-09T10:48:12.000+0000] {processor.py:840} INFO - DAG(s) 'ml_pipeline_dag' retrieved from /opt/airflow/dags/ml_pipeline_dag.py
[2025-11-09T10:48:12.141+0000] {logging_mixin.py:188} INFO - [2025-11-09T10:48:12.141+0000] {dag.py:3096} INFO - Sync 1 DAGs
[2025-11-09T10:48:12.189+0000] {logging_mixin.py:188} INFO - [2025-11-09T10:48:12.189+0000] {dag.py:3954} INFO - Setting next_dagrun for ml_pipeline_dag to 2025-11-01 00:00:00+00:00, run_after=2025-12-01 00:00:00+00:00
[2025-11-09T10:48:12.229+0000] {processor.py:183} INFO - Processing /opt/airflow/dags/ml_pipeline_dag.py took 0.338 seconds
[2025-11-09T10:48:42.567+0000] {processor.py:161} INFO - Started process (PID=10109) to work on /opt/airflow/dags/ml_pipeline_dag.py
[2025-11-09T10:48:42.575+0000] {processor.py:830} INFO - Processing file /opt/airflow/dags/ml_pipeline_dag.py for tasks to queue
[2025-11-09T10:48:42.580+0000] {logging_mixin.py:188} INFO - [2025-11-09T10:48:42.577+0000] {dagbag.py:545} INFO - Filling up the DagBag from /opt/airflow/dags/ml_pipeline_dag.py
[2025-11-09T10:48:42.607+0000] {processor.py:840} INFO - DAG(s) 'ml_pipeline_dag' retrieved from /opt/airflow/dags/ml_pipeline_dag.py
[2025-11-09T10:48:42.748+0000] {logging_mixin.py:188} INFO - [2025-11-09T10:48:42.748+0000] {dag.py:3096} INFO - Sync 1 DAGs
[2025-11-09T10:48:42.835+0000] {logging_mixin.py:188} INFO - [2025-11-09T10:48:42.835+0000] {dag.py:3954} INFO - Setting next_dagrun for ml_pipeline_dag to 2025-11-01 00:00:00+00:00, run_after=2025-12-01 00:00:00+00:00
[2025-11-09T10:48:42.887+0000] {processor.py:183} INFO - Processing /opt/airflow/dags/ml_pipeline_dag.py took 0.387 seconds
[2025-11-09T10:49:13.585+0000] {processor.py:161} INFO - Started process (PID=10110) to work on /opt/airflow/dags/ml_pipeline_dag.py
[2025-11-09T10:49:13.590+0000] {processor.py:830} INFO - Processing file /opt/airflow/dags/ml_pipeline_dag.py for tasks to queue
[2025-11-09T10:49:13.592+0000] {logging_mixin.py:188} INFO - [2025-11-09T10:49:13.591+0000] {dagbag.py:545} INFO - Filling up the DagBag from /opt/airflow/dags/ml_pipeline_dag.py
[2025-11-09T10:49:13.618+0000] {processor.py:840} INFO - DAG(s) 'ml_pipeline_dag' retrieved from /opt/airflow/dags/ml_pipeline_dag.py
[2025-11-09T10:49:13.706+0000] {logging_mixin.py:188} INFO - [2025-11-09T10:49:13.706+0000] {dag.py:3096} INFO - Sync 1 DAGs
[2025-11-09T10:49:13.747+0000] {logging_mixin.py:188} INFO - [2025-11-09T10:49:13.747+0000] {dag.py:3954} INFO - Setting next_dagrun for ml_pipeline_dag to 2025-11-01 00:00:00+00:00, run_after=2025-12-01 00:00:00+00:00
[2025-11-09T10:49:13.767+0000] {processor.py:183} INFO - Processing /opt/airflow/dags/ml_pipeline_dag.py took 0.207 seconds
[2025-11-09T10:49:44.230+0000] {processor.py:161} INFO - Started process (PID=10111) to work on /opt/airflow/dags/ml_pipeline_dag.py
[2025-11-09T10:49:44.257+0000] {processor.py:830} INFO - Processing file /opt/airflow/dags/ml_pipeline_dag.py for tasks to queue
[2025-11-09T10:49:44.272+0000] {logging_mixin.py:188} INFO - [2025-11-09T10:49:44.262+0000] {dagbag.py:545} INFO - Filling up the DagBag from /opt/airflow/dags/ml_pipeline_dag.py
[2025-11-09T10:49:44.344+0000] {processor.py:840} INFO - DAG(s) 'ml_pipeline_dag' retrieved from /opt/airflow/dags/ml_pipeline_dag.py
[2025-11-09T10:49:44.659+0000] {logging_mixin.py:188} INFO - [2025-11-09T10:49:44.657+0000] {dag.py:3096} INFO - Sync 1 DAGs
[2025-11-09T10:49:44.709+0000] {logging_mixin.py:188} INFO - [2025-11-09T10:49:44.709+0000] {dag.py:3954} INFO - Setting next_dagrun for ml_pipeline_dag to 2025-11-01 00:00:00+00:00, run_after=2025-12-01 00:00:00+00:00
[2025-11-09T10:49:44.747+0000] {processor.py:183} INFO - Processing /opt/airflow/dags/ml_pipeline_dag.py took 0.577 seconds
[2025-11-09T10:50:15.160+0000] {processor.py:161} INFO - Started process (PID=10112) to work on /opt/airflow/dags/ml_pipeline_dag.py
[2025-11-09T10:50:15.163+0000] {processor.py:830} INFO - Processing file /opt/airflow/dags/ml_pipeline_dag.py for tasks to queue
[2025-11-09T10:50:15.167+0000] {logging_mixin.py:188} INFO - [2025-11-09T10:50:15.165+0000] {dagbag.py:545} INFO - Filling up the DagBag from /opt/airflow/dags/ml_pipeline_dag.py
[2025-11-09T10:50:15.194+0000] {processor.py:840} INFO - DAG(s) 'ml_pipeline_dag' retrieved from /opt/airflow/dags/ml_pipeline_dag.py
[2025-11-09T10:50:15.337+0000] {logging_mixin.py:188} INFO - [2025-11-09T10:50:15.336+0000] {dag.py:3096} INFO - Sync 1 DAGs
[2025-11-09T10:50:15.384+0000] {logging_mixin.py:188} INFO - [2025-11-09T10:50:15.384+0000] {dag.py:3954} INFO - Setting next_dagrun for ml_pipeline_dag to 2025-11-01 00:00:00+00:00, run_after=2025-12-01 00:00:00+00:00
[2025-11-09T10:50:15.414+0000] {processor.py:183} INFO - Processing /opt/airflow/dags/ml_pipeline_dag.py took 0.284 seconds
