[2025-11-07T13:45:46.874+0000] {manager.py:470} INFO - Processing files using up to 1 processes at a time 
[2025-11-07T13:45:46.877+0000] {manager.py:471} INFO - Process each file at most once every 30 seconds
[2025-11-07T13:45:46.881+0000] {manager.py:472} INFO - Checking for new files in /opt/airflow/dags every 300 seconds
[2025-11-07T13:45:46.883+0000] {manager.py:737} INFO - Searching for files in /opt/airflow/dags
[2025-11-07T13:45:46.907+0000] {manager.py:740} INFO - There are 1 files in /opt/airflow/dags
[2025-11-07T13:45:48.165+0000] {manager.py:878} INFO - 
================================================================================
DAG File Processing Stats

File Path                             PID    Runtime      # DAGs    # Errors  Last Runtime    Last Run
------------------------------------  -----  ---------  --------  ----------  --------------  -------------------
/opt/airflow/dags/ml_pipeline_dag.py                           1           0  0.93s           2025-11-07T13:45:48
================================================================================
[2025-11-07T13:46:31.331+0000] {manager.py:878} INFO - 
================================================================================
DAG File Processing Stats

File Path                             PID    Runtime      # DAGs    # Errors  Last Runtime    Last Run
------------------------------------  -----  ---------  --------  ----------  --------------  -------------------
/opt/airflow/dags/ml_pipeline_dag.py                           1           0  11.77s          2025-11-07T13:46:31
================================================================================
[2025-11-07T13:47:02.327+0000] {manager.py:878} INFO - 
================================================================================
DAG File Processing Stats

File Path                             PID    Runtime      # DAGs    # Errors  Last Runtime    Last Run
------------------------------------  -----  ---------  --------  ----------  --------------  -------------------
/opt/airflow/dags/ml_pipeline_dag.py                           1           0  0.86s           2025-11-07T13:47:02
================================================================================
[2025-11-07T13:47:34.637+0000] {manager.py:878} INFO - 
================================================================================
DAG File Processing Stats

File Path                             PID    Runtime      # DAGs    # Errors  Last Runtime    Last Run
------------------------------------  -----  ---------  --------  ----------  --------------  -------------------
/opt/airflow/dags/ml_pipeline_dag.py                           1           0  1.34s           2025-11-07T13:47:34
================================================================================
[2025-11-07T13:48:06.481+0000] {manager.py:878} INFO - 
================================================================================
DAG File Processing Stats

File Path                             PID    Runtime      # DAGs    # Errors  Last Runtime    Last Run
------------------------------------  -----  ---------  --------  ----------  --------------  -------------------
/opt/airflow/dags/ml_pipeline_dag.py                           1           0  1.23s           2025-11-07T13:48:06
================================================================================
[2025-11-07T13:48:36.937+0000] {manager.py:878} INFO - 
================================================================================
DAG File Processing Stats

File Path                             PID    Runtime      # DAGs    # Errors  Last Runtime    Last Run
------------------------------------  -----  ---------  --------  ----------  --------------  -------------------
/opt/airflow/dags/ml_pipeline_dag.py                           1           0  0.23s           2025-11-07T13:48:36
================================================================================
[2025-11-07T13:49:07.289+0000] {manager.py:878} INFO - 
================================================================================
DAG File Processing Stats

File Path                             PID    Runtime      # DAGs    # Errors  Last Runtime    Last Run
------------------------------------  -----  ---------  --------  ----------  --------------  -------------------
/opt/airflow/dags/ml_pipeline_dag.py                           1           0  0.23s           2025-11-07T13:49:07
================================================================================
[2025-11-07T13:49:37.654+0000] {manager.py:878} INFO - 
================================================================================
DAG File Processing Stats

File Path                             PID    Runtime      # DAGs    # Errors  Last Runtime    Last Run
------------------------------------  -----  ---------  --------  ----------  --------------  -------------------
/opt/airflow/dags/ml_pipeline_dag.py                           1           0  0.24s           2025-11-07T13:49:37
================================================================================
[2025-11-07T13:50:07.982+0000] {manager.py:878} INFO - 
================================================================================
DAG File Processing Stats

File Path                             PID    Runtime      # DAGs    # Errors  Last Runtime    Last Run
------------------------------------  -----  ---------  --------  ----------  --------------  -------------------
/opt/airflow/dags/ml_pipeline_dag.py                           1           0  0.22s           2025-11-07T13:50:07
================================================================================
[2025-11-07T13:50:38.427+0000] {manager.py:878} INFO - 
================================================================================
DAG File Processing Stats

File Path                             PID    Runtime      # DAGs    # Errors  Last Runtime    Last Run
------------------------------------  -----  ---------  --------  ----------  --------------  -------------------
/opt/airflow/dags/ml_pipeline_dag.py                           1           0  0.34s           2025-11-07T13:50:38
================================================================================
[2025-11-07T13:50:47.020+0000] {manager.py:737} INFO - Searching for files in /opt/airflow/dags
[2025-11-07T13:50:47.042+0000] {manager.py:740} INFO - There are 1 files in /opt/airflow/dags
[2025-11-07T13:51:09.458+0000] {manager.py:878} INFO - 
================================================================================
DAG File Processing Stats

File Path                             PID    Runtime      # DAGs    # Errors  Last Runtime    Last Run
------------------------------------  -----  ---------  --------  ----------  --------------  -------------------
/opt/airflow/dags/ml_pipeline_dag.py                           1           0  0.89s           2025-11-07T13:51:09
================================================================================
[2025-11-07T13:51:39.909+0000] {manager.py:878} INFO - 
================================================================================
DAG File Processing Stats

File Path                             PID    Runtime      # DAGs    # Errors  Last Runtime    Last Run
------------------------------------  -----  ---------  --------  ----------  --------------  -------------------
/opt/airflow/dags/ml_pipeline_dag.py                           1           0  0.23s           2025-11-07T13:51:39
================================================================================
[2025-11-07T13:52:10.373+0000] {manager.py:878} INFO - 
================================================================================
DAG File Processing Stats

File Path                             PID    Runtime      # DAGs    # Errors  Last Runtime    Last Run
------------------------------------  -----  ---------  --------  ----------  --------------  -------------------
/opt/airflow/dags/ml_pipeline_dag.py                           1           0  0.35s           2025-11-07T13:52:10
================================================================================
[2025-11-07T13:52:42.882+0000] {manager.py:878} INFO - 
================================================================================
DAG File Processing Stats

File Path                             PID    Runtime      # DAGs    # Errors  Last Runtime    Last Run
------------------------------------  -----  ---------  --------  ----------  --------------  -------------------
/opt/airflow/dags/ml_pipeline_dag.py                           1           0  2.37s           2025-11-07T13:52:42
================================================================================
[2025-11-07T13:53:15.341+0000] {manager.py:878} INFO - 
================================================================================
DAG File Processing Stats

File Path                             PID    Runtime      # DAGs    # Errors  Last Runtime    Last Run
------------------------------------  -----  ---------  --------  ----------  --------------  -------------------
/opt/airflow/dags/ml_pipeline_dag.py                           1           0  2.40s           2025-11-07T13:53:15
================================================================================
[2025-11-07T13:53:46.560+0000] {manager.py:878} INFO - 
================================================================================
DAG File Processing Stats

File Path                             PID    Runtime      # DAGs    # Errors  Last Runtime    Last Run
------------------------------------  -----  ---------  --------  ----------  --------------  -------------------
/opt/airflow/dags/ml_pipeline_dag.py                           1           0  0.88s           2025-11-07T13:53:46
================================================================================
[2025-11-07T13:54:17.166+0000] {manager.py:878} INFO - 
================================================================================
DAG File Processing Stats

File Path                             PID    Runtime      # DAGs    # Errors  Last Runtime    Last Run
------------------------------------  -----  ---------  --------  ----------  --------------  -------------------
/opt/airflow/dags/ml_pipeline_dag.py                           1           0  0.43s           2025-11-07T13:54:17
================================================================================
[2025-11-07T13:54:47.895+0000] {manager.py:878} INFO - 
================================================================================
DAG File Processing Stats

File Path                             PID    Runtime      # DAGs    # Errors  Last Runtime    Last Run
------------------------------------  -----  ---------  --------  ----------  --------------  -------------------
/opt/airflow/dags/ml_pipeline_dag.py                           1           0  0.54s           2025-11-07T13:54:47
================================================================================
[2025-11-07T13:55:18.998+0000] {manager.py:878} INFO - 
================================================================================
DAG File Processing Stats

File Path                             PID    Runtime      # DAGs    # Errors  Last Runtime    Last Run
------------------------------------  -----  ---------  --------  ----------  --------------  -------------------
/opt/airflow/dags/ml_pipeline_dag.py                           1           0  1.02s           2025-11-07T13:55:18
================================================================================
[2025-11-07T13:55:47.118+0000] {manager.py:737} INFO - Searching for files in /opt/airflow/dags
[2025-11-07T13:55:47.130+0000] {manager.py:740} INFO - There are 1 files in /opt/airflow/dags
[2025-11-07T13:55:49.258+0000] {manager.py:878} INFO - 
================================================================================
DAG File Processing Stats

File Path                             PID    Runtime      # DAGs    # Errors  Last Runtime    Last Run
------------------------------------  -----  ---------  --------  ----------  --------------  -------------------
/opt/airflow/dags/ml_pipeline_dag.py                           1           0  0.23s           2025-11-07T13:55:49
================================================================================
[2025-11-07T13:56:19.561+0000] {manager.py:878} INFO - 
================================================================================
DAG File Processing Stats

File Path                             PID    Runtime      # DAGs    # Errors  Last Runtime    Last Run
------------------------------------  -----  ---------  --------  ----------  --------------  -------------------
/opt/airflow/dags/ml_pipeline_dag.py                           1           0  0.24s           2025-11-07T13:56:19
================================================================================
[2025-11-07T13:56:50.999+0000] {manager.py:878} INFO - 
================================================================================
DAG File Processing Stats

File Path                             PID    Runtime      # DAGs    # Errors  Last Runtime    Last Run
------------------------------------  -----  ---------  --------  ----------  --------------  -------------------
/opt/airflow/dags/ml_pipeline_dag.py                           1           0  1.20s           2025-11-07T13:56:50
================================================================================
[2025-11-07T13:57:21.683+0000] {manager.py:878} INFO - 
================================================================================
DAG File Processing Stats

File Path                             PID    Runtime      # DAGs    # Errors  Last Runtime    Last Run
------------------------------------  -----  ---------  --------  ----------  --------------  -------------------
/opt/airflow/dags/ml_pipeline_dag.py                           1           0  0.33s           2025-11-07T13:57:21
================================================================================
[2025-11-07T13:57:52.034+0000] {manager.py:878} INFO - 
================================================================================
DAG File Processing Stats

File Path                             PID    Runtime      # DAGs    # Errors  Last Runtime    Last Run
------------------------------------  -----  ---------  --------  ----------  --------------  -------------------
/opt/airflow/dags/ml_pipeline_dag.py                           1           0  0.23s           2025-11-07T13:57:52
================================================================================
[2025-11-07T13:58:22.365+0000] {manager.py:878} INFO - 
================================================================================
DAG File Processing Stats

File Path                             PID    Runtime      # DAGs    # Errors  Last Runtime    Last Run
------------------------------------  -----  ---------  --------  ----------  --------------  -------------------
/opt/airflow/dags/ml_pipeline_dag.py                           1           0  0.22s           2025-11-07T13:58:22
================================================================================
[2025-11-07T13:58:47.958+0000] {manager.py:452} INFO - Exiting gracefully upon receiving signal 15
[2025-11-07T13:59:27.754+0000] {manager.py:470} INFO - Processing files using up to 1 processes at a time 
[2025-11-07T13:59:27.756+0000] {manager.py:471} INFO - Process each file at most once every 30 seconds
[2025-11-07T13:59:27.756+0000] {manager.py:472} INFO - Checking for new files in /opt/airflow/dags every 300 seconds
[2025-11-07T13:59:27.758+0000] {manager.py:737} INFO - Searching for files in /opt/airflow/dags
[2025-11-07T13:59:27.780+0000] {manager.py:740} INFO - There are 1 files in /opt/airflow/dags
[2025-11-07T13:59:28.739+0000] {manager.py:878} INFO - 
================================================================================
DAG File Processing Stats

File Path                             PID    Runtime      # DAGs    # Errors  Last Runtime    Last Run
------------------------------------  -----  ---------  --------  ----------  --------------  -------------------
/opt/airflow/dags/ml_pipeline_dag.py                           1           0  0.64s           2025-11-07T13:59:28
================================================================================
[2025-11-07T13:59:59.620+0000] {manager.py:878} INFO - 
================================================================================
DAG File Processing Stats

File Path                             PID    Runtime      # DAGs    # Errors  Last Runtime    Last Run
------------------------------------  -----  ---------  --------  ----------  --------------  -------------------
/opt/airflow/dags/ml_pipeline_dag.py                           1           0  0.44s           2025-11-07T13:59:59
================================================================================
[2025-11-07T14:00:30.781+0000] {manager.py:878} INFO - 
================================================================================
DAG File Processing Stats

File Path                             PID    Runtime      # DAGs    # Errors  Last Runtime    Last Run
------------------------------------  -----  ---------  --------  ----------  --------------  -------------------
/opt/airflow/dags/ml_pipeline_dag.py                           1           0  0.23s           2025-11-07T14:00:30
================================================================================
[2025-11-07T14:01:01.527+0000] {manager.py:878} INFO - 
================================================================================
DAG File Processing Stats

File Path                             PID    Runtime      # DAGs    # Errors  Last Runtime    Last Run
------------------------------------  -----  ---------  --------  ----------  --------------  -------------------
/opt/airflow/dags/ml_pipeline_dag.py                           1           0  0.33s           2025-11-07T14:01:01
================================================================================
[2025-11-07T14:01:31.879+0000] {manager.py:878} INFO - 
================================================================================
DAG File Processing Stats

File Path                             PID    Runtime      # DAGs    # Errors  Last Runtime    Last Run
------------------------------------  -----  ---------  --------  ----------  --------------  -------------------
/opt/airflow/dags/ml_pipeline_dag.py                           1           0  0.21s           2025-11-07T14:01:31
================================================================================
[2025-11-07T14:02:03.118+0000] {manager.py:878} INFO - 
================================================================================
DAG File Processing Stats

File Path                             PID    Runtime      # DAGs    # Errors  Last Runtime    Last Run
------------------------------------  -----  ---------  --------  ----------  --------------  -------------------
/opt/airflow/dags/ml_pipeline_dag.py                           1           0  0.22s           2025-11-07T14:02:03
================================================================================
[2025-11-07T14:02:33.555+0000] {manager.py:878} INFO - 
================================================================================
DAG File Processing Stats

File Path                             PID    Runtime      # DAGs    # Errors  Last Runtime    Last Run
------------------------------------  -----  ---------  --------  ----------  --------------  -------------------
/opt/airflow/dags/ml_pipeline_dag.py                           1           0  0.21s           2025-11-07T14:02:33
================================================================================
[2025-11-07T14:02:49.681+0000] {manager.py:470} INFO - Processing files using up to 1 processes at a time 
[2025-11-07T14:02:49.682+0000] {manager.py:471} INFO - Process each file at most once every 30 seconds
[2025-11-07T14:02:49.682+0000] {manager.py:472} INFO - Checking for new files in /opt/airflow/dags every 300 seconds
[2025-11-07T14:02:49.683+0000] {manager.py:737} INFO - Searching for files in /opt/airflow/dags
[2025-11-07T14:02:49.686+0000] {manager.py:740} INFO - There are 1 files in /opt/airflow/dags
[2025-11-07T14:02:49.962+0000] {manager.py:878} INFO - 
================================================================================
DAG File Processing Stats

File Path                             PID    Runtime      # DAGs    # Errors  Last Runtime    Last Run
------------------------------------  -----  ---------  --------  ----------  --------------  -------------------
/opt/airflow/dags/ml_pipeline_dag.py                           1           0  0.21s           2025-11-07T14:02:49
================================================================================
[2025-11-07T14:03:20.590+0000] {manager.py:878} INFO - 
================================================================================
DAG File Processing Stats

File Path                             PID    Runtime      # DAGs    # Errors  Last Runtime    Last Run
------------------------------------  -----  ---------  --------  ----------  --------------  -------------------
/opt/airflow/dags/ml_pipeline_dag.py                           1           0  0.42s           2025-11-07T14:03:20
================================================================================
[2025-11-07T14:03:52.243+0000] {manager.py:878} INFO - 
================================================================================
DAG File Processing Stats

File Path                             PID    Runtime      # DAGs    # Errors  Last Runtime    Last Run
------------------------------------  -----  ---------  --------  ----------  --------------  -------------------
/opt/airflow/dags/ml_pipeline_dag.py                           1           0  0.81s           2025-11-07T14:03:52
================================================================================
[2025-11-07T14:04:23.950+0000] {manager.py:878} INFO - 
================================================================================
DAG File Processing Stats

File Path                             PID    Runtime      # DAGs    # Errors  Last Runtime    Last Run
------------------------------------  -----  ---------  --------  ----------  --------------  -------------------
/opt/airflow/dags/ml_pipeline_dag.py                           1           0  0.86s           2025-11-07T14:04:23
================================================================================
[2025-11-07T14:05:00.630+0000] {manager.py:878} INFO - 
================================================================================
DAG File Processing Stats

File Path                             PID    Runtime      # DAGs    # Errors  Last Runtime    Last Run
------------------------------------  -----  ---------  --------  ----------  --------------  -------------------
/opt/airflow/dags/ml_pipeline_dag.py                           1           0  1.02s           2025-11-07T14:05:00
================================================================================
[2025-11-07T14:05:31.240+0000] {manager.py:878} INFO - 
================================================================================
DAG File Processing Stats

File Path                             PID    Runtime      # DAGs    # Errors  Last Runtime    Last Run
------------------------------------  -----  ---------  --------  ----------  --------------  -------------------
/opt/airflow/dags/ml_pipeline_dag.py                           1           0  0.55s           2025-11-07T14:05:31
================================================================================
[2025-11-07T14:06:02.188+0000] {manager.py:878} INFO - 
================================================================================
DAG File Processing Stats

File Path                             PID    Runtime      # DAGs    # Errors  Last Runtime    Last Run
------------------------------------  -----  ---------  --------  ----------  --------------  -------------------
/opt/airflow/dags/ml_pipeline_dag.py                           1           0  0.34s           2025-11-07T14:06:02
================================================================================
[2025-11-07T14:06:32.810+0000] {manager.py:878} INFO - 
================================================================================
DAG File Processing Stats

File Path                             PID    Runtime      # DAGs    # Errors  Last Runtime    Last Run
------------------------------------  -----  ---------  --------  ----------  --------------  -------------------
/opt/airflow/dags/ml_pipeline_dag.py                           1           0  0.23s           2025-11-07T14:06:32
================================================================================
[2025-11-07T14:07:03.288+0000] {manager.py:878} INFO - 
================================================================================
DAG File Processing Stats

File Path                             PID    Runtime      # DAGs    # Errors  Last Runtime    Last Run
------------------------------------  -----  ---------  --------  ----------  --------------  -------------------
/opt/airflow/dags/ml_pipeline_dag.py                           1           0  0.25s           2025-11-07T14:07:03
================================================================================
[2025-11-07T14:07:33.568+0000] {manager.py:878} INFO - 
================================================================================
DAG File Processing Stats

File Path                             PID    Runtime      # DAGs    # Errors  Last Runtime    Last Run
------------------------------------  -----  ---------  --------  ----------  --------------  -------------------
/opt/airflow/dags/ml_pipeline_dag.py                           1           0  0.24s           2025-11-07T14:07:33
================================================================================
[2025-11-07T14:07:49.770+0000] {manager.py:737} INFO - Searching for files in /opt/airflow/dags
[2025-11-07T14:07:49.775+0000] {manager.py:740} INFO - There are 1 files in /opt/airflow/dags
[2025-11-07T14:08:03.951+0000] {manager.py:878} INFO - 
================================================================================
DAG File Processing Stats

File Path                             PID    Runtime      # DAGs    # Errors  Last Runtime    Last Run
------------------------------------  -----  ---------  --------  ----------  --------------  -------------------
/opt/airflow/dags/ml_pipeline_dag.py                           1           0  0.23s           2025-11-07T14:08:03
================================================================================
[2025-11-07T14:08:34.330+0000] {manager.py:878} INFO - 
================================================================================
DAG File Processing Stats

File Path                             PID    Runtime      # DAGs    # Errors  Last Runtime    Last Run
------------------------------------  -----  ---------  --------  ----------  --------------  -------------------
/opt/airflow/dags/ml_pipeline_dag.py                           1           0  0.24s           2025-11-07T14:08:34
================================================================================
[2025-11-07T14:09:04.915+0000] {manager.py:878} INFO - 
================================================================================
DAG File Processing Stats

File Path                             PID    Runtime      # DAGs    # Errors  Last Runtime    Last Run
------------------------------------  -----  ---------  --------  ----------  --------------  -------------------
/opt/airflow/dags/ml_pipeline_dag.py                           1           0  0.25s           2025-11-07T14:09:04
================================================================================
[2025-11-07T14:09:35.517+0000] {manager.py:878} INFO - 
================================================================================
DAG File Processing Stats

File Path                             PID    Runtime      # DAGs    # Errors  Last Runtime    Last Run
------------------------------------  -----  ---------  --------  ----------  --------------  -------------------
/opt/airflow/dags/ml_pipeline_dag.py                           1           0  0.43s           2025-11-07T14:09:35
================================================================================
[2025-11-07T14:10:09.220+0000] {manager.py:878} INFO - 
================================================================================
DAG File Processing Stats

File Path                             PID    Runtime      # DAGs    # Errors  Last Runtime    Last Run
------------------------------------  -----  ---------  --------  ----------  --------------  -------------------
/opt/airflow/dags/ml_pipeline_dag.py                           1           0  3.49s           2025-11-07T14:10:09
================================================================================
[2025-11-07T14:10:40.428+0000] {manager.py:878} INFO - 
================================================================================
DAG File Processing Stats

File Path                             PID    Runtime      # DAGs    # Errors  Last Runtime    Last Run
------------------------------------  -----  ---------  --------  ----------  --------------  -------------------
/opt/airflow/dags/ml_pipeline_dag.py                           1           0  0.94s           2025-11-07T14:10:40
================================================================================
[2025-11-07T14:11:11.305+0000] {manager.py:878} INFO - 
================================================================================
DAG File Processing Stats

File Path                             PID    Runtime      # DAGs    # Errors  Last Runtime    Last Run
------------------------------------  -----  ---------  --------  ----------  --------------  -------------------
/opt/airflow/dags/ml_pipeline_dag.py                           1           0  0.55s           2025-11-07T14:11:11
================================================================================
[2025-11-07T14:11:42.164+0000] {manager.py:878} INFO - 
================================================================================
DAG File Processing Stats

File Path                             PID    Runtime      # DAGs    # Errors  Last Runtime    Last Run
------------------------------------  -----  ---------  --------  ----------  --------------  -------------------
/opt/airflow/dags/ml_pipeline_dag.py                           1           0  0.55s           2025-11-07T14:11:42
================================================================================
[2025-11-07T14:12:12.777+0000] {manager.py:878} INFO - 
================================================================================
DAG File Processing Stats

File Path                             PID    Runtime      # DAGs    # Errors  Last Runtime    Last Run
------------------------------------  -----  ---------  --------  ----------  --------------  -------------------
/opt/airflow/dags/ml_pipeline_dag.py                           1           0  0.43s           2025-11-07T14:12:12
================================================================================
[2025-11-07T14:12:43.200+0000] {manager.py:878} INFO - 
================================================================================
DAG File Processing Stats

File Path                             PID    Runtime      # DAGs    # Errors  Last Runtime    Last Run
------------------------------------  -----  ---------  --------  ----------  --------------  -------------------
/opt/airflow/dags/ml_pipeline_dag.py                           1           0  0.23s           2025-11-07T14:12:43
================================================================================
[2025-11-07T14:12:49.855+0000] {manager.py:737} INFO - Searching for files in /opt/airflow/dags
[2025-11-07T14:12:49.875+0000] {manager.py:740} INFO - There are 1 files in /opt/airflow/dags
[2025-11-07T14:13:13.852+0000] {manager.py:878} INFO - 
================================================================================
DAG File Processing Stats

File Path                             PID    Runtime      # DAGs    # Errors  Last Runtime    Last Run
------------------------------------  -----  ---------  --------  ----------  --------------  -------------------
/opt/airflow/dags/ml_pipeline_dag.py                           1           0  0.24s           2025-11-07T14:13:13
================================================================================
[2025-11-07T14:13:44.376+0000] {manager.py:878} INFO - 
================================================================================
DAG File Processing Stats

File Path                             PID    Runtime      # DAGs    # Errors  Last Runtime    Last Run
------------------------------------  -----  ---------  --------  ----------  --------------  -------------------
/opt/airflow/dags/ml_pipeline_dag.py                           1           0  0.24s           2025-11-07T14:13:44
================================================================================
[2025-11-07T14:14:14.784+0000] {manager.py:878} INFO - 
================================================================================
DAG File Processing Stats

File Path                             PID    Runtime      # DAGs    # Errors  Last Runtime    Last Run
------------------------------------  -----  ---------  --------  ----------  --------------  -------------------
/opt/airflow/dags/ml_pipeline_dag.py                           1           0  0.24s           2025-11-07T14:14:14
================================================================================
[2025-11-07T14:14:45.374+0000] {manager.py:878} INFO - 
================================================================================
DAG File Processing Stats

File Path                             PID    Runtime      # DAGs    # Errors  Last Runtime    Last Run
------------------------------------  -----  ---------  --------  ----------  --------------  -------------------
/opt/airflow/dags/ml_pipeline_dag.py                           1           0  0.22s           2025-11-07T14:14:45
================================================================================
[2025-11-07T14:15:15.970+0000] {manager.py:878} INFO - 
================================================================================
DAG File Processing Stats

File Path                             PID    Runtime      # DAGs    # Errors  Last Runtime    Last Run
------------------------------------  -----  ---------  --------  ----------  --------------  -------------------
/opt/airflow/dags/ml_pipeline_dag.py                           1           0  0.35s           2025-11-07T14:15:15
================================================================================
[2025-11-07T14:15:46.404+0000] {manager.py:878} INFO - 
================================================================================
DAG File Processing Stats

File Path                             PID    Runtime      # DAGs    # Errors  Last Runtime    Last Run
------------------------------------  -----  ---------  --------  ----------  --------------  -------------------
/opt/airflow/dags/ml_pipeline_dag.py                           1           0  0.23s           2025-11-07T14:15:46
================================================================================
[2025-11-07T14:16:17.070+0000] {manager.py:878} INFO - 
================================================================================
DAG File Processing Stats

File Path                             PID    Runtime      # DAGs    # Errors  Last Runtime    Last Run
------------------------------------  -----  ---------  --------  ----------  --------------  -------------------
/opt/airflow/dags/ml_pipeline_dag.py                           1           0  0.23s           2025-11-07T14:16:17
================================================================================
[2025-11-07T14:16:47.472+0000] {manager.py:878} INFO - 
================================================================================
DAG File Processing Stats

File Path                             PID    Runtime      # DAGs    # Errors  Last Runtime    Last Run
------------------------------------  -----  ---------  --------  ----------  --------------  -------------------
/opt/airflow/dags/ml_pipeline_dag.py                           1           0  0.34s           2025-11-07T14:16:47
================================================================================
[2025-11-07T14:17:18.468+0000] {manager.py:878} INFO - 
================================================================================
DAG File Processing Stats

File Path                             PID    Runtime      # DAGs    # Errors  Last Runtime    Last Run
------------------------------------  -----  ---------  --------  ----------  --------------  -------------------
/opt/airflow/dags/ml_pipeline_dag.py                           1           0  0.77s           2025-11-07T14:17:18
================================================================================
[2025-11-07T14:17:48.865+0000] {manager.py:878} INFO - 
================================================================================
DAG File Processing Stats

File Path                             PID    Runtime      # DAGs    # Errors  Last Runtime    Last Run
------------------------------------  -----  ---------  --------  ----------  --------------  -------------------
/opt/airflow/dags/ml_pipeline_dag.py                           1           0  0.23s           2025-11-07T14:17:48
================================================================================
[2025-11-07T14:17:49.973+0000] {manager.py:737} INFO - Searching for files in /opt/airflow/dags
[2025-11-07T14:17:49.978+0000] {manager.py:740} INFO - There are 1 files in /opt/airflow/dags
[2025-11-07T14:18:19.463+0000] {manager.py:878} INFO - 
================================================================================
DAG File Processing Stats

File Path                             PID    Runtime      # DAGs    # Errors  Last Runtime    Last Run
------------------------------------  -----  ---------  --------  ----------  --------------  -------------------
/opt/airflow/dags/ml_pipeline_dag.py                           1           0  0.28s           2025-11-07T14:18:19
================================================================================
[2025-11-07T14:18:50.773+0000] {manager.py:878} INFO - 
================================================================================
DAG File Processing Stats

File Path                             PID    Runtime      # DAGs    # Errors  Last Runtime    Last Run
------------------------------------  -----  ---------  --------  ----------  --------------  -------------------
/opt/airflow/dags/ml_pipeline_dag.py                           1           0  1.17s           2025-11-07T14:18:50
================================================================================
[2025-11-07T14:19:21.290+0000] {manager.py:878} INFO - 
================================================================================
DAG File Processing Stats

File Path                             PID    Runtime      # DAGs    # Errors  Last Runtime    Last Run
------------------------------------  -----  ---------  --------  ----------  --------------  -------------------
/opt/airflow/dags/ml_pipeline_dag.py                           1           0  0.23s           2025-11-07T14:19:21
================================================================================
[2025-11-07T14:19:51.656+0000] {manager.py:878} INFO - 
================================================================================
DAG File Processing Stats

File Path                             PID    Runtime      # DAGs    # Errors  Last Runtime    Last Run
------------------------------------  -----  ---------  --------  ----------  --------------  -------------------
/opt/airflow/dags/ml_pipeline_dag.py                           1           0  0.24s           2025-11-07T14:19:51
================================================================================
[2025-11-07T14:20:22.141+0000] {manager.py:878} INFO - 
================================================================================
DAG File Processing Stats

File Path                             PID    Runtime      # DAGs    # Errors  Last Runtime    Last Run
------------------------------------  -----  ---------  --------  ----------  --------------  -------------------
/opt/airflow/dags/ml_pipeline_dag.py                           1           0  0.33s           2025-11-07T14:20:22
================================================================================
[2025-11-07T14:20:52.607+0000] {manager.py:878} INFO - 
================================================================================
DAG File Processing Stats

File Path                             PID    Runtime      # DAGs    # Errors  Last Runtime    Last Run
------------------------------------  -----  ---------  --------  ----------  --------------  -------------------
/opt/airflow/dags/ml_pipeline_dag.py                           1           0  0.23s           2025-11-07T14:20:52
================================================================================
[2025-11-07T14:21:23.833+0000] {manager.py:878} INFO - 
================================================================================
DAG File Processing Stats

File Path                             PID    Runtime      # DAGs    # Errors  Last Runtime    Last Run
------------------------------------  -----  ---------  --------  ----------  --------------  -------------------
/opt/airflow/dags/ml_pipeline_dag.py                           1           0  0.48s           2025-11-07T14:21:23
================================================================================
[2025-11-07T14:21:54.595+0000] {manager.py:878} INFO - 
================================================================================
DAG File Processing Stats

File Path                             PID    Runtime      # DAGs    # Errors  Last Runtime    Last Run
------------------------------------  -----  ---------  --------  ----------  --------------  -------------------
/opt/airflow/dags/ml_pipeline_dag.py                           1           0  0.55s           2025-11-07T14:21:54
================================================================================
[2025-11-07T14:22:24.976+0000] {manager.py:878} INFO - 
================================================================================
DAG File Processing Stats

File Path                             PID    Runtime      # DAGs    # Errors  Last Runtime    Last Run
------------------------------------  -----  ---------  --------  ----------  --------------  -------------------
/opt/airflow/dags/ml_pipeline_dag.py                           1           0  0.22s           2025-11-07T14:22:24
================================================================================
[2025-11-07T14:22:50.089+0000] {manager.py:737} INFO - Searching for files in /opt/airflow/dags
[2025-11-07T14:22:50.154+0000] {manager.py:740} INFO - There are 1 files in /opt/airflow/dags
[2025-11-07T14:22:55.395+0000] {manager.py:878} INFO - 
================================================================================
DAG File Processing Stats

File Path                             PID    Runtime      # DAGs    # Errors  Last Runtime    Last Run
------------------------------------  -----  ---------  --------  ----------  --------------  -------------------
/opt/airflow/dags/ml_pipeline_dag.py                           1           0  0.24s           2025-11-07T14:22:55
================================================================================
[2025-11-07T14:23:25.687+0000] {manager.py:878} INFO - 
================================================================================
DAG File Processing Stats

File Path                             PID    Runtime      # DAGs    # Errors  Last Runtime    Last Run
------------------------------------  -----  ---------  --------  ----------  --------------  -------------------
/opt/airflow/dags/ml_pipeline_dag.py                           1           0  0.23s           2025-11-07T14:23:25
================================================================================
[2025-11-07T14:23:56.046+0000] {manager.py:878} INFO - 
================================================================================
DAG File Processing Stats

File Path                             PID    Runtime      # DAGs    # Errors  Last Runtime    Last Run
------------------------------------  -----  ---------  --------  ----------  --------------  -------------------
/opt/airflow/dags/ml_pipeline_dag.py                           1           0  0.23s           2025-11-07T14:23:56
================================================================================
[2025-11-07T14:24:26.635+0000] {manager.py:878} INFO - 
================================================================================
DAG File Processing Stats

File Path                             PID    Runtime      # DAGs    # Errors  Last Runtime    Last Run
------------------------------------  -----  ---------  --------  ----------  --------------  -------------------
/opt/airflow/dags/ml_pipeline_dag.py                           1           0  0.35s           2025-11-07T14:24:26
================================================================================
[2025-11-07T14:24:57.137+0000] {manager.py:878} INFO - 
================================================================================
DAG File Processing Stats

File Path                             PID    Runtime      # DAGs    # Errors  Last Runtime    Last Run
------------------------------------  -----  ---------  --------  ----------  --------------  -------------------
/opt/airflow/dags/ml_pipeline_dag.py                           1           0  0.36s           2025-11-07T14:24:57
================================================================================
[2025-11-07T14:25:28.337+0000] {manager.py:878} INFO - 
================================================================================
DAG File Processing Stats

File Path                             PID    Runtime      # DAGs    # Errors  Last Runtime    Last Run
------------------------------------  -----  ---------  --------  ----------  --------------  -------------------
/opt/airflow/dags/ml_pipeline_dag.py                           1           0  0.85s           2025-11-07T14:25:28
================================================================================
[2025-11-07T14:25:58.684+0000] {manager.py:878} INFO - 
================================================================================
DAG File Processing Stats

File Path                             PID    Runtime      # DAGs    # Errors  Last Runtime    Last Run
------------------------------------  -----  ---------  --------  ----------  --------------  -------------------
/opt/airflow/dags/ml_pipeline_dag.py                           1           0  0.23s           2025-11-07T14:25:58
================================================================================
[2025-11-07T14:26:29.115+0000] {manager.py:878} INFO - 
================================================================================
DAG File Processing Stats

File Path                             PID    Runtime      # DAGs    # Errors  Last Runtime    Last Run
------------------------------------  -----  ---------  --------  ----------  --------------  -------------------
/opt/airflow/dags/ml_pipeline_dag.py                           1           0  0.34s           2025-11-07T14:26:29
================================================================================
[2025-11-07T14:26:59.688+0000] {manager.py:878} INFO - 
================================================================================
DAG File Processing Stats

File Path                             PID    Runtime      # DAGs    # Errors  Last Runtime    Last Run
------------------------------------  -----  ---------  --------  ----------  --------------  -------------------
/opt/airflow/dags/ml_pipeline_dag.py                           1           0  0.34s           2025-11-07T14:26:59
================================================================================
[2025-11-07T14:27:30.785+0000] {manager.py:878} INFO - 
================================================================================
DAG File Processing Stats

File Path                             PID    Runtime      # DAGs    # Errors  Last Runtime    Last Run
------------------------------------  -----  ---------  --------  ----------  --------------  -------------------
/opt/airflow/dags/ml_pipeline_dag.py                           1           0  0.72s           2025-11-07T14:27:30
================================================================================
[2025-11-07T14:27:50.259+0000] {manager.py:737} INFO - Searching for files in /opt/airflow/dags
[2025-11-07T14:27:50.275+0000] {manager.py:740} INFO - There are 1 files in /opt/airflow/dags
[2025-11-07T14:28:01.191+0000] {manager.py:878} INFO - 
================================================================================
DAG File Processing Stats

File Path                             PID    Runtime      # DAGs    # Errors  Last Runtime    Last Run
------------------------------------  -----  ---------  --------  ----------  --------------  -------------------
/opt/airflow/dags/ml_pipeline_dag.py                           1           0  0.24s           2025-11-07T14:28:01
================================================================================
[2025-11-07T14:28:31.713+0000] {manager.py:878} INFO - 
================================================================================
DAG File Processing Stats

File Path                             PID    Runtime      # DAGs    # Errors  Last Runtime    Last Run
------------------------------------  -----  ---------  --------  ----------  --------------  -------------------
/opt/airflow/dags/ml_pipeline_dag.py                           1           0  0.36s           2025-11-07T14:28:31
================================================================================
[2025-11-07T14:29:02.539+0000] {manager.py:878} INFO - 
================================================================================
DAG File Processing Stats

File Path                             PID    Runtime      # DAGs    # Errors  Last Runtime    Last Run
------------------------------------  -----  ---------  --------  ----------  --------------  -------------------
/opt/airflow/dags/ml_pipeline_dag.py                           1           0  0.36s           2025-11-07T14:29:02
================================================================================
[2025-11-07T14:29:33.136+0000] {manager.py:878} INFO - 
================================================================================
DAG File Processing Stats

File Path                             PID    Runtime      # DAGs    # Errors  Last Runtime    Last Run
------------------------------------  -----  ---------  --------  ----------  --------------  -------------------
/opt/airflow/dags/ml_pipeline_dag.py                           1           0  0.37s           2025-11-07T14:29:33
================================================================================
[2025-11-07T14:30:03.494+0000] {manager.py:878} INFO - 
================================================================================
DAG File Processing Stats

File Path                             PID    Runtime      # DAGs    # Errors  Last Runtime    Last Run
------------------------------------  -----  ---------  --------  ----------  --------------  -------------------
/opt/airflow/dags/ml_pipeline_dag.py                           1           0  0.24s           2025-11-07T14:30:03
================================================================================
[2025-11-07T14:30:33.845+0000] {manager.py:878} INFO - 
================================================================================
DAG File Processing Stats

File Path                             PID    Runtime      # DAGs    # Errors  Last Runtime    Last Run
------------------------------------  -----  ---------  --------  ----------  --------------  -------------------
/opt/airflow/dags/ml_pipeline_dag.py                           1           0  0.23s           2025-11-07T14:30:33
================================================================================
[2025-11-07T14:31:04.179+0000] {manager.py:878} INFO - 
================================================================================
DAG File Processing Stats

File Path                             PID    Runtime      # DAGs    # Errors  Last Runtime    Last Run
------------------------------------  -----  ---------  --------  ----------  --------------  -------------------
/opt/airflow/dags/ml_pipeline_dag.py                           1           0  0.23s           2025-11-07T14:31:04
================================================================================
[2025-11-07T14:31:34.524+0000] {manager.py:878} INFO - 
================================================================================
DAG File Processing Stats

File Path                             PID    Runtime      # DAGs    # Errors  Last Runtime    Last Run
------------------------------------  -----  ---------  --------  ----------  --------------  -------------------
/opt/airflow/dags/ml_pipeline_dag.py                           1           0  0.24s           2025-11-07T14:31:34
================================================================================
[2025-11-07T14:32:04.854+0000] {manager.py:878} INFO - 
================================================================================
DAG File Processing Stats

File Path                             PID    Runtime      # DAGs    # Errors  Last Runtime    Last Run
------------------------------------  -----  ---------  --------  ----------  --------------  -------------------
/opt/airflow/dags/ml_pipeline_dag.py                           1           0  0.24s           2025-11-07T14:32:04
================================================================================
[2025-11-07T14:32:35.342+0000] {manager.py:878} INFO - 
================================================================================
DAG File Processing Stats

File Path                             PID    Runtime      # DAGs    # Errors  Last Runtime    Last Run
------------------------------------  -----  ---------  --------  ----------  --------------  -------------------
/opt/airflow/dags/ml_pipeline_dag.py                           1           0  0.36s           2025-11-07T14:32:35
================================================================================
[2025-11-07T14:32:50.458+0000] {manager.py:737} INFO - Searching for files in /opt/airflow/dags
[2025-11-07T14:32:50.476+0000] {manager.py:740} INFO - There are 1 files in /opt/airflow/dags
[2025-11-07T14:33:05.780+0000] {manager.py:878} INFO - 
================================================================================
DAG File Processing Stats

File Path                             PID    Runtime      # DAGs    # Errors  Last Runtime    Last Run
------------------------------------  -----  ---------  --------  ----------  --------------  -------------------
/opt/airflow/dags/ml_pipeline_dag.py                           1           0  0.23s           2025-11-07T14:33:05
================================================================================
[2025-11-07T14:33:36.115+0000] {manager.py:878} INFO - 
================================================================================
DAG File Processing Stats

File Path                             PID    Runtime      # DAGs    # Errors  Last Runtime    Last Run
------------------------------------  -----  ---------  --------  ----------  --------------  -------------------
/opt/airflow/dags/ml_pipeline_dag.py                           1           0  0.23s           2025-11-07T14:33:36
================================================================================
[2025-11-07T14:34:06.461+0000] {manager.py:878} INFO - 
================================================================================
DAG File Processing Stats

File Path                             PID    Runtime      # DAGs    # Errors  Last Runtime    Last Run
------------------------------------  -----  ---------  --------  ----------  --------------  -------------------
/opt/airflow/dags/ml_pipeline_dag.py                           1           0  0.23s           2025-11-07T14:34:06
================================================================================
[2025-11-07T14:34:36.803+0000] {manager.py:878} INFO - 
================================================================================
DAG File Processing Stats

File Path                             PID    Runtime      # DAGs    # Errors  Last Runtime    Last Run
------------------------------------  -----  ---------  --------  ----------  --------------  -------------------
/opt/airflow/dags/ml_pipeline_dag.py                           1           0  0.22s           2025-11-07T14:34:36
================================================================================
[2025-11-07T14:35:07.182+0000] {manager.py:878} INFO - 
================================================================================
DAG File Processing Stats

File Path                             PID    Runtime      # DAGs    # Errors  Last Runtime    Last Run
------------------------------------  -----  ---------  --------  ----------  --------------  -------------------
/opt/airflow/dags/ml_pipeline_dag.py                           1           0  0.23s           2025-11-07T14:35:07
================================================================================
[2025-11-07T14:35:37.530+0000] {manager.py:878} INFO - 
================================================================================
DAG File Processing Stats

File Path                             PID    Runtime      # DAGs    # Errors  Last Runtime    Last Run
------------------------------------  -----  ---------  --------  ----------  --------------  -------------------
/opt/airflow/dags/ml_pipeline_dag.py                           1           0  0.22s           2025-11-07T14:35:37
================================================================================
[2025-11-07T14:36:07.783+0000] {manager.py:878} INFO - 
================================================================================
DAG File Processing Stats

File Path                             PID    Runtime      # DAGs    # Errors  Last Runtime    Last Run
------------------------------------  -----  ---------  --------  ----------  --------------  -------------------
/opt/airflow/dags/ml_pipeline_dag.py                           1           0  0.24s           2025-11-07T14:36:07
================================================================================
[2025-11-07T14:36:38.141+0000] {manager.py:878} INFO - 
================================================================================
DAG File Processing Stats

File Path                             PID    Runtime      # DAGs    # Errors  Last Runtime    Last Run
------------------------------------  -----  ---------  --------  ----------  --------------  -------------------
/opt/airflow/dags/ml_pipeline_dag.py                           1           0  0.22s           2025-11-07T14:36:38
================================================================================
[2025-11-07T14:37:08.606+0000] {manager.py:878} INFO - 
================================================================================
DAG File Processing Stats

File Path                             PID    Runtime      # DAGs    # Errors  Last Runtime    Last Run
------------------------------------  -----  ---------  --------  ----------  --------------  -------------------
/opt/airflow/dags/ml_pipeline_dag.py                           1           0  0.33s           2025-11-07T14:37:08
================================================================================
[2025-11-07T14:37:38.949+0000] {manager.py:878} INFO - 
================================================================================
DAG File Processing Stats

File Path                             PID    Runtime      # DAGs    # Errors  Last Runtime    Last Run
------------------------------------  -----  ---------  --------  ----------  --------------  -------------------
/opt/airflow/dags/ml_pipeline_dag.py                           1           0  0.22s           2025-11-07T14:37:38
================================================================================
[2025-11-07T14:37:50.570+0000] {manager.py:737} INFO - Searching for files in /opt/airflow/dags
[2025-11-07T14:37:50.601+0000] {manager.py:740} INFO - There are 1 files in /opt/airflow/dags
[2025-11-07T14:38:09.386+0000] {manager.py:878} INFO - 
================================================================================
DAG File Processing Stats

File Path                             PID    Runtime      # DAGs    # Errors  Last Runtime    Last Run
------------------------------------  -----  ---------  --------  ----------  --------------  -------------------
/opt/airflow/dags/ml_pipeline_dag.py                           1           0  0.33s           2025-11-07T14:38:09
================================================================================
[2025-11-07T14:38:39.759+0000] {manager.py:878} INFO - 
================================================================================
DAG File Processing Stats

File Path                             PID    Runtime      # DAGs    # Errors  Last Runtime    Last Run
------------------------------------  -----  ---------  --------  ----------  --------------  -------------------
/opt/airflow/dags/ml_pipeline_dag.py                           1           0  0.23s           2025-11-07T14:38:39
================================================================================
[2025-11-07T14:39:10.131+0000] {manager.py:878} INFO - 
================================================================================
DAG File Processing Stats

File Path                             PID    Runtime      # DAGs    # Errors  Last Runtime    Last Run
------------------------------------  -----  ---------  --------  ----------  --------------  -------------------
/opt/airflow/dags/ml_pipeline_dag.py                           1           0  0.24s           2025-11-07T14:39:10
================================================================================
[2025-11-07T14:39:40.497+0000] {manager.py:878} INFO - 
================================================================================
DAG File Processing Stats

File Path                             PID    Runtime      # DAGs    # Errors  Last Runtime    Last Run
------------------------------------  -----  ---------  --------  ----------  --------------  -------------------
/opt/airflow/dags/ml_pipeline_dag.py                           1           0  0.24s           2025-11-07T14:39:40
================================================================================
[2025-11-07T14:40:11.180+0000] {manager.py:878} INFO - 
================================================================================
DAG File Processing Stats

File Path                             PID    Runtime      # DAGs    # Errors  Last Runtime    Last Run
------------------------------------  -----  ---------  --------  ----------  --------------  -------------------
/opt/airflow/dags/ml_pipeline_dag.py                           1           0  0.52s           2025-11-07T14:40:11
================================================================================
[2025-11-07T14:40:41.509+0000] {manager.py:878} INFO - 
================================================================================
DAG File Processing Stats

File Path                             PID    Runtime      # DAGs    # Errors  Last Runtime    Last Run
------------------------------------  -----  ---------  --------  ----------  --------------  -------------------
/opt/airflow/dags/ml_pipeline_dag.py                           1           0  0.23s           2025-11-07T14:40:41
================================================================================
[2025-11-07T14:41:11.846+0000] {manager.py:878} INFO - 
================================================================================
DAG File Processing Stats

File Path                             PID    Runtime      # DAGs    # Errors  Last Runtime    Last Run
------------------------------------  -----  ---------  --------  ----------  --------------  -------------------
/opt/airflow/dags/ml_pipeline_dag.py                           1           0  0.23s           2025-11-07T14:41:11
================================================================================
[2025-11-07T14:41:42.162+0000] {manager.py:878} INFO - 
================================================================================
DAG File Processing Stats

File Path                             PID    Runtime      # DAGs    # Errors  Last Runtime    Last Run
------------------------------------  -----  ---------  --------  ----------  --------------  -------------------
/opt/airflow/dags/ml_pipeline_dag.py                           1           0  0.23s           2025-11-07T14:41:42
================================================================================
[2025-11-07T14:42:12.530+0000] {manager.py:878} INFO - 
================================================================================
DAG File Processing Stats

File Path                             PID    Runtime      # DAGs    # Errors  Last Runtime    Last Run
------------------------------------  -----  ---------  --------  ----------  --------------  -------------------
/opt/airflow/dags/ml_pipeline_dag.py                           1           0  0.23s           2025-11-07T14:42:12
================================================================================
[2025-11-07T14:42:43.091+0000] {manager.py:878} INFO - 
================================================================================
DAG File Processing Stats

File Path                             PID    Runtime      # DAGs    # Errors  Last Runtime    Last Run
------------------------------------  -----  ---------  --------  ----------  --------------  -------------------
/opt/airflow/dags/ml_pipeline_dag.py                           1           0  0.44s           2025-11-07T14:42:43
================================================================================
[2025-11-07T14:42:50.638+0000] {manager.py:737} INFO - Searching for files in /opt/airflow/dags
[2025-11-07T14:42:50.644+0000] {manager.py:740} INFO - There are 1 files in /opt/airflow/dags
[2025-11-07T14:43:14.160+0000] {manager.py:878} INFO - 
================================================================================
DAG File Processing Stats

File Path                             PID    Runtime      # DAGs    # Errors  Last Runtime    Last Run
------------------------------------  -----  ---------  --------  ----------  --------------  -------------------
/opt/airflow/dags/ml_pipeline_dag.py                           1           0  0.87s           2025-11-07T14:43:14
================================================================================
[2025-11-07T14:43:44.660+0000] {manager.py:878} INFO - 
================================================================================
DAG File Processing Stats

File Path                             PID    Runtime      # DAGs    # Errors  Last Runtime    Last Run
------------------------------------  -----  ---------  --------  ----------  --------------  -------------------
/opt/airflow/dags/ml_pipeline_dag.py                           1           0  0.39s           2025-11-07T14:43:44
================================================================================
[2025-11-07T14:44:15.319+0000] {manager.py:878} INFO - 
================================================================================
DAG File Processing Stats

File Path                             PID    Runtime      # DAGs    # Errors  Last Runtime    Last Run
------------------------------------  -----  ---------  --------  ----------  --------------  -------------------
/opt/airflow/dags/ml_pipeline_dag.py                           1           0  0.38s           2025-11-07T14:44:15
================================================================================
[2025-11-07T14:44:45.927+0000] {manager.py:878} INFO - 
================================================================================
DAG File Processing Stats

File Path                             PID    Runtime      # DAGs    # Errors  Last Runtime    Last Run
------------------------------------  -----  ---------  --------  ----------  --------------  -------------------
/opt/airflow/dags/ml_pipeline_dag.py                           1           0  0.23s           2025-11-07T14:44:45
================================================================================
[2025-11-07T14:45:16.207+0000] {manager.py:878} INFO - 
================================================================================
DAG File Processing Stats

File Path                             PID    Runtime      # DAGs    # Errors  Last Runtime    Last Run
------------------------------------  -----  ---------  --------  ----------  --------------  -------------------
/opt/airflow/dags/ml_pipeline_dag.py                           1           0  0.24s           2025-11-07T14:45:16
================================================================================
[2025-11-07T14:45:46.694+0000] {manager.py:878} INFO - 
================================================================================
DAG File Processing Stats

File Path                             PID    Runtime      # DAGs    # Errors  Last Runtime    Last Run
------------------------------------  -----  ---------  --------  ----------  --------------  -------------------
/opt/airflow/dags/ml_pipeline_dag.py                           1           0  0.24s           2025-11-07T14:45:46
================================================================================
[2025-11-07T14:46:16.793+0000] {manager.py:878} INFO - 
================================================================================
DAG File Processing Stats

File Path                             PID    Runtime      # DAGs    # Errors  Last Runtime    Last Run
------------------------------------  -----  ---------  --------  ----------  --------------  -------------------
/opt/airflow/dags/ml_pipeline_dag.py                           1           0  0.55s           2025-11-07T14:46:14
================================================================================
[2025-11-07T14:46:46.894+0000] {manager.py:878} INFO - 
================================================================================
DAG File Processing Stats

File Path                             PID    Runtime      # DAGs    # Errors  Last Runtime    Last Run
------------------------------------  -----  ---------  --------  ----------  --------------  -------------------
/opt/airflow/dags/ml_pipeline_dag.py                           1           0  0.23s           2025-11-07T14:46:45
================================================================================
[2025-11-07T14:47:16.997+0000] {manager.py:878} INFO - 
================================================================================
DAG File Processing Stats

File Path                             PID    Runtime      # DAGs    # Errors  Last Runtime    Last Run
------------------------------------  -----  ---------  --------  ----------  --------------  -------------------
/opt/airflow/dags/ml_pipeline_dag.py                           1           0  0.24s           2025-11-07T14:47:16
================================================================================
[2025-11-07T14:47:47.088+0000] {manager.py:878} INFO - 
================================================================================
DAG File Processing Stats

File Path                             PID    Runtime      # DAGs    # Errors  Last Runtime    Last Run
------------------------------------  -----  ---------  --------  ----------  --------------  -------------------
/opt/airflow/dags/ml_pipeline_dag.py                           1           0  0.34s           2025-11-07T14:47:47
================================================================================
[2025-11-07T14:47:50.709+0000] {manager.py:737} INFO - Searching for files in /opt/airflow/dags
[2025-11-07T14:47:50.761+0000] {manager.py:740} INFO - There are 1 files in /opt/airflow/dags
[2025-11-07T14:48:18.921+0000] {manager.py:878} INFO - 
================================================================================
DAG File Processing Stats

File Path                             PID    Runtime      # DAGs    # Errors  Last Runtime    Last Run
------------------------------------  -----  ---------  --------  ----------  --------------  -------------------
/opt/airflow/dags/ml_pipeline_dag.py                           1           0  1.73s           2025-11-07T14:48:18
================================================================================
[2025-11-07T14:48:51.426+0000] {manager.py:878} INFO - 
================================================================================
DAG File Processing Stats

File Path                             PID    Runtime      # DAGs    # Errors  Last Runtime    Last Run
------------------------------------  -----  ---------  --------  ----------  --------------  -------------------
/opt/airflow/dags/ml_pipeline_dag.py                           1           0  1.65s           2025-11-07T14:48:51
================================================================================
[2025-11-07T14:49:11.433+0000] {manager.py:452} INFO - Exiting gracefully upon receiving signal 15
[2025-11-07T14:49:51.357+0000] {manager.py:470} INFO - Processing files using up to 1 processes at a time 
[2025-11-07T14:49:51.362+0000] {manager.py:471} INFO - Process each file at most once every 30 seconds
[2025-11-07T14:49:51.363+0000] {manager.py:472} INFO - Checking for new files in /opt/airflow/dags every 300 seconds
[2025-11-07T14:49:51.363+0000] {manager.py:737} INFO - Searching for files in /opt/airflow/dags
[2025-11-07T14:49:51.374+0000] {manager.py:740} INFO - There are 1 files in /opt/airflow/dags
[2025-11-07T14:49:51.867+0000] {manager.py:878} INFO - 
================================================================================
DAG File Processing Stats

File Path                             PID    Runtime      # DAGs    # Errors  Last Runtime    Last Run
------------------------------------  -----  ---------  --------  ----------  --------------  -------------------
/opt/airflow/dags/ml_pipeline_dag.py                           1           0  0.31s           2025-11-07T14:49:51
================================================================================
[2025-11-07T14:50:24.218+0000] {manager.py:878} INFO - 
================================================================================
DAG File Processing Stats

File Path                             PID    Runtime      # DAGs    # Errors  Last Runtime    Last Run
------------------------------------  -----  ---------  --------  ----------  --------------  -------------------
/opt/airflow/dags/ml_pipeline_dag.py                           1           0  1.21s           2025-11-07T14:50:24
================================================================================
[2025-11-07T14:51:07.785+0000] {manager.py:878} INFO - 
================================================================================
DAG File Processing Stats

File Path                             PID    Runtime      # DAGs    # Errors  Last Runtime    Last Run
------------------------------------  -----  ---------  --------  ----------  --------------  -------------------
/opt/airflow/dags/ml_pipeline_dag.py                           1           0  0.21s           2025-11-07T14:51:07
================================================================================
[2025-11-07T14:51:43.636+0000] {manager.py:878} INFO - 
================================================================================
DAG File Processing Stats

File Path                             PID    Runtime      # DAGs    # Errors  Last Runtime    Last Run
------------------------------------  -----  ---------  --------  ----------  --------------  -------------------
/opt/airflow/dags/ml_pipeline_dag.py                           1           0  0.84s           2025-11-07T14:51:43
================================================================================
[2025-11-07T14:52:15.141+0000] {manager.py:878} INFO - 
================================================================================
DAG File Processing Stats

File Path                             PID    Runtime      # DAGs    # Errors  Last Runtime    Last Run
------------------------------------  -----  ---------  --------  ----------  --------------  -------------------
/opt/airflow/dags/ml_pipeline_dag.py                           1           0  1.04s           2025-11-07T14:52:15
================================================================================
[2025-11-07T14:52:46.238+0000] {manager.py:878} INFO - 
================================================================================
DAG File Processing Stats

File Path                             PID    Runtime      # DAGs    # Errors  Last Runtime    Last Run
------------------------------------  -----  ---------  --------  ----------  --------------  -------------------
/opt/airflow/dags/ml_pipeline_dag.py                           1           0  0.47s           2025-11-07T14:52:46
================================================================================
[2025-11-07T14:53:16.853+0000] {manager.py:878} INFO - 
================================================================================
DAG File Processing Stats

File Path                             PID    Runtime      # DAGs    # Errors  Last Runtime    Last Run
------------------------------------  -----  ---------  --------  ----------  --------------  -------------------
/opt/airflow/dags/ml_pipeline_dag.py                           1           0  0.46s           2025-11-07T14:53:16
================================================================================
[2025-11-07T14:53:47.789+0000] {manager.py:878} INFO - 
================================================================================
DAG File Processing Stats

File Path                             PID    Runtime      # DAGs    # Errors  Last Runtime    Last Run
------------------------------------  -----  ---------  --------  ----------  --------------  -------------------
/opt/airflow/dags/ml_pipeline_dag.py                           1           0  0.45s           2025-11-07T14:53:47
================================================================================
[2025-11-07T14:54:19.471+0000] {manager.py:878} INFO - 
================================================================================
DAG File Processing Stats

File Path                             PID    Runtime      # DAGs    # Errors  Last Runtime    Last Run
------------------------------------  -----  ---------  --------  ----------  --------------  -------------------
/opt/airflow/dags/ml_pipeline_dag.py                           1           0  1.56s           2025-11-07T14:54:19
================================================================================
[2025-11-07T14:54:50.509+0000] {manager.py:878} INFO - 
================================================================================
DAG File Processing Stats

File Path                             PID    Runtime      # DAGs    # Errors  Last Runtime    Last Run
------------------------------------  -----  ---------  --------  ----------  --------------  -------------------
/opt/airflow/dags/ml_pipeline_dag.py                           1           0  0.36s           2025-11-07T14:54:50
================================================================================
[2025-11-07T14:54:51.419+0000] {manager.py:737} INFO - Searching for files in /opt/airflow/dags
[2025-11-07T14:54:51.433+0000] {manager.py:740} INFO - There are 1 files in /opt/airflow/dags
[2025-11-07T14:55:21.252+0000] {manager.py:878} INFO - 
================================================================================
DAG File Processing Stats

File Path                             PID    Runtime      # DAGs    # Errors  Last Runtime    Last Run
------------------------------------  -----  ---------  --------  ----------  --------------  -------------------
/opt/airflow/dags/ml_pipeline_dag.py                           1           0  0.22s           2025-11-07T14:55:21
================================================================================
[2025-11-07T14:55:51.637+0000] {manager.py:878} INFO - 
================================================================================
DAG File Processing Stats

File Path                             PID    Runtime      # DAGs    # Errors  Last Runtime    Last Run
------------------------------------  -----  ---------  --------  ----------  --------------  -------------------
/opt/airflow/dags/ml_pipeline_dag.py                           1           0  0.24s           2025-11-07T14:55:51
================================================================================
[2025-11-07T14:56:22.026+0000] {manager.py:878} INFO - 
================================================================================
DAG File Processing Stats

File Path                             PID    Runtime      # DAGs    # Errors  Last Runtime    Last Run
------------------------------------  -----  ---------  --------  ----------  --------------  -------------------
/opt/airflow/dags/ml_pipeline_dag.py                           1           0  0.23s           2025-11-07T14:56:22
================================================================================
[2025-11-07T14:56:54.139+0000] {manager.py:878} INFO - 
================================================================================
DAG File Processing Stats

File Path                             PID    Runtime      # DAGs    # Errors  Last Runtime    Last Run
------------------------------------  -----  ---------  --------  ----------  --------------  -------------------
/opt/airflow/dags/ml_pipeline_dag.py                           1           0  1.94s           2025-11-07T14:56:54
================================================================================
[2025-11-07T14:57:24.741+0000] {manager.py:878} INFO - 
================================================================================
DAG File Processing Stats

File Path                             PID    Runtime      # DAGs    # Errors  Last Runtime    Last Run
------------------------------------  -----  ---------  --------  ----------  --------------  -------------------
/opt/airflow/dags/ml_pipeline_dag.py                           1           0  0.44s           2025-11-07T14:57:24
================================================================================
[2025-11-07T14:57:55.353+0000] {manager.py:878} INFO - 
================================================================================
DAG File Processing Stats

File Path                             PID    Runtime      # DAGs    # Errors  Last Runtime    Last Run
------------------------------------  -----  ---------  --------  ----------  --------------  -------------------
/opt/airflow/dags/ml_pipeline_dag.py                           1           0  0.46s           2025-11-07T14:57:55
================================================================================
[2025-11-07T14:58:25.815+0000] {manager.py:878} INFO - 
================================================================================
DAG File Processing Stats

File Path                             PID    Runtime      # DAGs    # Errors  Last Runtime    Last Run
------------------------------------  -----  ---------  --------  ----------  --------------  -------------------
/opt/airflow/dags/ml_pipeline_dag.py                           1           0  0.34s           2025-11-07T14:58:25
================================================================================
[2025-11-07T14:58:56.380+0000] {manager.py:878} INFO - 
================================================================================
DAG File Processing Stats

File Path                             PID    Runtime      # DAGs    # Errors  Last Runtime    Last Run
------------------------------------  -----  ---------  --------  ----------  --------------  -------------------
/opt/airflow/dags/ml_pipeline_dag.py                           1           0  0.44s           2025-11-07T14:58:56
================================================================================
[2025-11-07T14:59:26.838+0000] {manager.py:878} INFO - 
================================================================================
DAG File Processing Stats

File Path                             PID    Runtime      # DAGs    # Errors  Last Runtime    Last Run
------------------------------------  -----  ---------  --------  ----------  --------------  -------------------
/opt/airflow/dags/ml_pipeline_dag.py                           1           0  0.23s           2025-11-07T14:59:26
================================================================================
[2025-11-07T14:59:51.579+0000] {manager.py:737} INFO - Searching for files in /opt/airflow/dags
[2025-11-07T14:59:51.606+0000] {manager.py:740} INFO - There are 1 files in /opt/airflow/dags
[2025-11-07T14:59:57.124+0000] {manager.py:878} INFO - 
================================================================================
DAG File Processing Stats

File Path                             PID    Runtime      # DAGs    # Errors  Last Runtime    Last Run
------------------------------------  -----  ---------  --------  ----------  --------------  -------------------
/opt/airflow/dags/ml_pipeline_dag.py                           1           0  0.22s           2025-11-07T14:59:57
================================================================================
[2025-11-07T15:00:27.474+0000] {manager.py:878} INFO - 
================================================================================
DAG File Processing Stats

File Path                             PID    Runtime      # DAGs    # Errors  Last Runtime    Last Run
------------------------------------  -----  ---------  --------  ----------  --------------  -------------------
/opt/airflow/dags/ml_pipeline_dag.py                           1           0  0.23s           2025-11-07T15:00:27
================================================================================
[2025-11-07T15:00:57.823+0000] {manager.py:878} INFO - 
================================================================================
DAG File Processing Stats

File Path                             PID    Runtime      # DAGs    # Errors  Last Runtime    Last Run
------------------------------------  -----  ---------  --------  ----------  --------------  -------------------
/opt/airflow/dags/ml_pipeline_dag.py                           1           0  0.25s           2025-11-07T15:00:57
================================================================================
[2025-11-07T15:01:28.175+0000] {manager.py:878} INFO - 
================================================================================
DAG File Processing Stats

File Path                             PID    Runtime      # DAGs    # Errors  Last Runtime    Last Run
------------------------------------  -----  ---------  --------  ----------  --------------  -------------------
/opt/airflow/dags/ml_pipeline_dag.py                           1           0  0.24s           2025-11-07T15:01:28
================================================================================
[2025-11-07T15:01:58.496+0000] {manager.py:878} INFO - 
================================================================================
DAG File Processing Stats

File Path                             PID    Runtime      # DAGs    # Errors  Last Runtime    Last Run
------------------------------------  -----  ---------  --------  ----------  --------------  -------------------
/opt/airflow/dags/ml_pipeline_dag.py                           1           0  0.23s           2025-11-07T15:01:58
================================================================================
[2025-11-07T15:02:28.839+0000] {manager.py:878} INFO - 
================================================================================
DAG File Processing Stats

File Path                             PID    Runtime      # DAGs    # Errors  Last Runtime    Last Run
------------------------------------  -----  ---------  --------  ----------  --------------  -------------------
/opt/airflow/dags/ml_pipeline_dag.py                           1           0  0.23s           2025-11-07T15:02:28
================================================================================
[2025-11-07T15:02:59.168+0000] {manager.py:878} INFO - 
================================================================================
DAG File Processing Stats

File Path                             PID    Runtime      # DAGs    # Errors  Last Runtime    Last Run
------------------------------------  -----  ---------  --------  ----------  --------------  -------------------
/opt/airflow/dags/ml_pipeline_dag.py                           1           0  0.22s           2025-11-07T15:02:59
================================================================================
[2025-11-07T15:03:29.483+0000] {manager.py:878} INFO - 
================================================================================
DAG File Processing Stats

File Path                             PID    Runtime      # DAGs    # Errors  Last Runtime    Last Run
------------------------------------  -----  ---------  --------  ----------  --------------  -------------------
/opt/airflow/dags/ml_pipeline_dag.py                           1           0  0.22s           2025-11-07T15:03:29
================================================================================
[2025-11-07T15:03:59.805+0000] {manager.py:878} INFO - 
================================================================================
DAG File Processing Stats

File Path                             PID    Runtime      # DAGs    # Errors  Last Runtime    Last Run
------------------------------------  -----  ---------  --------  ----------  --------------  -------------------
/opt/airflow/dags/ml_pipeline_dag.py                           1           0  0.22s           2025-11-07T15:03:59
================================================================================
[2025-11-07T15:04:30.065+0000] {manager.py:878} INFO - 
================================================================================
DAG File Processing Stats

File Path                             PID    Runtime      # DAGs    # Errors  Last Runtime    Last Run
------------------------------------  -----  ---------  --------  ----------  --------------  -------------------
/opt/airflow/dags/ml_pipeline_dag.py                           1           0  0.23s           2025-11-07T15:04:30
================================================================================
[2025-11-07T15:04:51.709+0000] {manager.py:737} INFO - Searching for files in /opt/airflow/dags
[2025-11-07T15:04:51.715+0000] {manager.py:740} INFO - There are 1 files in /opt/airflow/dags
[2025-11-07T15:05:00.410+0000] {manager.py:878} INFO - 
================================================================================
DAG File Processing Stats

File Path                             PID    Runtime      # DAGs    # Errors  Last Runtime    Last Run
------------------------------------  -----  ---------  --------  ----------  --------------  -------------------
/opt/airflow/dags/ml_pipeline_dag.py                           1           0  0.24s           2025-11-07T15:05:00
================================================================================
[2025-11-07T15:05:30.890+0000] {manager.py:878} INFO - 
================================================================================
DAG File Processing Stats

File Path                             PID    Runtime      # DAGs    # Errors  Last Runtime    Last Run
------------------------------------  -----  ---------  --------  ----------  --------------  -------------------
/opt/airflow/dags/ml_pipeline_dag.py                           1           0  0.33s           2025-11-07T15:05:30
================================================================================
[2025-11-07T15:06:01.590+0000] {manager.py:878} INFO - 
================================================================================
DAG File Processing Stats

File Path                             PID    Runtime      # DAGs    # Errors  Last Runtime    Last Run
------------------------------------  -----  ---------  --------  ----------  --------------  -------------------
/opt/airflow/dags/ml_pipeline_dag.py                           1           0  0.56s           2025-11-07T15:06:01
================================================================================
[2025-11-07T15:06:32.144+0000] {manager.py:878} INFO - 
================================================================================
DAG File Processing Stats

File Path                             PID    Runtime      # DAGs    # Errors  Last Runtime    Last Run
------------------------------------  -----  ---------  --------  ----------  --------------  -------------------
/opt/airflow/dags/ml_pipeline_dag.py                           1           0  0.35s           2025-11-07T15:06:32
================================================================================
[2025-11-07T15:07:02.640+0000] {manager.py:878} INFO - 
================================================================================
DAG File Processing Stats

File Path                             PID    Runtime      # DAGs    # Errors  Last Runtime    Last Run
------------------------------------  -----  ---------  --------  ----------  --------------  -------------------
/opt/airflow/dags/ml_pipeline_dag.py                           1           0  0.24s           2025-11-07T15:07:02
================================================================================
[2025-11-07T15:07:33.015+0000] {manager.py:878} INFO - 
================================================================================
DAG File Processing Stats

File Path                             PID    Runtime      # DAGs    # Errors  Last Runtime    Last Run
------------------------------------  -----  ---------  --------  ----------  --------------  -------------------
/opt/airflow/dags/ml_pipeline_dag.py                           1           0  0.23s           2025-11-07T15:07:33
================================================================================
[2025-11-07T15:08:05.364+0000] {manager.py:878} INFO - 
================================================================================
DAG File Processing Stats

File Path                             PID    Runtime      # DAGs    # Errors  Last Runtime    Last Run
------------------------------------  -----  ---------  --------  ----------  --------------  -------------------
/opt/airflow/dags/ml_pipeline_dag.py                           1           0  2.10s           2025-11-07T15:08:05
================================================================================
[2025-11-07T15:08:36.132+0000] {manager.py:878} INFO - 
================================================================================
DAG File Processing Stats

File Path                             PID    Runtime      # DAGs    # Errors  Last Runtime    Last Run
------------------------------------  -----  ---------  --------  ----------  --------------  -------------------
/opt/airflow/dags/ml_pipeline_dag.py                           1           0  0.50s           2025-11-07T15:08:36
================================================================================
[2025-11-07T15:09:07.247+0000] {manager.py:878} INFO - 
================================================================================
DAG File Processing Stats

File Path                             PID    Runtime      # DAGs    # Errors  Last Runtime    Last Run
------------------------------------  -----  ---------  --------  ----------  --------------  -------------------
/opt/airflow/dags/ml_pipeline_dag.py                           1           0  0.80s           2025-11-07T15:09:07
================================================================================
[2025-11-07T15:09:38.214+0000] {manager.py:878} INFO - 
================================================================================
DAG File Processing Stats

File Path                             PID    Runtime      # DAGs    # Errors  Last Runtime    Last Run
------------------------------------  -----  ---------  --------  ----------  --------------  -------------------
/opt/airflow/dags/ml_pipeline_dag.py                           1           0  0.59s           2025-11-07T15:09:38
================================================================================
[2025-11-07T15:09:51.766+0000] {manager.py:737} INFO - Searching for files in /opt/airflow/dags
[2025-11-07T15:09:51.774+0000] {manager.py:740} INFO - There are 1 files in /opt/airflow/dags
[2025-11-07T15:10:08.640+0000] {manager.py:878} INFO - 
================================================================================
DAG File Processing Stats

File Path                             PID    Runtime      # DAGs    # Errors  Last Runtime    Last Run
------------------------------------  -----  ---------  --------  ----------  --------------  -------------------
/opt/airflow/dags/ml_pipeline_dag.py                           1           0  0.25s           2025-11-07T15:10:08
================================================================================
[2025-11-07T15:10:38.906+0000] {manager.py:878} INFO - 
================================================================================
DAG File Processing Stats

File Path                             PID    Runtime      # DAGs    # Errors  Last Runtime    Last Run
------------------------------------  -----  ---------  --------  ----------  --------------  -------------------
/opt/airflow/dags/ml_pipeline_dag.py                           1           0  0.25s           2025-11-07T15:10:38
================================================================================
[2025-11-07T15:11:09.487+0000] {manager.py:878} INFO - 
================================================================================
DAG File Processing Stats

File Path                             PID    Runtime      # DAGs    # Errors  Last Runtime    Last Run
------------------------------------  -----  ---------  --------  ----------  --------------  -------------------
/opt/airflow/dags/ml_pipeline_dag.py                           1           0  0.45s           2025-11-07T15:11:09
================================================================================
[2025-11-07T15:11:45.030+0000] {manager.py:878} INFO - 
================================================================================
DAG File Processing Stats

File Path                             PID    Runtime      # DAGs    # Errors  Last Runtime    Last Run
------------------------------------  -----  ---------  --------  ----------  --------------  -------------------
/opt/airflow/dags/ml_pipeline_dag.py                           1           0  3.99s           2025-11-07T15:11:45
================================================================================
[2025-11-07T15:12:15.699+0000] {manager.py:878} INFO - 
================================================================================
DAG File Processing Stats

File Path                             PID    Runtime      # DAGs    # Errors  Last Runtime    Last Run
------------------------------------  -----  ---------  --------  ----------  --------------  -------------------
/opt/airflow/dags/ml_pipeline_dag.py                           1           0  0.35s           2025-11-07T15:12:15
================================================================================
[2025-11-07T15:12:49.442+0000] {manager.py:878} INFO - 
================================================================================
DAG File Processing Stats

File Path                             PID    Runtime      # DAGs    # Errors  Last Runtime    Last Run
------------------------------------  -----  ---------  --------  ----------  --------------  -------------------
/opt/airflow/dags/ml_pipeline_dag.py                           1           0  3.35s           2025-11-07T15:12:49
================================================================================
[2025-11-07T15:13:19.999+0000] {manager.py:878} INFO - 
================================================================================
DAG File Processing Stats

File Path                             PID    Runtime      # DAGs    # Errors  Last Runtime    Last Run
------------------------------------  -----  ---------  --------  ----------  --------------  -------------------
/opt/airflow/dags/ml_pipeline_dag.py                           1           0  0.34s           2025-11-07T15:13:19
================================================================================
[2025-11-07T15:13:57.544+0000] {manager.py:878} INFO - 
================================================================================
DAG File Processing Stats

File Path                             PID    Runtime      # DAGs    # Errors  Last Runtime    Last Run
------------------------------------  -----  ---------  --------  ----------  --------------  -------------------
/opt/airflow/dags/ml_pipeline_dag.py                           1           0  6.65s           2025-11-07T15:13:57
================================================================================
[2025-11-07T15:14:28.613+0000] {manager.py:878} INFO - 
================================================================================
DAG File Processing Stats

File Path                             PID    Runtime      # DAGs    # Errors  Last Runtime    Last Run
------------------------------------  -----  ---------  --------  ----------  --------------  -------------------
/opt/airflow/dags/ml_pipeline_dag.py                           1           0  0.75s           2025-11-07T15:14:28
================================================================================
[2025-11-07T15:14:51.875+0000] {manager.py:737} INFO - Searching for files in /opt/airflow/dags
[2025-11-07T15:14:51.890+0000] {manager.py:740} INFO - There are 1 files in /opt/airflow/dags
[2025-11-07T15:14:59.245+0000] {manager.py:878} INFO - 
================================================================================
DAG File Processing Stats

File Path                             PID    Runtime      # DAGs    # Errors  Last Runtime    Last Run
------------------------------------  -----  ---------  --------  ----------  --------------  -------------------
/opt/airflow/dags/ml_pipeline_dag.py                           1           0  0.44s           2025-11-07T15:14:59
================================================================================
[2025-11-07T15:15:29.970+0000] {manager.py:878} INFO - 
================================================================================
DAG File Processing Stats

File Path                             PID    Runtime      # DAGs    # Errors  Last Runtime    Last Run
------------------------------------  -----  ---------  --------  ----------  --------------  -------------------
/opt/airflow/dags/ml_pipeline_dag.py                           1           0  0.33s           2025-11-07T15:15:29
================================================================================
[2025-11-07T15:16:00.718+0000] {manager.py:878} INFO - 
================================================================================
DAG File Processing Stats

File Path                             PID    Runtime      # DAGs    # Errors  Last Runtime    Last Run
------------------------------------  -----  ---------  --------  ----------  --------------  -------------------
/opt/airflow/dags/ml_pipeline_dag.py                           1           0  0.46s           2025-11-07T15:16:00
================================================================================
[2025-11-07T15:16:32.084+0000] {manager.py:878} INFO - 
================================================================================
DAG File Processing Stats

File Path                             PID    Runtime      # DAGs    # Errors  Last Runtime    Last Run
------------------------------------  -----  ---------  --------  ----------  --------------  -------------------
/opt/airflow/dags/ml_pipeline_dag.py                           1           0  1.21s           2025-11-07T15:16:32
================================================================================
[2025-11-07T15:17:03.084+0000] {manager.py:878} INFO - 
================================================================================
DAG File Processing Stats

File Path                             PID    Runtime      # DAGs    # Errors  Last Runtime    Last Run
------------------------------------  -----  ---------  --------  ----------  --------------  -------------------
/opt/airflow/dags/ml_pipeline_dag.py                           1           0  0.39s           2025-11-07T15:17:03
================================================================================
[2025-11-07T15:17:33.594+0000] {manager.py:878} INFO - 
================================================================================
DAG File Processing Stats

File Path                             PID    Runtime      # DAGs    # Errors  Last Runtime    Last Run
------------------------------------  -----  ---------  --------  ----------  --------------  -------------------
/opt/airflow/dags/ml_pipeline_dag.py                           1           0  0.33s           2025-11-07T15:17:33
================================================================================
[2025-11-07T15:18:04.090+0000] {manager.py:878} INFO - 
================================================================================
DAG File Processing Stats

File Path                             PID    Runtime      # DAGs    # Errors  Last Runtime    Last Run
------------------------------------  -----  ---------  --------  ----------  --------------  -------------------
/opt/airflow/dags/ml_pipeline_dag.py                           1           0  0.34s           2025-11-07T15:18:04
================================================================================
[2025-11-07T15:18:36.480+0000] {manager.py:878} INFO - 
================================================================================
DAG File Processing Stats

File Path                             PID    Runtime      # DAGs    # Errors  Last Runtime    Last Run
------------------------------------  -----  ---------  --------  ----------  --------------  -------------------
/opt/airflow/dags/ml_pipeline_dag.py                           1           0  1.58s           2025-11-07T15:18:36
================================================================================
[2025-11-07T15:19:07.254+0000] {manager.py:878} INFO - 
================================================================================
DAG File Processing Stats

File Path                             PID    Runtime      # DAGs    # Errors  Last Runtime    Last Run
------------------------------------  -----  ---------  --------  ----------  --------------  -------------------
/opt/airflow/dags/ml_pipeline_dag.py                           1           0  0.46s           2025-11-07T15:19:07
================================================================================
[2025-11-07T15:19:37.991+0000] {manager.py:878} INFO - 
================================================================================
DAG File Processing Stats

File Path                             PID    Runtime      # DAGs    # Errors  Last Runtime    Last Run
------------------------------------  -----  ---------  --------  ----------  --------------  -------------------
/opt/airflow/dags/ml_pipeline_dag.py                           1           0  0.54s           2025-11-07T15:19:37
================================================================================
[2025-11-07T15:19:52.016+0000] {manager.py:737} INFO - Searching for files in /opt/airflow/dags
[2025-11-07T15:19:52.030+0000] {manager.py:740} INFO - There are 1 files in /opt/airflow/dags
[2025-11-07T15:20:08.599+0000] {manager.py:878} INFO - 
================================================================================
DAG File Processing Stats

File Path                             PID    Runtime      # DAGs    # Errors  Last Runtime    Last Run
------------------------------------  -----  ---------  --------  ----------  --------------  -------------------
/opt/airflow/dags/ml_pipeline_dag.py                           1           0  0.33s           2025-11-07T15:20:08
================================================================================
[2025-11-07T15:20:39.121+0000] {manager.py:878} INFO - 
================================================================================
DAG File Processing Stats

File Path                             PID    Runtime      # DAGs    # Errors  Last Runtime    Last Run
------------------------------------  -----  ---------  --------  ----------  --------------  -------------------
/opt/airflow/dags/ml_pipeline_dag.py                           1           0  0.34s           2025-11-07T15:20:39
================================================================================
[2025-11-07T15:21:09.549+0000] {manager.py:878} INFO - 
================================================================================
DAG File Processing Stats

File Path                             PID    Runtime      # DAGs    # Errors  Last Runtime    Last Run
------------------------------------  -----  ---------  --------  ----------  --------------  -------------------
/opt/airflow/dags/ml_pipeline_dag.py                           1           0  0.23s           2025-11-07T15:21:09
================================================================================
[2025-11-07T15:21:39.945+0000] {manager.py:878} INFO - 
================================================================================
DAG File Processing Stats

File Path                             PID    Runtime      # DAGs    # Errors  Last Runtime    Last Run
------------------------------------  -----  ---------  --------  ----------  --------------  -------------------
/opt/airflow/dags/ml_pipeline_dag.py                           1           0  0.25s           2025-11-07T15:21:39
================================================================================
[2025-11-07T15:22:10.558+0000] {manager.py:878} INFO - 
================================================================================
DAG File Processing Stats

File Path                             PID    Runtime      # DAGs    # Errors  Last Runtime    Last Run
------------------------------------  -----  ---------  --------  ----------  --------------  -------------------
/opt/airflow/dags/ml_pipeline_dag.py                           1           0  0.47s           2025-11-07T15:22:10
================================================================================
[2025-11-07T15:22:41.146+0000] {manager.py:878} INFO - 
================================================================================
DAG File Processing Stats

File Path                             PID    Runtime      # DAGs    # Errors  Last Runtime    Last Run
------------------------------------  -----  ---------  --------  ----------  --------------  -------------------
/opt/airflow/dags/ml_pipeline_dag.py                           1           0  0.24s           2025-11-07T15:22:41
================================================================================
[2025-11-07T15:23:11.752+0000] {manager.py:878} INFO - 
================================================================================
DAG File Processing Stats

File Path                             PID    Runtime      # DAGs    # Errors  Last Runtime    Last Run
------------------------------------  -----  ---------  --------  ----------  --------------  -------------------
/opt/airflow/dags/ml_pipeline_dag.py                           1           0  0.33s           2025-11-07T15:23:11
================================================================================
[2025-11-07T15:23:43.521+0000] {manager.py:878} INFO - 
================================================================================
DAG File Processing Stats

File Path                             PID    Runtime      # DAGs    # Errors  Last Runtime    Last Run
------------------------------------  -----  ---------  --------  ----------  --------------  -------------------
/opt/airflow/dags/ml_pipeline_dag.py                           1           0  0.37s           2025-11-07T15:23:43
================================================================================
[2025-11-07T15:24:14.345+0000] {manager.py:878} INFO - 
================================================================================
DAG File Processing Stats

File Path                             PID    Runtime      # DAGs    # Errors  Last Runtime    Last Run
------------------------------------  -----  ---------  --------  ----------  --------------  -------------------
/opt/airflow/dags/ml_pipeline_dag.py                           1           0  0.34s           2025-11-07T15:24:14
================================================================================
[2025-11-07T15:24:44.837+0000] {manager.py:878} INFO - 
================================================================================
DAG File Processing Stats

File Path                             PID    Runtime      # DAGs    # Errors  Last Runtime    Last Run
------------------------------------  -----  ---------  --------  ----------  --------------  -------------------
/opt/airflow/dags/ml_pipeline_dag.py                           1           0  0.22s           2025-11-07T15:24:44
================================================================================
[2025-11-07T15:24:52.115+0000] {manager.py:737} INFO - Searching for files in /opt/airflow/dags
[2025-11-07T15:24:52.125+0000] {manager.py:740} INFO - There are 1 files in /opt/airflow/dags
[2025-11-07T15:25:15.406+0000] {manager.py:878} INFO - 
================================================================================
DAG File Processing Stats

File Path                             PID    Runtime      # DAGs    # Errors  Last Runtime    Last Run
------------------------------------  -----  ---------  --------  ----------  --------------  -------------------
/opt/airflow/dags/ml_pipeline_dag.py                           1           0  0.44s           2025-11-07T15:25:15
================================================================================
[2025-11-07T15:25:46.000+0000] {manager.py:878} INFO - 
================================================================================
DAG File Processing Stats

File Path                             PID    Runtime      # DAGs    # Errors  Last Runtime    Last Run
------------------------------------  -----  ---------  --------  ----------  --------------  -------------------
/opt/airflow/dags/ml_pipeline_dag.py                           1           0  0.44s           2025-11-07T15:25:45
================================================================================
[2025-11-07T15:26:16.773+0000] {manager.py:878} INFO - 
================================================================================
DAG File Processing Stats

File Path                             PID    Runtime      # DAGs    # Errors  Last Runtime    Last Run
------------------------------------  -----  ---------  --------  ----------  --------------  -------------------
/opt/airflow/dags/ml_pipeline_dag.py                           1           0  0.66s           2025-11-07T15:26:16
================================================================================
[2025-11-07T15:26:47.889+0000] {manager.py:878} INFO - 
================================================================================
DAG File Processing Stats

File Path                             PID    Runtime      # DAGs    # Errors  Last Runtime    Last Run
------------------------------------  -----  ---------  --------  ----------  --------------  -------------------
/opt/airflow/dags/ml_pipeline_dag.py                           1           0  0.83s           2025-11-07T15:26:47
================================================================================
[2025-11-07T15:27:18.841+0000] {manager.py:878} INFO - 
================================================================================
DAG File Processing Stats

File Path                             PID    Runtime      # DAGs    # Errors  Last Runtime    Last Run
------------------------------------  -----  ---------  --------  ----------  --------------  -------------------
/opt/airflow/dags/ml_pipeline_dag.py                           1           0  0.33s           2025-11-07T15:27:18
================================================================================
[2025-11-07T15:27:49.595+0000] {manager.py:878} INFO - 
================================================================================
DAG File Processing Stats

File Path                             PID    Runtime      # DAGs    # Errors  Last Runtime    Last Run
------------------------------------  -----  ---------  --------  ----------  --------------  -------------------
/opt/airflow/dags/ml_pipeline_dag.py                           1           0  0.45s           2025-11-07T15:27:49
================================================================================
[2025-11-07T15:28:20.165+0000] {manager.py:878} INFO - 
================================================================================
DAG File Processing Stats

File Path                             PID    Runtime      # DAGs    # Errors  Last Runtime    Last Run
------------------------------------  -----  ---------  --------  ----------  --------------  -------------------
/opt/airflow/dags/ml_pipeline_dag.py                           1           0  0.36s           2025-11-07T15:28:20
================================================================================
[2025-11-07T15:28:51.477+0000] {manager.py:878} INFO - 
================================================================================
DAG File Processing Stats

File Path                             PID    Runtime      # DAGs    # Errors  Last Runtime    Last Run
------------------------------------  -----  ---------  --------  ----------  --------------  -------------------
/opt/airflow/dags/ml_pipeline_dag.py                           1           0  0.23s           2025-11-07T15:28:51
================================================================================
[2025-11-07T15:29:22.044+0000] {manager.py:878} INFO - 
================================================================================
DAG File Processing Stats

File Path                             PID    Runtime      # DAGs    # Errors  Last Runtime    Last Run
------------------------------------  -----  ---------  --------  ----------  --------------  -------------------
/opt/airflow/dags/ml_pipeline_dag.py                           1           0  0.33s           2025-11-07T15:29:22
================================================================================
[2025-11-07T15:29:52.291+0000] {manager.py:737} INFO - Searching for files in /opt/airflow/dags
[2025-11-07T15:29:52.337+0000] {manager.py:740} INFO - There are 1 files in /opt/airflow/dags
[2025-11-07T15:29:53.144+0000] {manager.py:878} INFO - 
================================================================================
DAG File Processing Stats

File Path                             PID    Runtime      # DAGs    # Errors  Last Runtime    Last Run
------------------------------------  -----  ---------  --------  ----------  --------------  -------------------
/opt/airflow/dags/ml_pipeline_dag.py                           1           0  0.66s           2025-11-07T15:29:53
================================================================================
[2025-11-07T15:30:24.226+0000] {manager.py:878} INFO - 
================================================================================
DAG File Processing Stats

File Path                             PID    Runtime      # DAGs    # Errors  Last Runtime    Last Run
------------------------------------  -----  ---------  --------  ----------  --------------  -------------------
/opt/airflow/dags/ml_pipeline_dag.py                           1           0  0.24s           2025-11-07T15:30:24
================================================================================
[2025-11-07T15:30:54.760+0000] {manager.py:878} INFO - 
================================================================================
DAG File Processing Stats

File Path                             PID    Runtime      # DAGs    # Errors  Last Runtime    Last Run
------------------------------------  -----  ---------  --------  ----------  --------------  -------------------
/opt/airflow/dags/ml_pipeline_dag.py                           1           0  0.44s           2025-11-07T15:30:54
================================================================================
[2025-11-07T15:31:25.395+0000] {manager.py:878} INFO - 
================================================================================
DAG File Processing Stats

File Path                             PID    Runtime      # DAGs    # Errors  Last Runtime    Last Run
------------------------------------  -----  ---------  --------  ----------  --------------  -------------------
/opt/airflow/dags/ml_pipeline_dag.py                           1           0  0.34s           2025-11-07T15:31:25
================================================================================
[2025-11-07T15:31:55.224+0000] {manager.py:878} INFO - 
================================================================================
DAG File Processing Stats

File Path                             PID    Runtime      # DAGs    # Errors  Last Runtime    Last Run
------------------------------------  -----  ---------  --------  ----------  --------------  -------------------
/opt/airflow/dags/ml_pipeline_dag.py                           1           0  0.34s           2025-11-07T15:31:25
================================================================================
[2025-11-07T15:32:25.654+0000] {manager.py:878} INFO - 
================================================================================
DAG File Processing Stats

File Path                             PID    Runtime      # DAGs    # Errors  Last Runtime    Last Run
------------------------------------  -----  ---------  --------  ----------  --------------  -------------------
/opt/airflow/dags/ml_pipeline_dag.py                           1           0  0.51s           2025-11-07T15:31:56
================================================================================
[2025-11-07T15:32:56.204+0000] {manager.py:878} INFO - 
================================================================================
DAG File Processing Stats

File Path                             PID    Runtime      # DAGs    # Errors  Last Runtime    Last Run
------------------------------------  -----  ---------  --------  ----------  --------------  -------------------
/opt/airflow/dags/ml_pipeline_dag.py                           1           0  1.55s           2025-11-07T15:32:29
================================================================================
[2025-11-07T15:33:26.884+0000] {manager.py:878} INFO - 
================================================================================
DAG File Processing Stats

File Path                             PID    Runtime      # DAGs    # Errors  Last Runtime    Last Run
------------------------------------  -----  ---------  --------  ----------  --------------  -------------------
/opt/airflow/dags/ml_pipeline_dag.py                           1           0  0.46s           2025-11-07T15:33:00
================================================================================
[2025-11-07T15:33:57.236+0000] {manager.py:878} INFO - 
================================================================================
DAG File Processing Stats

File Path                             PID    Runtime      # DAGs    # Errors  Last Runtime    Last Run
------------------------------------  -----  ---------  --------  ----------  --------------  -------------------
/opt/airflow/dags/ml_pipeline_dag.py                           1           0  0.38s           2025-11-07T15:33:31
================================================================================
[2025-11-07T15:34:27.709+0000] {manager.py:878} INFO - 
================================================================================
DAG File Processing Stats

File Path                             PID    Runtime      # DAGs    # Errors  Last Runtime    Last Run
------------------------------------  -----  ---------  --------  ----------  --------------  -------------------
/opt/airflow/dags/ml_pipeline_dag.py                           1           0  0.35s           2025-11-07T15:34:01
================================================================================
[2025-11-07T15:34:52.352+0000] {manager.py:737} INFO - Searching for files in /opt/airflow/dags
[2025-11-07T15:34:52.362+0000] {manager.py:740} INFO - There are 1 files in /opt/airflow/dags
[2025-11-07T15:34:58.073+0000] {manager.py:878} INFO - 
================================================================================
DAG File Processing Stats

File Path                             PID    Runtime      # DAGs    # Errors  Last Runtime    Last Run
------------------------------------  -----  ---------  --------  ----------  --------------  -------------------
/opt/airflow/dags/ml_pipeline_dag.py                           1           0  0.22s           2025-11-07T15:34:32
================================================================================
[2025-11-07T15:35:28.108+0000] {manager.py:878} INFO - 
================================================================================
DAG File Processing Stats

File Path                             PID    Runtime      # DAGs    # Errors  Last Runtime    Last Run
------------------------------------  -----  ---------  --------  ----------  --------------  -------------------
/opt/airflow/dags/ml_pipeline_dag.py                           1           0  0.24s           2025-11-07T15:35:02
================================================================================
[2025-11-07T15:35:58.517+0000] {manager.py:878} INFO - 
================================================================================
DAG File Processing Stats

File Path                             PID    Runtime      # DAGs    # Errors  Last Runtime    Last Run
------------------------------------  -----  ---------  --------  ----------  --------------  -------------------
/opt/airflow/dags/ml_pipeline_dag.py                           1           0  0.34s           2025-11-07T15:35:32
================================================================================
[2025-11-07T15:36:29.311+0000] {manager.py:878} INFO - 
================================================================================
DAG File Processing Stats

File Path                             PID    Runtime      # DAGs    # Errors  Last Runtime    Last Run
------------------------------------  -----  ---------  --------  ----------  --------------  -------------------
/opt/airflow/dags/ml_pipeline_dag.py                           1           0  0.67s           2025-11-07T15:36:03
================================================================================
[2025-11-07T15:36:59.457+0000] {manager.py:878} INFO - 
================================================================================
DAG File Processing Stats

File Path                             PID    Runtime      # DAGs    # Errors  Last Runtime    Last Run
------------------------------------  -----  ---------  --------  ----------  --------------  -------------------
/opt/airflow/dags/ml_pipeline_dag.py                           1           0  0.44s           2025-11-07T15:36:34
================================================================================
[2025-11-07T15:37:29.879+0000] {manager.py:878} INFO - 
================================================================================
DAG File Processing Stats

File Path                             PID    Runtime      # DAGs    # Errors  Last Runtime    Last Run
------------------------------------  -----  ---------  --------  ----------  --------------  -------------------
/opt/airflow/dags/ml_pipeline_dag.py                           1           0  0.34s           2025-11-07T15:37:04
================================================================================
[2025-11-07T15:38:00.058+0000] {manager.py:878} INFO - 
================================================================================
DAG File Processing Stats

File Path                             PID    Runtime      # DAGs    # Errors  Last Runtime    Last Run
------------------------------------  -----  ---------  --------  ----------  --------------  -------------------
/opt/airflow/dags/ml_pipeline_dag.py                           1           0  0.81s           2025-11-07T15:37:35
================================================================================
[2025-11-07T15:38:30.215+0000] {manager.py:878} INFO - 
================================================================================
DAG File Processing Stats

File Path                             PID    Runtime      # DAGs    # Errors  Last Runtime    Last Run
------------------------------------  -----  ---------  --------  ----------  --------------  -------------------
/opt/airflow/dags/ml_pipeline_dag.py                           1           0  0.34s           2025-11-07T15:38:06
================================================================================
[2025-11-07T15:39:00.403+0000] {manager.py:878} INFO - 
================================================================================
DAG File Processing Stats

File Path                             PID    Runtime      # DAGs    # Errors  Last Runtime    Last Run
------------------------------------  -----  ---------  --------  ----------  --------------  -------------------
/opt/airflow/dags/ml_pipeline_dag.py                           1           0  0.23s           2025-11-07T15:38:37
================================================================================
[2025-11-07T15:39:30.527+0000] {manager.py:878} INFO - 
================================================================================
DAG File Processing Stats

File Path                             PID    Runtime      # DAGs    # Errors  Last Runtime    Last Run
------------------------------------  -----  ---------  --------  ----------  --------------  -------------------
/opt/airflow/dags/ml_pipeline_dag.py                           1           0  0.35s           2025-11-07T15:39:07
================================================================================
[2025-11-07T15:39:52.843+0000] {manager.py:737} INFO - Searching for files in /opt/airflow/dags
[2025-11-07T15:39:52.866+0000] {manager.py:740} INFO - There are 1 files in /opt/airflow/dags
[2025-11-07T15:40:00.713+0000] {manager.py:878} INFO - 
================================================================================
DAG File Processing Stats

File Path                             PID    Runtime      # DAGs    # Errors  Last Runtime    Last Run
------------------------------------  -----  ---------  --------  ----------  --------------  -------------------
/opt/airflow/dags/ml_pipeline_dag.py                           1           0  0.24s           2025-11-07T15:39:38
================================================================================
[2025-11-07T15:40:30.900+0000] {manager.py:878} INFO - 
================================================================================
DAG File Processing Stats

File Path                             PID    Runtime      # DAGs    # Errors  Last Runtime    Last Run
------------------------------------  -----  ---------  --------  ----------  --------------  -------------------
/opt/airflow/dags/ml_pipeline_dag.py                           1           0  0.46s           2025-11-07T15:40:08
================================================================================
[2025-11-07T15:41:01.097+0000] {manager.py:878} INFO - 
================================================================================
DAG File Processing Stats

File Path                             PID    Runtime      # DAGs    # Errors  Last Runtime    Last Run
------------------------------------  -----  ---------  --------  ----------  --------------  -------------------
/opt/airflow/dags/ml_pipeline_dag.py                           1           0  0.33s           2025-11-07T15:40:39
================================================================================
[2025-11-07T15:41:31.413+0000] {manager.py:878} INFO - 
================================================================================
DAG File Processing Stats

File Path                             PID    Runtime      # DAGs    # Errors  Last Runtime    Last Run
------------------------------------  -----  ---------  --------  ----------  --------------  -------------------
/opt/airflow/dags/ml_pipeline_dag.py                           1           0  0.35s           2025-11-07T15:41:09
================================================================================
[2025-11-07T15:42:01.646+0000] {manager.py:878} INFO - 
================================================================================
DAG File Processing Stats

File Path                             PID    Runtime      # DAGs    # Errors  Last Runtime    Last Run
------------------------------------  -----  ---------  --------  ----------  --------------  -------------------
/opt/airflow/dags/ml_pipeline_dag.py                           1           0  0.36s           2025-11-07T15:41:40
================================================================================
[2025-11-07T15:42:31.806+0000] {manager.py:878} INFO - 
================================================================================
DAG File Processing Stats

File Path                             PID    Runtime      # DAGs    # Errors  Last Runtime    Last Run
------------------------------------  -----  ---------  --------  ----------  --------------  -------------------
/opt/airflow/dags/ml_pipeline_dag.py                           1           0  0.24s           2025-11-07T15:42:10
================================================================================
[2025-11-07T15:43:02.024+0000] {manager.py:878} INFO - 
================================================================================
DAG File Processing Stats

File Path                             PID    Runtime      # DAGs    # Errors  Last Runtime    Last Run
------------------------------------  -----  ---------  --------  ----------  --------------  -------------------
/opt/airflow/dags/ml_pipeline_dag.py                           1           0  0.23s           2025-11-07T15:42:41
================================================================================
[2025-11-07T15:43:32.959+0000] {manager.py:878} INFO - 
================================================================================
DAG File Processing Stats

File Path                             PID    Runtime      # DAGs    # Errors  Last Runtime    Last Run
------------------------------------  -----  ---------  --------  ----------  --------------  -------------------
/opt/airflow/dags/ml_pipeline_dag.py                           1           0  2.38s           2025-11-07T15:43:14
================================================================================
[2025-11-07T15:44:03.657+0000] {manager.py:878} INFO - 
================================================================================
DAG File Processing Stats

File Path                             PID    Runtime      # DAGs    # Errors  Last Runtime    Last Run
------------------------------------  -----  ---------  --------  ----------  --------------  -------------------
/opt/airflow/dags/ml_pipeline_dag.py                           1           0  0.98s           2025-11-07T15:43:45
================================================================================
[2025-11-07T15:44:33.747+0000] {manager.py:878} INFO - 
================================================================================
DAG File Processing Stats

File Path                             PID    Runtime      # DAGs    # Errors  Last Runtime    Last Run
------------------------------------  -----  ---------  --------  ----------  --------------  -------------------
/opt/airflow/dags/ml_pipeline_dag.py                           1           0  0.35s           2025-11-07T15:44:16
================================================================================
[2025-11-07T15:44:53.163+0000] {manager.py:737} INFO - Searching for files in /opt/airflow/dags
[2025-11-07T15:44:53.172+0000] {manager.py:740} INFO - There are 1 files in /opt/airflow/dags
[2025-11-07T15:45:04.649+0000] {manager.py:878} INFO - 
================================================================================
DAG File Processing Stats

File Path                             PID    Runtime      # DAGs    # Errors  Last Runtime    Last Run
------------------------------------  -----  ---------  --------  ----------  --------------  -------------------
/opt/airflow/dags/ml_pipeline_dag.py                           1           0  0.45s           2025-11-07T15:44:46
================================================================================
[2025-11-07T15:45:35.528+0000] {manager.py:878} INFO - 
================================================================================
DAG File Processing Stats

File Path                             PID    Runtime      # DAGs    # Errors  Last Runtime    Last Run
------------------------------------  -----  ---------  --------  ----------  --------------  -------------------
/opt/airflow/dags/ml_pipeline_dag.py                           1           0  0.45s           2025-11-07T15:45:17
================================================================================
[2025-11-07T15:46:06.404+0000] {manager.py:878} INFO - 
================================================================================
DAG File Processing Stats

File Path                             PID    Runtime      # DAGs    # Errors  Last Runtime    Last Run
------------------------------------  -----  ---------  --------  ----------  --------------  -------------------
/opt/airflow/dags/ml_pipeline_dag.py                           1           0  0.67s           2025-11-07T15:45:48
================================================================================
[2025-11-07T15:46:36.963+0000] {manager.py:878} INFO - 
================================================================================
DAG File Processing Stats

File Path                             PID    Runtime      # DAGs    # Errors  Last Runtime    Last Run
------------------------------------  -----  ---------  --------  ----------  --------------  -------------------
/opt/airflow/dags/ml_pipeline_dag.py                           1           0  0.74s           2025-11-07T15:46:19
================================================================================
[2025-11-07T15:47:07.763+0000] {manager.py:878} INFO - 
================================================================================
DAG File Processing Stats

File Path                             PID    Runtime      # DAGs    # Errors  Last Runtime    Last Run
------------------------------------  -----  ---------  --------  ----------  --------------  -------------------
/opt/airflow/dags/ml_pipeline_dag.py                           1           0  0.36s           2025-11-07T15:46:50
================================================================================
[2025-11-07T15:47:38.752+0000] {manager.py:878} INFO - 
================================================================================
DAG File Processing Stats

File Path                             PID    Runtime      # DAGs    # Errors  Last Runtime    Last Run
------------------------------------  -----  ---------  --------  ----------  --------------  -------------------
/opt/airflow/dags/ml_pipeline_dag.py                           1           0  0.33s           2025-11-07T15:47:20
================================================================================
[2025-11-07T15:48:09.070+0000] {manager.py:878} INFO - 
================================================================================
DAG File Processing Stats

File Path                             PID    Runtime      # DAGs    # Errors  Last Runtime    Last Run
------------------------------------  -----  ---------  --------  ----------  --------------  -------------------
/opt/airflow/dags/ml_pipeline_dag.py                           1           0  0.56s           2025-11-07T15:47:51
================================================================================
[2025-11-07T15:48:39.626+0000] {manager.py:878} INFO - 
================================================================================
DAG File Processing Stats

File Path                             PID    Runtime      # DAGs    # Errors  Last Runtime    Last Run
------------------------------------  -----  ---------  --------  ----------  --------------  -------------------
/opt/airflow/dags/ml_pipeline_dag.py                           1           0  0.34s           2025-11-07T15:48:22
================================================================================
[2025-11-07T15:49:09.667+0000] {manager.py:878} INFO - 
================================================================================
DAG File Processing Stats

File Path                             PID    Runtime      # DAGs    # Errors  Last Runtime    Last Run
------------------------------------  -----  ---------  --------  ----------  --------------  -------------------
/opt/airflow/dags/ml_pipeline_dag.py                           1           0  2.06s           2025-11-07T15:48:54
================================================================================
[2025-11-07T15:49:39.701+0000] {manager.py:878} INFO - 
================================================================================
DAG File Processing Stats

File Path                             PID    Runtime      # DAGs    # Errors  Last Runtime    Last Run
------------------------------------  -----  ---------  --------  ----------  --------------  -------------------
/opt/airflow/dags/ml_pipeline_dag.py                           1           0  0.39s           2025-11-07T15:49:24
================================================================================
[2025-11-07T15:49:53.512+0000] {manager.py:737} INFO - Searching for files in /opt/airflow/dags
[2025-11-07T15:49:53.526+0000] {manager.py:740} INFO - There are 1 files in /opt/airflow/dags
[2025-11-07T15:50:09.969+0000] {manager.py:878} INFO - 
================================================================================
DAG File Processing Stats

File Path                             PID    Runtime      # DAGs    # Errors  Last Runtime    Last Run
------------------------------------  -----  ---------  --------  ----------  --------------  -------------------
/opt/airflow/dags/ml_pipeline_dag.py                           1           0  0.35s           2025-11-07T15:49:55
================================================================================
[2025-11-07T15:50:40.562+0000] {manager.py:878} INFO - 
================================================================================
DAG File Processing Stats

File Path                             PID    Runtime      # DAGs    # Errors  Last Runtime    Last Run
------------------------------------  -----  ---------  --------  ----------  --------------  -------------------
/opt/airflow/dags/ml_pipeline_dag.py                           1           0  0.23s           2025-11-07T15:50:25
================================================================================
[2025-11-07T15:51:11.384+0000] {manager.py:878} INFO - 
================================================================================
DAG File Processing Stats

File Path                             PID    Runtime      # DAGs    # Errors  Last Runtime    Last Run
------------------------------------  -----  ---------  --------  ----------  --------------  -------------------
/opt/airflow/dags/ml_pipeline_dag.py                           1           0  0.36s           2025-11-07T15:50:56
================================================================================
[2025-11-07T15:51:42.102+0000] {manager.py:878} INFO - 
================================================================================
DAG File Processing Stats

File Path                             PID    Runtime      # DAGs    # Errors  Last Runtime    Last Run
------------------------------------  -----  ---------  --------  ----------  --------------  -------------------
/opt/airflow/dags/ml_pipeline_dag.py                           1           0  0.34s           2025-11-07T15:51:26
================================================================================
[2025-11-07T15:52:13.230+0000] {manager.py:878} INFO - 
================================================================================
DAG File Processing Stats

File Path                             PID    Runtime      # DAGs    # Errors  Last Runtime    Last Run
------------------------------------  -----  ---------  --------  ----------  --------------  -------------------
/opt/airflow/dags/ml_pipeline_dag.py                           1           0  0.88s           2025-11-07T15:51:58
================================================================================
[2025-11-07T15:52:43.273+0000] {manager.py:878} INFO - 
================================================================================
DAG File Processing Stats

File Path                             PID    Runtime      # DAGs    # Errors  Last Runtime    Last Run
------------------------------------  -----  ---------  --------  ----------  --------------  -------------------
/opt/airflow/dags/ml_pipeline_dag.py                           1           0  0.47s           2025-11-07T15:52:28
================================================================================
[2025-11-07T15:53:13.785+0000] {manager.py:878} INFO - 
================================================================================
DAG File Processing Stats

File Path                             PID    Runtime      # DAGs    # Errors  Last Runtime    Last Run
------------------------------------  -----  ---------  --------  ----------  --------------  -------------------
/opt/airflow/dags/ml_pipeline_dag.py                           1           0  2.58s           2025-11-07T15:53:02
================================================================================
[2025-11-07T15:53:44.751+0000] {manager.py:878} INFO - 
================================================================================
DAG File Processing Stats

File Path                             PID    Runtime      # DAGs    # Errors  Last Runtime    Last Run
------------------------------------  -----  ---------  --------  ----------  --------------  -------------------
/opt/airflow/dags/ml_pipeline_dag.py                           1           0  0.57s           2025-11-07T15:53:32
================================================================================
[2025-11-07T15:54:15.506+0000] {manager.py:878} INFO - 
================================================================================
DAG File Processing Stats

File Path                             PID    Runtime      # DAGs    # Errors  Last Runtime    Last Run
------------------------------------  -----  ---------  --------  ----------  --------------  -------------------
/opt/airflow/dags/ml_pipeline_dag.py                           1           0  0.86s           2025-11-07T15:54:04
================================================================================
[2025-11-07T15:54:45.946+0000] {manager.py:878} INFO - 
================================================================================
DAG File Processing Stats

File Path                             PID    Runtime      # DAGs    # Errors  Last Runtime    Last Run
------------------------------------  -----  ---------  --------  ----------  --------------  -------------------
/opt/airflow/dags/ml_pipeline_dag.py                           1           0  1.36s           2025-11-07T15:54:35
================================================================================
[2025-11-07T15:54:53.626+0000] {manager.py:737} INFO - Searching for files in /opt/airflow/dags
[2025-11-07T15:54:53.639+0000] {manager.py:740} INFO - There are 1 files in /opt/airflow/dags
[2025-11-07T15:55:16.397+0000] {manager.py:878} INFO - 
================================================================================
DAG File Processing Stats

File Path                             PID    Runtime      # DAGs    # Errors  Last Runtime    Last Run
------------------------------------  -----  ---------  --------  ----------  --------------  -------------------
/opt/airflow/dags/ml_pipeline_dag.py                           1           0  0.36s           2025-11-07T15:55:06
================================================================================
[2025-11-07T15:55:46.771+0000] {manager.py:878} INFO - 
================================================================================
DAG File Processing Stats

File Path                             PID    Runtime      # DAGs    # Errors  Last Runtime    Last Run
------------------------------------  -----  ---------  --------  ----------  --------------  -------------------
/opt/airflow/dags/ml_pipeline_dag.py                           1           0  0.84s           2025-11-07T15:55:37
================================================================================
[2025-11-07T15:56:17.371+0000] {manager.py:878} INFO - 
================================================================================
DAG File Processing Stats

File Path                             PID    Runtime      # DAGs    # Errors  Last Runtime    Last Run
------------------------------------  -----  ---------  --------  ----------  --------------  -------------------
/opt/airflow/dags/ml_pipeline_dag.py                           1           0  0.38s           2025-11-07T15:56:07
================================================================================
[2025-11-07T15:56:47.886+0000] {manager.py:878} INFO - 
================================================================================
DAG File Processing Stats

File Path                             PID    Runtime      # DAGs    # Errors  Last Runtime    Last Run
------------------------------------  -----  ---------  --------  ----------  --------------  -------------------
/opt/airflow/dags/ml_pipeline_dag.py                           1           0  0.36s           2025-11-07T15:56:38
================================================================================
[2025-11-07T15:57:19.511+0000] {manager.py:878} INFO - 
================================================================================
DAG File Processing Stats

File Path                             PID    Runtime      # DAGs    # Errors  Last Runtime    Last Run
------------------------------------  -----  ---------  --------  ----------  --------------  -------------------
/opt/airflow/dags/ml_pipeline_dag.py                           1           0  0.48s           2025-11-07T15:57:09
================================================================================
[2025-11-07T15:57:50.042+0000] {manager.py:878} INFO - 
================================================================================
DAG File Processing Stats

File Path                             PID    Runtime      # DAGs    # Errors  Last Runtime    Last Run
------------------------------------  -----  ---------  --------  ----------  --------------  -------------------
/opt/airflow/dags/ml_pipeline_dag.py                           1           0  0.35s           2025-11-07T15:57:39
================================================================================
[2025-11-07T15:58:20.913+0000] {manager.py:878} INFO - 
================================================================================
DAG File Processing Stats

File Path                             PID    Runtime      # DAGs    # Errors  Last Runtime    Last Run
------------------------------------  -----  ---------  --------  ----------  --------------  -------------------
/opt/airflow/dags/ml_pipeline_dag.py                           1           0  7.22s           2025-11-07T15:58:17
================================================================================
[2025-11-07T15:58:54.541+0000] {manager.py:878} INFO - 
================================================================================
DAG File Processing Stats

File Path                             PID    Runtime      # DAGs    # Errors  Last Runtime    Last Run
------------------------------------  -----  ---------  --------  ----------  --------------  -------------------
/opt/airflow/dags/ml_pipeline_dag.py                           1           0  6.08s           2025-11-07T15:58:54
================================================================================
[2025-11-07T15:59:34.791+0000] {manager.py:878} INFO - 
================================================================================
DAG File Processing Stats

File Path                             PID    Runtime      # DAGs    # Errors  Last Runtime    Last Run
------------------------------------  -----  ---------  --------  ----------  --------------  -------------------
/opt/airflow/dags/ml_pipeline_dag.py                           1           0  6.92s           2025-11-07T15:59:34
================================================================================
[2025-11-07T16:00:08.960+0000] {manager.py:737} INFO - Searching for files in /opt/airflow/dags
[2025-11-07T16:00:10.767+0000] {manager.py:740} INFO - There are 1 files in /opt/airflow/dags
[2025-11-07T16:00:19.453+0000] {manager.py:878} INFO - 
================================================================================
DAG File Processing Stats

File Path                             PID    Runtime      # DAGs    # Errors  Last Runtime    Last Run
------------------------------------  -----  ---------  --------  ----------  --------------  -------------------
/opt/airflow/dags/ml_pipeline_dag.py                           1           0  5.95s           2025-11-07T16:00:19
================================================================================
[2025-11-07T16:00:58.270+0000] {manager.py:878} INFO - 
================================================================================
DAG File Processing Stats

File Path                             PID    Runtime      # DAGs    # Errors  Last Runtime    Last Run
------------------------------------  -----  ---------  --------  ----------  --------------  -------------------
/opt/airflow/dags/ml_pipeline_dag.py                           1           0  5.36s           2025-11-07T16:00:58
================================================================================
[2025-11-07T16:02:04.754+0000] {manager.py:878} INFO - 
================================================================================
DAG File Processing Stats

File Path                             PID    Runtime      # DAGs    # Errors  Last Runtime    Last Run
------------------------------------  -----  ---------  --------  ----------  --------------  -------------------
/opt/airflow/dags/ml_pipeline_dag.py                           1           0  10.85s          2025-11-07T16:02:04
================================================================================
[2025-11-07T16:02:38.898+0000] {manager.py:878} INFO - 
================================================================================
DAG File Processing Stats

File Path                             PID    Runtime      # DAGs    # Errors  Last Runtime    Last Run
------------------------------------  -----  ---------  --------  ----------  --------------  -------------------
/opt/airflow/dags/ml_pipeline_dag.py                           1           0  2.51s           2025-11-07T16:02:38
================================================================================
[2025-11-07T16:03:12.978+0000] {manager.py:878} INFO - 
================================================================================
DAG File Processing Stats

File Path                             PID    Runtime      # DAGs    # Errors  Last Runtime    Last Run
------------------------------------  -----  ---------  --------  ----------  --------------  -------------------
/opt/airflow/dags/ml_pipeline_dag.py                           1           0  3.68s           2025-11-07T16:03:12
================================================================================
[2025-11-07T16:03:43.116+0000] {manager.py:878} INFO - 
================================================================================
DAG File Processing Stats

File Path                             PID    Runtime      # DAGs    # Errors  Last Runtime    Last Run
------------------------------------  -----  ---------  --------  ----------  --------------  -------------------
/opt/airflow/dags/ml_pipeline_dag.py                           1           0  3.68s           2025-11-07T16:03:12
================================================================================
[2025-11-07T16:04:14.784+0000] {manager.py:878} INFO - 
================================================================================
DAG File Processing Stats

File Path                             PID    Runtime      # DAGs    # Errors  Last Runtime    Last Run
------------------------------------  -----  ---------  --------  ----------  --------------  -------------------
/opt/airflow/dags/ml_pipeline_dag.py                           1           0  4.82s           2025-11-07T16:03:51
================================================================================
[2025-11-07T16:04:45.486+0000] {manager.py:878} INFO - 
================================================================================
DAG File Processing Stats

File Path                             PID    Runtime      # DAGs    # Errors  Last Runtime    Last Run
------------------------------------  -----  ---------  --------  ----------  --------------  -------------------
/opt/airflow/dags/ml_pipeline_dag.py                           1           0  9.62s           2025-11-07T16:04:31
================================================================================
[2025-11-07T16:05:09.104+0000] {manager.py:737} INFO - Searching for files in /opt/airflow/dags
[2025-11-07T16:05:09.245+0000] {manager.py:740} INFO - There are 1 files in /opt/airflow/dags
[2025-11-07T16:05:15.779+0000] {manager.py:878} INFO - 
================================================================================
DAG File Processing Stats

File Path                             PID    Runtime      # DAGs    # Errors  Last Runtime    Last Run
------------------------------------  -----  ---------  --------  ----------  --------------  -------------------
/opt/airflow/dags/ml_pipeline_dag.py                           1           0  4.36s           2025-11-07T16:05:06
================================================================================
[2025-11-07T16:05:46.570+0000] {manager.py:878} INFO - 
================================================================================
DAG File Processing Stats

File Path                             PID    Runtime      # DAGs    # Errors  Last Runtime    Last Run
------------------------------------  -----  ---------  --------  ----------  --------------  -------------------
/opt/airflow/dags/ml_pipeline_dag.py                           1           0  6.73s           2025-11-07T16:05:46
================================================================================
[2025-11-07T16:06:21.789+0000] {manager.py:878} INFO - 
================================================================================
DAG File Processing Stats

File Path                             PID    Runtime      # DAGs    # Errors  Last Runtime    Last Run
------------------------------------  -----  ---------  --------  ----------  --------------  -------------------
/opt/airflow/dags/ml_pipeline_dag.py                           1           0  3.74s           2025-11-07T16:06:21
================================================================================
[2025-11-07T16:07:01.262+0000] {manager.py:878} INFO - 
================================================================================
DAG File Processing Stats

File Path                             PID    Runtime      # DAGs    # Errors  Last Runtime    Last Run
------------------------------------  -----  ---------  --------  ----------  --------------  -------------------
/opt/airflow/dags/ml_pipeline_dag.py                           1           0  7.86s           2025-11-07T16:07:01
================================================================================
[2025-11-07T16:08:02.787+0000] {manager.py:878} INFO - 
================================================================================
DAG File Processing Stats

File Path                             PID    Runtime      # DAGs    # Errors  Last Runtime    Last Run
------------------------------------  -----  ---------  --------  ----------  --------------  -------------------
/opt/airflow/dags/ml_pipeline_dag.py                           1           0  24.00s          2025-11-07T16:08:02
================================================================================
[2025-11-07T16:08:37.828+0000] {manager.py:878} INFO - 
================================================================================
DAG File Processing Stats

File Path                             PID    Runtime      # DAGs    # Errors  Last Runtime    Last Run
------------------------------------  -----  ---------  --------  ----------  --------------  -------------------
/opt/airflow/dags/ml_pipeline_dag.py                           1           0  3.93s           2025-11-07T16:08:37
================================================================================
[2025-11-07T16:09:09.819+0000] {manager.py:878} INFO - 
================================================================================
DAG File Processing Stats

File Path                             PID    Runtime      # DAGs    # Errors  Last Runtime    Last Run
------------------------------------  -----  ---------  --------  ----------  --------------  -------------------
/opt/airflow/dags/ml_pipeline_dag.py                           1           0  1.15s           2025-11-07T16:09:09
================================================================================
[2025-11-07T16:09:41.101+0000] {manager.py:878} INFO - 
================================================================================
DAG File Processing Stats

File Path                             PID    Runtime      # DAGs    # Errors  Last Runtime    Last Run
------------------------------------  -----  ---------  --------  ----------  --------------  -------------------
/opt/airflow/dags/ml_pipeline_dag.py                           1           0  0.95s           2025-11-07T16:09:41
================================================================================
[2025-11-07T16:10:10.426+0000] {manager.py:737} INFO - Searching for files in /opt/airflow/dags
[2025-11-07T16:10:10.654+0000] {manager.py:740} INFO - There are 1 files in /opt/airflow/dags
[2025-11-07T16:10:21.073+0000] {manager.py:878} INFO - 
================================================================================
DAG File Processing Stats

File Path                             PID    Runtime      # DAGs    # Errors  Last Runtime    Last Run
------------------------------------  -----  ---------  --------  ----------  --------------  -------------------
/opt/airflow/dags/ml_pipeline_dag.py                           1           0  8.70s           2025-11-07T16:10:21
================================================================================
[2025-11-07T16:10:53.079+0000] {manager.py:878} INFO - 
================================================================================
DAG File Processing Stats

File Path                             PID    Runtime      # DAGs    # Errors  Last Runtime    Last Run
------------------------------------  -----  ---------  --------  ----------  --------------  -------------------
/opt/airflow/dags/ml_pipeline_dag.py                           1           0  1.32s           2025-11-07T16:10:53
================================================================================
[2025-11-07T16:11:26.181+0000] {manager.py:878} INFO - 
================================================================================
DAG File Processing Stats

File Path                             PID    Runtime      # DAGs    # Errors  Last Runtime    Last Run
------------------------------------  -----  ---------  --------  ----------  --------------  -------------------
/opt/airflow/dags/ml_pipeline_dag.py                           1           0  2.54s           2025-11-07T16:11:26
================================================================================
[2025-11-07T16:11:58.278+0000] {manager.py:878} INFO - 
================================================================================
DAG File Processing Stats

File Path                             PID    Runtime      # DAGs    # Errors  Last Runtime    Last Run
------------------------------------  -----  ---------  --------  ----------  --------------  -------------------
/opt/airflow/dags/ml_pipeline_dag.py                           1           0  1.34s           2025-11-07T16:11:58
================================================================================
[2025-11-07T16:12:29.378+0000] {manager.py:878} INFO - 
================================================================================
DAG File Processing Stats

File Path                             PID    Runtime      # DAGs    # Errors  Last Runtime    Last Run
------------------------------------  -----  ---------  --------  ----------  --------------  -------------------
/opt/airflow/dags/ml_pipeline_dag.py                           1           0  0.70s           2025-11-07T16:12:29
================================================================================
[2025-11-07T16:12:59.792+0000] {manager.py:878} INFO - 
================================================================================
DAG File Processing Stats

File Path                             PID    Runtime      # DAGs    # Errors  Last Runtime    Last Run
------------------------------------  -----  ---------  --------  ----------  --------------  -------------------
/opt/airflow/dags/ml_pipeline_dag.py                           1           0  0.22s           2025-11-07T16:12:59
================================================================================
[2025-11-07T16:13:30.255+0000] {manager.py:878} INFO - 
================================================================================
DAG File Processing Stats

File Path                             PID    Runtime      # DAGs    # Errors  Last Runtime    Last Run
------------------------------------  -----  ---------  --------  ----------  --------------  -------------------
/opt/airflow/dags/ml_pipeline_dag.py                           1           0  0.33s           2025-11-07T16:13:30
================================================================================
[2025-11-07T16:14:00.626+0000] {manager.py:878} INFO - 
================================================================================
DAG File Processing Stats

File Path                             PID    Runtime      # DAGs    # Errors  Last Runtime    Last Run
------------------------------------  -----  ---------  --------  ----------  --------------  -------------------
/opt/airflow/dags/ml_pipeline_dag.py                           1           0  0.22s           2025-11-07T16:14:00
================================================================================
[2025-11-07T16:14:31.170+0000] {manager.py:878} INFO - 
================================================================================
DAG File Processing Stats

File Path                             PID    Runtime      # DAGs    # Errors  Last Runtime    Last Run
------------------------------------  -----  ---------  --------  ----------  --------------  -------------------
/opt/airflow/dags/ml_pipeline_dag.py                           1           0  0.43s           2025-11-07T16:14:31
================================================================================
[2025-11-07T16:15:01.585+0000] {manager.py:878} INFO - 
================================================================================
DAG File Processing Stats

File Path                             PID    Runtime      # DAGs    # Errors  Last Runtime    Last Run
------------------------------------  -----  ---------  --------  ----------  --------------  -------------------
/opt/airflow/dags/ml_pipeline_dag.py                           1           0  0.22s           2025-11-07T16:15:01
================================================================================
[2025-11-07T16:15:11.327+0000] {manager.py:737} INFO - Searching for files in /opt/airflow/dags
[2025-11-07T16:15:11.336+0000] {manager.py:740} INFO - There are 1 files in /opt/airflow/dags
[2025-11-07T16:15:31.940+0000] {manager.py:878} INFO - 
================================================================================
DAG File Processing Stats

File Path                             PID    Runtime      # DAGs    # Errors  Last Runtime    Last Run
------------------------------------  -----  ---------  --------  ----------  --------------  -------------------
/opt/airflow/dags/ml_pipeline_dag.py                           1           0  0.23s           2025-11-07T16:15:31
================================================================================
[2025-11-07T16:16:02.308+0000] {manager.py:878} INFO - 
================================================================================
DAG File Processing Stats

File Path                             PID    Runtime      # DAGs    # Errors  Last Runtime    Last Run
------------------------------------  -----  ---------  --------  ----------  --------------  -------------------
/opt/airflow/dags/ml_pipeline_dag.py                           1           0  0.23s           2025-11-07T16:16:02
================================================================================
[2025-11-07T16:16:32.810+0000] {manager.py:878} INFO - 
================================================================================
DAG File Processing Stats

File Path                             PID    Runtime      # DAGs    # Errors  Last Runtime    Last Run
------------------------------------  -----  ---------  --------  ----------  --------------  -------------------
/opt/airflow/dags/ml_pipeline_dag.py                           1           0  0.34s           2025-11-07T16:16:32
================================================================================
[2025-11-07T16:17:03.190+0000] {manager.py:878} INFO - 
================================================================================
DAG File Processing Stats

File Path                             PID    Runtime      # DAGs    # Errors  Last Runtime    Last Run
------------------------------------  -----  ---------  --------  ----------  --------------  -------------------
/opt/airflow/dags/ml_pipeline_dag.py                           1           0  0.34s           2025-11-07T16:17:03
================================================================================
[2025-11-07T16:17:33.563+0000] {manager.py:878} INFO - 
================================================================================
DAG File Processing Stats

File Path                             PID    Runtime      # DAGs    # Errors  Last Runtime    Last Run
------------------------------------  -----  ---------  --------  ----------  --------------  -------------------
/opt/airflow/dags/ml_pipeline_dag.py                           1           0  0.23s           2025-11-07T16:17:33
================================================================================
[2025-11-07T16:18:03.913+0000] {manager.py:878} INFO - 
================================================================================
DAG File Processing Stats

File Path                             PID    Runtime      # DAGs    # Errors  Last Runtime    Last Run
------------------------------------  -----  ---------  --------  ----------  --------------  -------------------
/opt/airflow/dags/ml_pipeline_dag.py                           1           0  0.23s           2025-11-07T16:18:03
================================================================================
[2025-11-07T16:18:34.252+0000] {manager.py:878} INFO - 
================================================================================
DAG File Processing Stats

File Path                             PID    Runtime      # DAGs    # Errors  Last Runtime    Last Run
------------------------------------  -----  ---------  --------  ----------  --------------  -------------------
/opt/airflow/dags/ml_pipeline_dag.py                           1           0  0.23s           2025-11-07T16:18:34
================================================================================
[2025-11-07T16:19:04.575+0000] {manager.py:878} INFO - 
================================================================================
DAG File Processing Stats

File Path                             PID    Runtime      # DAGs    # Errors  Last Runtime    Last Run
------------------------------------  -----  ---------  --------  ----------  --------------  -------------------
/opt/airflow/dags/ml_pipeline_dag.py                           1           0  0.23s           2025-11-07T16:19:04
================================================================================
[2025-11-07T16:19:35.052+0000] {manager.py:878} INFO - 
================================================================================
DAG File Processing Stats

File Path                             PID    Runtime      # DAGs    # Errors  Last Runtime    Last Run
------------------------------------  -----  ---------  --------  ----------  --------------  -------------------
/opt/airflow/dags/ml_pipeline_dag.py                           1           0  0.33s           2025-11-07T16:19:35
================================================================================
[2025-11-07T16:20:05.358+0000] {manager.py:878} INFO - 
================================================================================
DAG File Processing Stats

File Path                             PID    Runtime      # DAGs    # Errors  Last Runtime    Last Run
------------------------------------  -----  ---------  --------  ----------  --------------  -------------------
/opt/airflow/dags/ml_pipeline_dag.py                           1           0  0.23s           2025-11-07T16:20:05
================================================================================
[2025-11-07T16:20:12.062+0000] {manager.py:737} INFO - Searching for files in /opt/airflow/dags
[2025-11-07T16:20:12.085+0000] {manager.py:740} INFO - There are 1 files in /opt/airflow/dags
[2025-11-07T16:20:35.795+0000] {manager.py:878} INFO - 
================================================================================
DAG File Processing Stats

File Path                             PID    Runtime      # DAGs    # Errors  Last Runtime    Last Run
------------------------------------  -----  ---------  --------  ----------  --------------  -------------------
/opt/airflow/dags/ml_pipeline_dag.py                           1           0  0.32s           2025-11-07T16:20:35
================================================================================
[2025-11-07T16:21:06.256+0000] {manager.py:878} INFO - 
================================================================================
DAG File Processing Stats

File Path                             PID    Runtime      # DAGs    # Errors  Last Runtime    Last Run
------------------------------------  -----  ---------  --------  ----------  --------------  -------------------
/opt/airflow/dags/ml_pipeline_dag.py                           1           0  0.34s           2025-11-07T16:21:06
================================================================================
[2025-11-07T16:21:36.807+0000] {manager.py:878} INFO - 
================================================================================
DAG File Processing Stats

File Path                             PID    Runtime      # DAGs    # Errors  Last Runtime    Last Run
------------------------------------  -----  ---------  --------  ----------  --------------  -------------------
/opt/airflow/dags/ml_pipeline_dag.py                           1           0  0.27s           2025-11-07T16:21:36
================================================================================
[2025-11-07T16:22:07.345+0000] {manager.py:878} INFO - 
================================================================================
DAG File Processing Stats

File Path                             PID    Runtime      # DAGs    # Errors  Last Runtime    Last Run
------------------------------------  -----  ---------  --------  ----------  --------------  -------------------
/opt/airflow/dags/ml_pipeline_dag.py                           1           0  0.34s           2025-11-07T16:22:07
================================================================================
[2025-11-07T16:22:37.733+0000] {manager.py:878} INFO - 
================================================================================
DAG File Processing Stats

File Path                             PID    Runtime      # DAGs    # Errors  Last Runtime    Last Run
------------------------------------  -----  ---------  --------  ----------  --------------  -------------------
/opt/airflow/dags/ml_pipeline_dag.py                           1           0  0.24s           2025-11-07T16:22:37
================================================================================
[2025-11-07T16:23:08.332+0000] {manager.py:878} INFO - 
================================================================================
DAG File Processing Stats

File Path                             PID    Runtime      # DAGs    # Errors  Last Runtime    Last Run
------------------------------------  -----  ---------  --------  ----------  --------------  -------------------
/opt/airflow/dags/ml_pipeline_dag.py                           1           0  0.34s           2025-11-07T16:23:08
================================================================================
[2025-11-07T16:23:38.693+0000] {manager.py:878} INFO - 
================================================================================
DAG File Processing Stats

File Path                             PID    Runtime      # DAGs    # Errors  Last Runtime    Last Run
------------------------------------  -----  ---------  --------  ----------  --------------  -------------------
/opt/airflow/dags/ml_pipeline_dag.py                           1           0  0.23s           2025-11-07T16:23:38
================================================================================
[2025-11-07T16:24:09.152+0000] {manager.py:878} INFO - 
================================================================================
DAG File Processing Stats

File Path                             PID    Runtime      # DAGs    # Errors  Last Runtime    Last Run
------------------------------------  -----  ---------  --------  ----------  --------------  -------------------
/opt/airflow/dags/ml_pipeline_dag.py                           1           0  0.34s           2025-11-07T16:24:09
================================================================================
[2025-11-07T16:24:39.484+0000] {manager.py:878} INFO - 
================================================================================
DAG File Processing Stats

File Path                             PID    Runtime      # DAGs    # Errors  Last Runtime    Last Run
------------------------------------  -----  ---------  --------  ----------  --------------  -------------------
/opt/airflow/dags/ml_pipeline_dag.py                           1           0  0.22s           2025-11-07T16:24:39
================================================================================
[2025-11-07T16:25:09.846+0000] {manager.py:878} INFO - 
================================================================================
DAG File Processing Stats

File Path                             PID    Runtime      # DAGs    # Errors  Last Runtime    Last Run
------------------------------------  -----  ---------  --------  ----------  --------------  -------------------
/opt/airflow/dags/ml_pipeline_dag.py                           1           0  0.23s           2025-11-07T16:25:09
================================================================================
[2025-11-07T16:25:13.026+0000] {manager.py:737} INFO - Searching for files in /opt/airflow/dags
[2025-11-07T16:25:13.038+0000] {manager.py:740} INFO - There are 1 files in /opt/airflow/dags
[2025-11-07T16:25:40.160+0000] {manager.py:878} INFO - 
================================================================================
DAG File Processing Stats

File Path                             PID    Runtime      # DAGs    # Errors  Last Runtime    Last Run
------------------------------------  -----  ---------  --------  ----------  --------------  -------------------
/opt/airflow/dags/ml_pipeline_dag.py                           1           0  0.22s           2025-11-07T16:25:40
================================================================================
[2025-11-07T16:26:10.680+0000] {manager.py:878} INFO - 
================================================================================
DAG File Processing Stats

File Path                             PID    Runtime      # DAGs    # Errors  Last Runtime    Last Run
------------------------------------  -----  ---------  --------  ----------  --------------  -------------------
/opt/airflow/dags/ml_pipeline_dag.py                           1           0  0.37s           2025-11-07T16:26:10
================================================================================
[2025-11-07T16:26:41.072+0000] {manager.py:878} INFO - 
================================================================================
DAG File Processing Stats

File Path                             PID    Runtime      # DAGs    # Errors  Last Runtime    Last Run
------------------------------------  -----  ---------  --------  ----------  --------------  -------------------
/opt/airflow/dags/ml_pipeline_dag.py                           1           0  0.24s           2025-11-07T16:26:41
================================================================================
[2025-11-07T16:27:12.133+0000] {manager.py:878} INFO - 
================================================================================
DAG File Processing Stats

File Path                             PID    Runtime      # DAGs    # Errors  Last Runtime    Last Run
------------------------------------  -----  ---------  --------  ----------  --------------  -------------------
/opt/airflow/dags/ml_pipeline_dag.py                           1           0  0.91s           2025-11-07T16:27:12
================================================================================
[2025-11-07T16:27:43.103+0000] {manager.py:878} INFO - 
================================================================================
DAG File Processing Stats

File Path                             PID    Runtime      # DAGs    # Errors  Last Runtime    Last Run
------------------------------------  -----  ---------  --------  ----------  --------------  -------------------
/opt/airflow/dags/ml_pipeline_dag.py                           1           0  0.66s           2025-11-07T16:27:43
================================================================================
[2025-11-07T16:28:18.834+0000] {manager.py:878} INFO - 
================================================================================
DAG File Processing Stats

File Path                             PID    Runtime      # DAGs    # Errors  Last Runtime    Last Run
------------------------------------  -----  ---------  --------  ----------  --------------  -------------------
/opt/airflow/dags/ml_pipeline_dag.py                           1           0  5.27s           2025-11-07T16:28:18
================================================================================
[2025-11-07T16:28:21.214+0000] {manager.py:452} INFO - Exiting gracefully upon receiving signal 15
[2025-11-09T06:21:57.587+0000] {manager.py:470} INFO - Processing files using up to 1 processes at a time 
[2025-11-09T06:21:57.589+0000] {manager.py:471} INFO - Process each file at most once every 30 seconds
[2025-11-09T06:21:57.590+0000] {manager.py:472} INFO - Checking for new files in /opt/airflow/dags every 300 seconds
[2025-11-09T06:21:57.591+0000] {manager.py:737} INFO - Searching for files in /opt/airflow/dags
[2025-11-09T06:21:57.597+0000] {manager.py:740} INFO - There are 1 files in /opt/airflow/dags
[2025-11-09T06:21:57.742+0000] {manager.py:878} INFO - 
================================================================================
DAG File Processing Stats

File Path                             PID    Runtime      # DAGs    # Errors  Last Runtime    Last Run
------------------------------------  -----  ---------  --------  ----------  --------------  -------------------
/opt/airflow/dags/ml_pipeline_dag.py                           1           0  0.10s           2025-11-09T06:21:57
================================================================================
[2025-11-09T06:22:28.065+0000] {manager.py:878} INFO - 
================================================================================
DAG File Processing Stats

File Path                             PID    Runtime      # DAGs    # Errors  Last Runtime    Last Run
------------------------------------  -----  ---------  --------  ----------  --------------  -------------------
/opt/airflow/dags/ml_pipeline_dag.py                           1           0  0.21s           2025-11-09T06:22:28
================================================================================
[2025-11-09T06:22:58.457+0000] {manager.py:878} INFO - 
================================================================================
DAG File Processing Stats

File Path                             PID    Runtime      # DAGs    # Errors  Last Runtime    Last Run
------------------------------------  -----  ---------  --------  ----------  --------------  -------------------
/opt/airflow/dags/ml_pipeline_dag.py                           1           0  0.13s           2025-11-09T06:22:58
================================================================================
[2025-11-09T06:23:28.970+0000] {manager.py:878} INFO - 
================================================================================
DAG File Processing Stats

File Path                             PID    Runtime      # DAGs    # Errors  Last Runtime    Last Run
------------------------------------  -----  ---------  --------  ----------  --------------  -------------------
/opt/airflow/dags/ml_pipeline_dag.py                           1           0  0.13s           2025-11-09T06:23:28
================================================================================
[2025-11-09T06:23:59.352+0000] {manager.py:878} INFO - 
================================================================================
DAG File Processing Stats

File Path                             PID    Runtime      # DAGs    # Errors  Last Runtime    Last Run
------------------------------------  -----  ---------  --------  ----------  --------------  -------------------
/opt/airflow/dags/ml_pipeline_dag.py                           1           0  0.11s           2025-11-09T06:23:59
================================================================================
[2025-11-09T06:24:30.161+0000] {manager.py:878} INFO - 
================================================================================
DAG File Processing Stats

File Path                             PID    Runtime      # DAGs    # Errors  Last Runtime    Last Run
------------------------------------  -----  ---------  --------  ----------  --------------  -------------------
/opt/airflow/dags/ml_pipeline_dag.py                           1           0  0.54s           2025-11-09T06:24:30
================================================================================
[2025-11-09T06:25:00.623+0000] {manager.py:878} INFO - 
================================================================================
DAG File Processing Stats

File Path                             PID    Runtime      # DAGs    # Errors  Last Runtime    Last Run
------------------------------------  -----  ---------  --------  ----------  --------------  -------------------
/opt/airflow/dags/ml_pipeline_dag.py                           1           0  0.12s           2025-11-09T06:25:00
================================================================================
[2025-11-09T06:25:31.048+0000] {manager.py:878} INFO - 
================================================================================
DAG File Processing Stats

File Path                             PID    Runtime      # DAGs    # Errors  Last Runtime    Last Run
------------------------------------  -----  ---------  --------  ----------  --------------  -------------------
/opt/airflow/dags/ml_pipeline_dag.py                           1           0  0.12s           2025-11-09T06:25:31
================================================================================
[2025-11-09T06:26:01.367+0000] {manager.py:878} INFO - 
================================================================================
DAG File Processing Stats

File Path                             PID    Runtime      # DAGs    # Errors  Last Runtime    Last Run
------------------------------------  -----  ---------  --------  ----------  --------------  -------------------
/opt/airflow/dags/ml_pipeline_dag.py                           1           0  0.22s           2025-11-09T06:26:01
================================================================================
[2025-11-09T06:27:59.727+0000] {manager.py:470} INFO - Processing files using up to 1 processes at a time 
[2025-11-09T06:27:59.730+0000] {manager.py:471} INFO - Process each file at most once every 30 seconds
[2025-11-09T06:27:59.731+0000] {manager.py:472} INFO - Checking for new files in /opt/airflow/dags every 300 seconds
[2025-11-09T06:27:59.734+0000] {manager.py:737} INFO - Searching for files in /opt/airflow/dags
[2025-11-09T06:27:59.755+0000] {manager.py:740} INFO - There are 1 files in /opt/airflow/dags
[2025-11-09T06:28:00.066+0000] {manager.py:878} INFO - 
================================================================================
DAG File Processing Stats

File Path                             PID    Runtime      # DAGs    # Errors  Last Runtime    Last Run
------------------------------------  -----  ---------  --------  ----------  --------------  -------------------
/opt/airflow/dags/ml_pipeline_dag.py                           1           0  0.11s           2025-11-09T06:28:00
================================================================================
[2025-11-09T06:28:31.367+0000] {manager.py:878} INFO - 
================================================================================
DAG File Processing Stats

File Path                             PID    Runtime      # DAGs    # Errors  Last Runtime    Last Run
------------------------------------  -----  ---------  --------  ----------  --------------  -------------------
/opt/airflow/dags/ml_pipeline_dag.py                           1           0  0.33s           2025-11-09T06:28:31
================================================================================
[2025-11-09T06:29:02.289+0000] {manager.py:878} INFO - 
================================================================================
DAG File Processing Stats

File Path                             PID    Runtime      # DAGs    # Errors  Last Runtime    Last Run
------------------------------------  -----  ---------  --------  ----------  --------------  -------------------
/opt/airflow/dags/ml_pipeline_dag.py                           1           0  0.44s           2025-11-09T06:29:02
================================================================================
[2025-11-09T06:29:33.550+0000] {manager.py:878} INFO - 
================================================================================
DAG File Processing Stats

File Path                             PID    Runtime      # DAGs    # Errors  Last Runtime    Last Run
------------------------------------  -----  ---------  --------  ----------  --------------  -------------------
/opt/airflow/dags/ml_pipeline_dag.py                           1           0  0.35s           2025-11-09T06:29:33
================================================================================
[2025-11-09T06:30:04.117+0000] {manager.py:878} INFO - 
================================================================================
DAG File Processing Stats

File Path                             PID    Runtime      # DAGs    # Errors  Last Runtime    Last Run
------------------------------------  -----  ---------  --------  ----------  --------------  -------------------
/opt/airflow/dags/ml_pipeline_dag.py                           1           0  0.48s           2025-11-09T06:30:04
================================================================================
[2025-11-09T06:30:35.314+0000] {manager.py:878} INFO - 
================================================================================
DAG File Processing Stats

File Path                             PID    Runtime      # DAGs    # Errors  Last Runtime    Last Run
------------------------------------  -----  ---------  --------  ----------  --------------  -------------------
/opt/airflow/dags/ml_pipeline_dag.py                           1           0  0.36s           2025-11-09T06:30:35
================================================================================
[2025-11-09T06:31:11.447+0000] {manager.py:878} INFO - 
================================================================================
DAG File Processing Stats

File Path                             PID    Runtime      # DAGs    # Errors  Last Runtime    Last Run
------------------------------------  -----  ---------  --------  ----------  --------------  -------------------
/opt/airflow/dags/ml_pipeline_dag.py                           1           0  0.31s           2025-11-09T06:31:11
================================================================================
[2025-11-09T06:31:47.902+0000] {manager.py:878} INFO - 
================================================================================
DAG File Processing Stats

File Path                             PID    Runtime      # DAGs    # Errors  Last Runtime    Last Run
------------------------------------  -----  ---------  --------  ----------  --------------  -------------------
/opt/airflow/dags/ml_pipeline_dag.py                           1           0  0.61s           2025-11-09T06:31:47
================================================================================
[2025-11-09T06:32:18.635+0000] {manager.py:878} INFO - 
================================================================================
DAG File Processing Stats

File Path                             PID    Runtime      # DAGs    # Errors  Last Runtime    Last Run
------------------------------------  -----  ---------  --------  ----------  --------------  -------------------
/opt/airflow/dags/ml_pipeline_dag.py                           1           0  0.22s           2025-11-09T06:32:18
================================================================================
[2025-11-09T06:32:51.874+0000] {manager.py:878} INFO - 
================================================================================
DAG File Processing Stats

File Path                             PID    Runtime      # DAGs    # Errors  Last Runtime    Last Run
------------------------------------  -----  ---------  --------  ----------  --------------  -------------------
/opt/airflow/dags/ml_pipeline_dag.py                           1           0  0.71s           2025-11-09T06:32:51
================================================================================
[2025-11-09T06:32:59.764+0000] {manager.py:737} INFO - Searching for files in /opt/airflow/dags
[2025-11-09T06:32:59.788+0000] {manager.py:740} INFO - There are 1 files in /opt/airflow/dags
[2025-11-09T06:33:22.526+0000] {manager.py:878} INFO - 
================================================================================
DAG File Processing Stats

File Path                             PID    Runtime      # DAGs    # Errors  Last Runtime    Last Run
------------------------------------  -----  ---------  --------  ----------  --------------  -------------------
/opt/airflow/dags/ml_pipeline_dag.py                           1           0  0.36s           2025-11-09T06:33:22
================================================================================
[2025-11-09T06:33:53.389+0000] {manager.py:878} INFO - 
================================================================================
DAG File Processing Stats

File Path                             PID    Runtime      # DAGs    # Errors  Last Runtime    Last Run
------------------------------------  -----  ---------  --------  ----------  --------------  -------------------
/opt/airflow/dags/ml_pipeline_dag.py                           1           0  0.32s           2025-11-09T06:33:53
================================================================================
[2025-11-09T06:34:27.292+0000] {manager.py:878} INFO - 
================================================================================
DAG File Processing Stats

File Path                             PID    Runtime      # DAGs    # Errors  Last Runtime    Last Run
------------------------------------  -----  ---------  --------  ----------  --------------  -------------------
/opt/airflow/dags/ml_pipeline_dag.py                           1           0  3.79s           2025-11-09T06:34:27
================================================================================
[2025-11-09T06:34:58.604+0000] {manager.py:878} INFO - 
================================================================================
DAG File Processing Stats

File Path                             PID    Runtime      # DAGs    # Errors  Last Runtime    Last Run
------------------------------------  -----  ---------  --------  ----------  --------------  -------------------
/opt/airflow/dags/ml_pipeline_dag.py                           1           0  0.64s           2025-11-09T06:34:58
================================================================================
[2025-11-09T06:35:29.806+0000] {manager.py:878} INFO - 
================================================================================
DAG File Processing Stats

File Path                             PID    Runtime      # DAGs    # Errors  Last Runtime    Last Run
------------------------------------  -----  ---------  --------  ----------  --------------  -------------------
/opt/airflow/dags/ml_pipeline_dag.py                           1           0  0.54s           2025-11-09T06:35:29
================================================================================
[2025-11-09T06:36:00.766+0000] {manager.py:878} INFO - 
================================================================================
DAG File Processing Stats

File Path                             PID    Runtime      # DAGs    # Errors  Last Runtime    Last Run
------------------------------------  -----  ---------  --------  ----------  --------------  -------------------
/opt/airflow/dags/ml_pipeline_dag.py                           1           0  0.75s           2025-11-09T06:36:00
================================================================================
[2025-11-09T06:36:31.655+0000] {manager.py:878} INFO - 
================================================================================
DAG File Processing Stats

File Path                             PID    Runtime      # DAGs    # Errors  Last Runtime    Last Run
------------------------------------  -----  ---------  --------  ----------  --------------  -------------------
/opt/airflow/dags/ml_pipeline_dag.py                           1           0  0.62s           2025-11-09T06:36:31
================================================================================
[2025-11-09T06:37:06.539+0000] {manager.py:878} INFO - 
================================================================================
DAG File Processing Stats

File Path                             PID    Runtime      # DAGs    # Errors  Last Runtime    Last Run
------------------------------------  -----  ---------  --------  ----------  --------------  -------------------
/opt/airflow/dags/ml_pipeline_dag.py                           1           0  0.52s           2025-11-09T06:37:06
================================================================================
[2025-11-09T06:37:37.486+0000] {manager.py:878} INFO - 
================================================================================
DAG File Processing Stats

File Path                             PID    Runtime      # DAGs    # Errors  Last Runtime    Last Run
------------------------------------  -----  ---------  --------  ----------  --------------  -------------------
/opt/airflow/dags/ml_pipeline_dag.py                           1           0  0.39s           2025-11-09T06:37:37
================================================================================
[2025-11-09T06:37:59.921+0000] {manager.py:737} INFO - Searching for files in /opt/airflow/dags
[2025-11-09T06:37:59.931+0000] {manager.py:740} INFO - There are 1 files in /opt/airflow/dags
[2025-11-09T06:38:07.824+0000] {manager.py:878} INFO - 
================================================================================
DAG File Processing Stats

File Path                             PID    Runtime      # DAGs    # Errors  Last Runtime    Last Run
------------------------------------  -----  ---------  --------  ----------  --------------  -------------------
/opt/airflow/dags/ml_pipeline_dag.py                           1           0  0.22s           2025-11-09T06:38:07
================================================================================
[2025-11-09T06:38:38.155+0000] {manager.py:878} INFO - 
================================================================================
DAG File Processing Stats

File Path                             PID    Runtime      # DAGs    # Errors  Last Runtime    Last Run
------------------------------------  -----  ---------  --------  ----------  --------------  -------------------
/opt/airflow/dags/ml_pipeline_dag.py                           1           0  0.22s           2025-11-09T06:38:38
================================================================================
[2025-11-09T06:39:08.939+0000] {manager.py:878} INFO - 
================================================================================
DAG File Processing Stats

File Path                             PID    Runtime      # DAGs    # Errors  Last Runtime    Last Run
------------------------------------  -----  ---------  --------  ----------  --------------  -------------------
/opt/airflow/dags/ml_pipeline_dag.py                           1           0  0.65s           2025-11-09T06:39:08
================================================================================
[2025-11-09T06:40:03.610+0000] {manager.py:878} INFO - 
================================================================================
DAG File Processing Stats

File Path                             PID    Runtime      # DAGs    # Errors  Last Runtime    Last Run
------------------------------------  -----  ---------  --------  ----------  --------------  -------------------
/opt/airflow/dags/ml_pipeline_dag.py                           1           0  0.42s           2025-11-09T06:40:03
================================================================================
[2025-11-09T06:40:34.700+0000] {manager.py:878} INFO - 
================================================================================
DAG File Processing Stats

File Path                             PID    Runtime      # DAGs    # Errors  Last Runtime    Last Run
------------------------------------  -----  ---------  --------  ----------  --------------  -------------------
/opt/airflow/dags/ml_pipeline_dag.py                           1           0  0.44s           2025-11-09T06:40:34
================================================================================
[2025-11-09T06:41:05.836+0000] {manager.py:878} INFO - 
================================================================================
DAG File Processing Stats

File Path                             PID    Runtime      # DAGs    # Errors  Last Runtime    Last Run
------------------------------------  -----  ---------  --------  ----------  --------------  -------------------
/opt/airflow/dags/ml_pipeline_dag.py                           1           0  0.33s           2025-11-09T06:41:05
================================================================================
[2025-11-09T06:41:37.542+0000] {manager.py:878} INFO - 
================================================================================
DAG File Processing Stats

File Path                             PID    Runtime      # DAGs    # Errors  Last Runtime    Last Run
------------------------------------  -----  ---------  --------  ----------  --------------  -------------------
/opt/airflow/dags/ml_pipeline_dag.py                           1           0  0.22s           2025-11-09T06:41:37
================================================================================
[2025-11-09T06:42:14.021+0000] {manager.py:878} INFO - 
================================================================================
DAG File Processing Stats

File Path                             PID    Runtime      # DAGs    # Errors  Last Runtime    Last Run
------------------------------------  -----  ---------  --------  ----------  --------------  -------------------
/opt/airflow/dags/ml_pipeline_dag.py                           1           0  2.09s           2025-11-09T06:42:13
================================================================================
[2025-11-09T06:42:49.618+0000] {manager.py:878} INFO - 
================================================================================
DAG File Processing Stats

File Path                             PID    Runtime      # DAGs    # Errors  Last Runtime    Last Run
------------------------------------  -----  ---------  --------  ----------  --------------  -------------------
/opt/airflow/dags/ml_pipeline_dag.py                           1           0  1.32s           2025-11-09T06:42:49
================================================================================
[2025-11-09T06:43:12.271+0000] {manager.py:737} INFO - Searching for files in /opt/airflow/dags
[2025-11-09T06:43:12.284+0000] {manager.py:740} INFO - There are 1 files in /opt/airflow/dags
[2025-11-09T06:43:42.678+0000] {manager.py:878} INFO - 
================================================================================
DAG File Processing Stats

File Path                             PID    Runtime      # DAGs    # Errors  Last Runtime    Last Run
------------------------------------  -----  ---------  --------  ----------  --------------  -------------------
/opt/airflow/dags/ml_pipeline_dag.py                           1           0  0.63s           2025-11-09T06:43:42
================================================================================
[2025-11-09T06:44:13.691+0000] {manager.py:878} INFO - 
================================================================================
DAG File Processing Stats

File Path                             PID    Runtime      # DAGs    # Errors  Last Runtime    Last Run
------------------------------------  -----  ---------  --------  ----------  --------------  -------------------
/opt/airflow/dags/ml_pipeline_dag.py                           1           0  0.34s           2025-11-09T06:44:13
================================================================================
[2025-11-09T06:44:44.752+0000] {manager.py:878} INFO - 
================================================================================
DAG File Processing Stats

File Path                             PID    Runtime      # DAGs    # Errors  Last Runtime    Last Run
------------------------------------  -----  ---------  --------  ----------  --------------  -------------------
/opt/airflow/dags/ml_pipeline_dag.py                           1           0  0.24s           2025-11-09T06:44:44
================================================================================
[2025-11-09T06:45:15.792+0000] {manager.py:878} INFO - 
================================================================================
DAG File Processing Stats

File Path                             PID    Runtime      # DAGs    # Errors  Last Runtime    Last Run
------------------------------------  -----  ---------  --------  ----------  --------------  -------------------
/opt/airflow/dags/ml_pipeline_dag.py                           1           0  0.33s           2025-11-09T06:45:15
================================================================================
[2025-11-09T06:45:46.443+0000] {manager.py:878} INFO - 
================================================================================
DAG File Processing Stats

File Path                             PID    Runtime      # DAGs    # Errors  Last Runtime    Last Run
------------------------------------  -----  ---------  --------  ----------  --------------  -------------------
/opt/airflow/dags/ml_pipeline_dag.py                           1           0  0.45s           2025-11-09T06:45:46
================================================================================
[2025-11-09T06:46:16.931+0000] {manager.py:878} INFO - 
================================================================================
DAG File Processing Stats

File Path                             PID    Runtime      # DAGs    # Errors  Last Runtime    Last Run
------------------------------------  -----  ---------  --------  ----------  --------------  -------------------
/opt/airflow/dags/ml_pipeline_dag.py                           1           0  0.22s           2025-11-09T06:46:16
================================================================================
[2025-11-09T06:46:47.522+0000] {manager.py:878} INFO - 
================================================================================
DAG File Processing Stats

File Path                             PID    Runtime      # DAGs    # Errors  Last Runtime    Last Run
------------------------------------  -----  ---------  --------  ----------  --------------  -------------------
/opt/airflow/dags/ml_pipeline_dag.py                           1           0  0.26s           2025-11-09T06:46:47
================================================================================
[2025-11-09T06:47:18.086+0000] {manager.py:878} INFO - 
================================================================================
DAG File Processing Stats

File Path                             PID    Runtime      # DAGs    # Errors  Last Runtime    Last Run
------------------------------------  -----  ---------  --------  ----------  --------------  -------------------
/opt/airflow/dags/ml_pipeline_dag.py                           1           0  0.43s           2025-11-09T06:47:18
================================================================================
[2025-11-09T06:47:48.646+0000] {manager.py:878} INFO - 
================================================================================
DAG File Processing Stats

File Path                             PID    Runtime      # DAGs    # Errors  Last Runtime    Last Run
------------------------------------  -----  ---------  --------  ----------  --------------  -------------------
/opt/airflow/dags/ml_pipeline_dag.py                           1           0  0.37s           2025-11-09T06:47:48
================================================================================
[2025-11-09T06:48:12.276+0000] {manager.py:737} INFO - Searching for files in /opt/airflow/dags
[2025-11-09T06:48:12.288+0000] {manager.py:740} INFO - There are 1 files in /opt/airflow/dags
[2025-11-09T06:48:19.139+0000] {manager.py:878} INFO - 
================================================================================
DAG File Processing Stats

File Path                             PID    Runtime      # DAGs    # Errors  Last Runtime    Last Run
------------------------------------  -----  ---------  --------  ----------  --------------  -------------------
/opt/airflow/dags/ml_pipeline_dag.py                           1           0  0.33s           2025-11-09T06:48:19
================================================================================
[2025-11-09T06:48:49.772+0000] {manager.py:878} INFO - 
================================================================================
DAG File Processing Stats

File Path                             PID    Runtime      # DAGs    # Errors  Last Runtime    Last Run
------------------------------------  -----  ---------  --------  ----------  --------------  -------------------
/opt/airflow/dags/ml_pipeline_dag.py                           1           0  0.49s           2025-11-09T06:48:49
================================================================================
[2025-11-09T06:49:20.336+0000] {manager.py:878} INFO - 
================================================================================
DAG File Processing Stats

File Path                             PID    Runtime      # DAGs    # Errors  Last Runtime    Last Run
------------------------------------  -----  ---------  --------  ----------  --------------  -------------------
/opt/airflow/dags/ml_pipeline_dag.py                           1           0  0.34s           2025-11-09T06:49:20
================================================================================
[2025-11-09T06:49:50.774+0000] {manager.py:878} INFO - 
================================================================================
DAG File Processing Stats

File Path                             PID    Runtime      # DAGs    # Errors  Last Runtime    Last Run
------------------------------------  -----  ---------  --------  ----------  --------------  -------------------
/opt/airflow/dags/ml_pipeline_dag.py                           1           0  0.23s           2025-11-09T06:49:50
================================================================================
[2025-11-09T06:50:21.408+0000] {manager.py:878} INFO - 
================================================================================
DAG File Processing Stats

File Path                             PID    Runtime      # DAGs    # Errors  Last Runtime    Last Run
------------------------------------  -----  ---------  --------  ----------  --------------  -------------------
/opt/airflow/dags/ml_pipeline_dag.py                           1           0  0.44s           2025-11-09T06:50:21
================================================================================
[2025-11-09T06:50:53.578+0000] {manager.py:878} INFO - 
================================================================================
DAG File Processing Stats

File Path                             PID    Runtime      # DAGs    # Errors  Last Runtime    Last Run
------------------------------------  -----  ---------  --------  ----------  --------------  -------------------
/opt/airflow/dags/ml_pipeline_dag.py                           1           0  0.22s           2025-11-09T06:50:53
================================================================================
[2025-11-09T06:52:32.443+0000] {manager.py:452} INFO - Exiting gracefully upon receiving signal 15
[2025-11-09T06:52:34.611+0000] {manager.py:470} INFO - Processing files using up to 1 processes at a time 
[2025-11-09T06:52:34.613+0000] {manager.py:471} INFO - Process each file at most once every 30 seconds
[2025-11-09T06:52:34.614+0000] {manager.py:472} INFO - Checking for new files in /opt/airflow/dags every 300 seconds
[2025-11-09T06:52:34.615+0000] {manager.py:737} INFO - Searching for files in /opt/airflow/dags
[2025-11-09T06:52:34.634+0000] {manager.py:740} INFO - There are 1 files in /opt/airflow/dags
[2025-11-09T06:52:36.518+0000] {manager.py:878} INFO - 
================================================================================
DAG File Processing Stats

File Path                             PID    Runtime      # DAGs    # Errors  Last Runtime    Last Run
------------------------------------  -----  ---------  --------  ----------  --------------  -------------------
/opt/airflow/dags/ml_pipeline_dag.py                           1           0  1.58s           2025-11-09T06:52:36
================================================================================
[2025-11-09T06:53:42.206+0000] {manager.py:452} INFO - Exiting gracefully upon receiving signal 15
[2025-11-09T06:53:42.776+0000] {manager.py:470} INFO - Processing files using up to 1 processes at a time 
[2025-11-09T06:53:42.776+0000] {manager.py:471} INFO - Process each file at most once every 30 seconds
[2025-11-09T06:53:42.776+0000] {manager.py:472} INFO - Checking for new files in /opt/airflow/dags every 300 seconds
[2025-11-09T06:53:42.777+0000] {manager.py:737} INFO - Searching for files in /opt/airflow/dags
[2025-11-09T06:53:42.778+0000] {manager.py:740} INFO - There are 1 files in /opt/airflow/dags
[2025-11-09T06:53:43.022+0000] {manager.py:878} INFO - 
================================================================================
DAG File Processing Stats

File Path                             PID    Runtime      # DAGs    # Errors  Last Runtime    Last Run
------------------------------------  -----  ---------  --------  ----------  --------------  -------------------
/opt/airflow/dags/ml_pipeline_dag.py                           1           0  0.21s           2025-11-09T06:53:43
================================================================================
[2025-11-09T06:54:54.683+0000] {manager.py:452} INFO - Exiting gracefully upon receiving signal 15
[2025-11-09T06:54:55.611+0000] {manager.py:470} INFO - Processing files using up to 1 processes at a time 
[2025-11-09T06:54:55.612+0000] {manager.py:471} INFO - Process each file at most once every 30 seconds
[2025-11-09T06:54:55.612+0000] {manager.py:472} INFO - Checking for new files in /opt/airflow/dags every 300 seconds
[2025-11-09T06:54:55.612+0000] {manager.py:737} INFO - Searching for files in /opt/airflow/dags
[2025-11-09T06:54:55.616+0000] {manager.py:740} INFO - There are 1 files in /opt/airflow/dags
[2025-11-09T06:54:55.901+0000] {manager.py:878} INFO - 
================================================================================
DAG File Processing Stats

File Path                             PID    Runtime      # DAGs    # Errors  Last Runtime    Last Run
------------------------------------  -----  ---------  --------  ----------  --------------  -------------------
/opt/airflow/dags/ml_pipeline_dag.py                           1           0  0.21s           2025-11-09T06:54:55
================================================================================
[2025-11-09T06:56:30.871+0000] {manager.py:452} INFO - Exiting gracefully upon receiving signal 15
[2025-11-09T06:56:32.433+0000] {manager.py:470} INFO - Processing files using up to 1 processes at a time 
[2025-11-09T06:56:32.434+0000] {manager.py:471} INFO - Process each file at most once every 30 seconds
[2025-11-09T06:56:32.434+0000] {manager.py:472} INFO - Checking for new files in /opt/airflow/dags every 300 seconds
[2025-11-09T06:56:32.435+0000] {manager.py:737} INFO - Searching for files in /opt/airflow/dags
[2025-11-09T06:56:32.440+0000] {manager.py:740} INFO - There are 1 files in /opt/airflow/dags
[2025-11-09T06:56:33.171+0000] {manager.py:878} INFO - 
================================================================================
DAG File Processing Stats

File Path                             PID    Runtime      # DAGs    # Errors  Last Runtime    Last Run
------------------------------------  -----  ---------  --------  ----------  --------------  -------------------
/opt/airflow/dags/ml_pipeline_dag.py                           1           0  0.62s           2025-11-09T06:56:33
================================================================================
[2025-11-09T07:04:41.054+0000] {manager.py:737} INFO - Searching for files in /opt/airflow/dags
[2025-11-09T07:04:41.176+0000] {manager.py:740} INFO - There are 1 files in /opt/airflow/dags
[2025-11-09T07:04:42.434+0000] {manager.py:878} INFO - 
================================================================================
DAG File Processing Stats

File Path                             PID    Runtime      # DAGs    # Errors  Last Runtime    Last Run
------------------------------------  -----  ---------  --------  ----------  --------------  -------------------
/opt/airflow/dags/ml_pipeline_dag.py                           1           0  0.97s           2025-11-09T07:04:42
================================================================================
[2025-11-09T07:09:06.037+0000] {manager.py:470} INFO - Processing files using up to 1 processes at a time 
[2025-11-09T07:09:06.044+0000] {manager.py:471} INFO - Process each file at most once every 30 seconds
[2025-11-09T07:09:06.045+0000] {manager.py:472} INFO - Checking for new files in /opt/airflow/dags every 300 seconds
[2025-11-09T07:09:06.046+0000] {manager.py:737} INFO - Searching for files in /opt/airflow/dags
[2025-11-09T07:09:06.053+0000] {manager.py:740} INFO - There are 1 files in /opt/airflow/dags
[2025-11-09T07:09:06.628+0000] {manager.py:878} INFO - 
================================================================================
DAG File Processing Stats

File Path                             PID    Runtime      # DAGs    # Errors  Last Runtime    Last Run
------------------------------------  -----  ---------  --------  ----------  --------------  -------------------
/opt/airflow/dags/ml_pipeline_dag.py                           1           0  0.44s           2025-11-09T07:09:06
================================================================================
[2025-11-09T07:11:49.838+0000] {manager.py:452} INFO - Exiting gracefully upon receiving signal 15
[2025-11-09T07:11:55.920+0000] {manager.py:470} INFO - Processing files using up to 1 processes at a time 
[2025-11-09T07:11:55.935+0000] {manager.py:471} INFO - Process each file at most once every 30 seconds
[2025-11-09T07:11:55.936+0000] {manager.py:472} INFO - Checking for new files in /opt/airflow/dags every 300 seconds
[2025-11-09T07:11:55.954+0000] {manager.py:737} INFO - Searching for files in /opt/airflow/dags
[2025-11-09T07:11:56.196+0000] {manager.py:740} INFO - There are 1 files in /opt/airflow/dags
[2025-11-09T07:12:03.316+0000] {manager.py:878} INFO - 
================================================================================
DAG File Processing Stats

File Path                             PID    Runtime      # DAGs    # Errors  Last Runtime    Last Run
------------------------------------  -----  ---------  --------  ----------  --------------  -------------------
/opt/airflow/dags/ml_pipeline_dag.py                           1           0  3.94s           2025-11-09T07:12:03
================================================================================
[2025-11-09T07:16:30.032+0000] {manager.py:452} INFO - Exiting gracefully upon receiving signal 15
[2025-11-09T07:16:31.580+0000] {manager.py:470} INFO - Processing files using up to 1 processes at a time 
[2025-11-09T07:16:31.580+0000] {manager.py:471} INFO - Process each file at most once every 30 seconds
[2025-11-09T07:16:31.580+0000] {manager.py:472} INFO - Checking for new files in /opt/airflow/dags every 300 seconds
[2025-11-09T07:16:31.580+0000] {manager.py:737} INFO - Searching for files in /opt/airflow/dags
[2025-11-09T07:16:31.587+0000] {manager.py:740} INFO - There are 1 files in /opt/airflow/dags
[2025-11-09T07:16:31.942+0000] {manager.py:878} INFO - 
================================================================================
DAG File Processing Stats

File Path                             PID    Runtime      # DAGs    # Errors  Last Runtime    Last Run
------------------------------------  -----  ---------  --------  ----------  --------------  -------------------
/opt/airflow/dags/ml_pipeline_dag.py                           1           0  0.21s           2025-11-09T07:16:31
================================================================================
[2025-11-09T07:18:25.248+0000] {manager.py:452} INFO - Exiting gracefully upon receiving signal 15
[2025-11-09T07:18:25.777+0000] {manager.py:470} INFO - Processing files using up to 1 processes at a time 
[2025-11-09T07:18:25.777+0000] {manager.py:471} INFO - Process each file at most once every 30 seconds
[2025-11-09T07:18:25.777+0000] {manager.py:472} INFO - Checking for new files in /opt/airflow/dags every 300 seconds
[2025-11-09T07:18:25.777+0000] {manager.py:737} INFO - Searching for files in /opt/airflow/dags
[2025-11-09T07:18:25.780+0000] {manager.py:740} INFO - There are 1 files in /opt/airflow/dags
[2025-11-09T07:18:26.063+0000] {manager.py:878} INFO - 
================================================================================
DAG File Processing Stats

File Path                             PID    Runtime      # DAGs    # Errors  Last Runtime    Last Run
------------------------------------  -----  ---------  --------  ----------  --------------  -------------------
/opt/airflow/dags/ml_pipeline_dag.py                           1           0  0.22s           2025-11-09T07:18:26
================================================================================
[2025-11-09T07:20:03.429+0000] {manager.py:452} INFO - Exiting gracefully upon receiving signal 15
[2025-11-09T07:20:04.280+0000] {manager.py:470} INFO - Processing files using up to 1 processes at a time 
[2025-11-09T07:20:04.281+0000] {manager.py:471} INFO - Process each file at most once every 30 seconds
[2025-11-09T07:20:04.281+0000] {manager.py:472} INFO - Checking for new files in /opt/airflow/dags every 300 seconds
[2025-11-09T07:20:04.281+0000] {manager.py:737} INFO - Searching for files in /opt/airflow/dags
[2025-11-09T07:20:04.285+0000] {manager.py:740} INFO - There are 1 files in /opt/airflow/dags
[2025-11-09T07:20:04.793+0000] {manager.py:878} INFO - 
================================================================================
DAG File Processing Stats

File Path                             PID    Runtime      # DAGs    # Errors  Last Runtime    Last Run
------------------------------------  -----  ---------  --------  ----------  --------------  -------------------
/opt/airflow/dags/ml_pipeline_dag.py                           1           0  0.42s           2025-11-09T07:20:04
================================================================================
[2025-11-09T07:23:18.847+0000] {manager.py:452} INFO - Exiting gracefully upon receiving signal 15
[2025-11-09T07:23:20.857+0000] {manager.py:470} INFO - Processing files using up to 1 processes at a time 
[2025-11-09T07:23:20.859+0000] {manager.py:471} INFO - Process each file at most once every 30 seconds
[2025-11-09T07:23:20.859+0000] {manager.py:472} INFO - Checking for new files in /opt/airflow/dags every 300 seconds
[2025-11-09T07:23:20.859+0000] {manager.py:737} INFO - Searching for files in /opt/airflow/dags
[2025-11-09T07:23:20.885+0000] {manager.py:740} INFO - There are 1 files in /opt/airflow/dags
[2025-11-09T07:23:21.358+0000] {manager.py:878} INFO - 
================================================================================
DAG File Processing Stats

File Path                             PID    Runtime      # DAGs    # Errors  Last Runtime    Last Run
------------------------------------  -----  ---------  --------  ----------  --------------  -------------------
/opt/airflow/dags/ml_pipeline_dag.py                           1           0  0.31s           2025-11-09T07:23:21
================================================================================
[2025-11-09T07:24:47.480+0000] {manager.py:452} INFO - Exiting gracefully upon receiving signal 15
[2025-11-09T07:24:47.846+0000] {manager.py:470} INFO - Processing files using up to 1 processes at a time 
[2025-11-09T07:24:47.847+0000] {manager.py:471} INFO - Process each file at most once every 30 seconds
[2025-11-09T07:24:47.847+0000] {manager.py:472} INFO - Checking for new files in /opt/airflow/dags every 300 seconds
[2025-11-09T07:24:47.847+0000] {manager.py:737} INFO - Searching for files in /opt/airflow/dags
[2025-11-09T07:24:47.850+0000] {manager.py:740} INFO - There are 1 files in /opt/airflow/dags
[2025-11-09T07:24:48.269+0000] {manager.py:878} INFO - 
================================================================================
DAG File Processing Stats

File Path                             PID    Runtime      # DAGs    # Errors  Last Runtime    Last Run
------------------------------------  -----  ---------  --------  ----------  --------------  -------------------
/opt/airflow/dags/ml_pipeline_dag.py                           1           0  0.31s           2025-11-09T07:24:48
================================================================================
[2025-11-09T07:26:06.018+0000] {manager.py:452} INFO - Exiting gracefully upon receiving signal 15
[2025-11-09T07:26:06.493+0000] {manager.py:470} INFO - Processing files using up to 1 processes at a time 
[2025-11-09T07:26:06.494+0000] {manager.py:471} INFO - Process each file at most once every 30 seconds
[2025-11-09T07:26:06.494+0000] {manager.py:472} INFO - Checking for new files in /opt/airflow/dags every 300 seconds
[2025-11-09T07:26:06.494+0000] {manager.py:737} INFO - Searching for files in /opt/airflow/dags
[2025-11-09T07:26:06.496+0000] {manager.py:740} INFO - There are 1 files in /opt/airflow/dags
[2025-11-09T07:26:06.758+0000] {manager.py:878} INFO - 
================================================================================
DAG File Processing Stats

File Path                             PID    Runtime      # DAGs    # Errors  Last Runtime    Last Run
------------------------------------  -----  ---------  --------  ----------  --------------  -------------------
/opt/airflow/dags/ml_pipeline_dag.py                           1           0  0.21s           2025-11-09T07:26:06
================================================================================
[2025-11-09T07:27:38.686+0000] {manager.py:452} INFO - Exiting gracefully upon receiving signal 15
[2025-11-09T07:27:40.161+0000] {manager.py:470} INFO - Processing files using up to 1 processes at a time 
[2025-11-09T07:27:40.165+0000] {manager.py:471} INFO - Process each file at most once every 30 seconds
[2025-11-09T07:27:40.166+0000] {manager.py:472} INFO - Checking for new files in /opt/airflow/dags every 300 seconds
[2025-11-09T07:27:40.167+0000] {manager.py:737} INFO - Searching for files in /opt/airflow/dags
[2025-11-09T07:27:40.183+0000] {manager.py:740} INFO - There are 1 files in /opt/airflow/dags
[2025-11-09T07:27:40.677+0000] {manager.py:878} INFO - 
================================================================================
DAG File Processing Stats

File Path                             PID    Runtime      # DAGs    # Errors  Last Runtime    Last Run
------------------------------------  -----  ---------  --------  ----------  --------------  -------------------
/opt/airflow/dags/ml_pipeline_dag.py                           1           0  0.32s           2025-11-09T07:27:40
================================================================================
[2025-11-09T07:30:03.964+0000] {manager.py:452} INFO - Exiting gracefully upon receiving signal 15
[2025-11-09T07:30:05.184+0000] {manager.py:470} INFO - Processing files using up to 1 processes at a time 
[2025-11-09T07:30:05.185+0000] {manager.py:471} INFO - Process each file at most once every 30 seconds
[2025-11-09T07:30:05.185+0000] {manager.py:472} INFO - Checking for new files in /opt/airflow/dags every 300 seconds
[2025-11-09T07:30:05.185+0000] {manager.py:737} INFO - Searching for files in /opt/airflow/dags
[2025-11-09T07:30:05.193+0000] {manager.py:740} INFO - There are 1 files in /opt/airflow/dags
[2025-11-09T07:30:05.768+0000] {manager.py:878} INFO - 
================================================================================
DAG File Processing Stats

File Path                             PID    Runtime      # DAGs    # Errors  Last Runtime    Last Run
------------------------------------  -----  ---------  --------  ----------  --------------  -------------------
/opt/airflow/dags/ml_pipeline_dag.py                           1           0  0.42s           2025-11-09T07:30:05
================================================================================
[2025-11-09T07:33:05.941+0000] {manager.py:452} INFO - Exiting gracefully upon receiving signal 15
[2025-11-09T07:33:07.892+0000] {manager.py:470} INFO - Processing files using up to 1 processes at a time 
[2025-11-09T07:33:07.894+0000] {manager.py:471} INFO - Process each file at most once every 30 seconds
[2025-11-09T07:33:07.896+0000] {manager.py:472} INFO - Checking for new files in /opt/airflow/dags every 300 seconds
[2025-11-09T07:33:07.898+0000] {manager.py:737} INFO - Searching for files in /opt/airflow/dags
[2025-11-09T07:33:07.930+0000] {manager.py:740} INFO - There are 1 files in /opt/airflow/dags
[2025-11-09T07:33:08.896+0000] {manager.py:878} INFO - 
================================================================================
DAG File Processing Stats

File Path                             PID    Runtime      # DAGs    # Errors  Last Runtime    Last Run
------------------------------------  -----  ---------  --------  ----------  --------------  -------------------
/opt/airflow/dags/ml_pipeline_dag.py                           1           0  0.64s           2025-11-09T07:33:08
================================================================================
[2025-11-09T07:34:55.191+0000] {manager.py:452} INFO - Exiting gracefully upon receiving signal 15
[2025-11-09T07:34:57.486+0000] {manager.py:470} INFO - Processing files using up to 1 processes at a time 
[2025-11-09T07:34:57.487+0000] {manager.py:471} INFO - Process each file at most once every 30 seconds
[2025-11-09T07:34:57.487+0000] {manager.py:472} INFO - Checking for new files in /opt/airflow/dags every 300 seconds
[2025-11-09T07:34:57.487+0000] {manager.py:737} INFO - Searching for files in /opt/airflow/dags
[2025-11-09T07:34:57.519+0000] {manager.py:740} INFO - There are 1 files in /opt/airflow/dags
[2025-11-09T07:34:59.023+0000] {manager.py:878} INFO - 
================================================================================
DAG File Processing Stats

File Path                             PID    Runtime      # DAGs    # Errors  Last Runtime    Last Run
------------------------------------  -----  ---------  --------  ----------  --------------  -------------------
/opt/airflow/dags/ml_pipeline_dag.py                           1           0  1.08s           2025-11-09T07:34:58
================================================================================
[2025-11-09T07:36:21.527+0000] {manager.py:452} INFO - Exiting gracefully upon receiving signal 15
[2025-11-09T07:36:22.853+0000] {manager.py:470} INFO - Processing files using up to 1 processes at a time 
[2025-11-09T07:36:22.854+0000] {manager.py:471} INFO - Process each file at most once every 30 seconds
[2025-11-09T07:36:22.854+0000] {manager.py:472} INFO - Checking for new files in /opt/airflow/dags every 300 seconds
[2025-11-09T07:36:22.855+0000] {manager.py:737} INFO - Searching for files in /opt/airflow/dags
[2025-11-09T07:36:22.873+0000] {manager.py:740} INFO - There are 1 files in /opt/airflow/dags
[2025-11-09T07:36:23.394+0000] {manager.py:878} INFO - 
================================================================================
DAG File Processing Stats

File Path                             PID    Runtime      # DAGs    # Errors  Last Runtime    Last Run
------------------------------------  -----  ---------  --------  ----------  --------------  -------------------
/opt/airflow/dags/ml_pipeline_dag.py                           1           0  0.31s           2025-11-09T07:36:23
================================================================================
[2025-11-09T07:37:50.874+0000] {manager.py:452} INFO - Exiting gracefully upon receiving signal 15
[2025-11-09T07:37:52.010+0000] {manager.py:470} INFO - Processing files using up to 1 processes at a time 
[2025-11-09T07:37:52.011+0000] {manager.py:471} INFO - Process each file at most once every 30 seconds
[2025-11-09T07:37:52.011+0000] {manager.py:472} INFO - Checking for new files in /opt/airflow/dags every 300 seconds
[2025-11-09T07:37:52.011+0000] {manager.py:737} INFO - Searching for files in /opt/airflow/dags
[2025-11-09T07:37:52.017+0000] {manager.py:740} INFO - There are 1 files in /opt/airflow/dags
[2025-11-09T07:37:52.470+0000] {manager.py:878} INFO - 
================================================================================
DAG File Processing Stats

File Path                             PID    Runtime      # DAGs    # Errors  Last Runtime    Last Run
------------------------------------  -----  ---------  --------  ----------  --------------  -------------------
/opt/airflow/dags/ml_pipeline_dag.py                           1           0  0.33s           2025-11-09T07:37:52
================================================================================
[2025-11-09T07:39:58.510+0000] {manager.py:452} INFO - Exiting gracefully upon receiving signal 15
[2025-11-09T07:40:01.284+0000] {manager.py:470} INFO - Processing files using up to 1 processes at a time 
[2025-11-09T07:40:01.285+0000] {manager.py:471} INFO - Process each file at most once every 30 seconds
[2025-11-09T07:40:01.285+0000] {manager.py:472} INFO - Checking for new files in /opt/airflow/dags every 300 seconds
[2025-11-09T07:40:01.286+0000] {manager.py:737} INFO - Searching for files in /opt/airflow/dags
[2025-11-09T07:40:01.300+0000] {manager.py:740} INFO - There are 1 files in /opt/airflow/dags
[2025-11-09T07:40:02.070+0000] {manager.py:878} INFO - 
================================================================================
DAG File Processing Stats

File Path                             PID    Runtime      # DAGs    # Errors  Last Runtime    Last Run
------------------------------------  -----  ---------  --------  ----------  --------------  -------------------
/opt/airflow/dags/ml_pipeline_dag.py                           1           0  0.56s           2025-11-09T07:40:01
================================================================================
[2025-11-09T07:42:15.092+0000] {manager.py:878} INFO - 
================================================================================
DAG File Processing Stats

File Path                             PID    Runtime      # DAGs    # Errors  Last Runtime    Last Run
------------------------------------  -----  ---------  --------  ----------  --------------  -------------------
/opt/airflow/dags/ml_pipeline_dag.py                           1           0  0.42s           2025-11-09T07:42:15
================================================================================
[2025-11-09T07:44:38.124+0000] {manager.py:878} INFO - 
================================================================================
DAG File Processing Stats

File Path                             PID    Runtime      # DAGs    # Errors  Last Runtime    Last Run
------------------------------------  -----  ---------  --------  ----------  --------------  -------------------
/opt/airflow/dags/ml_pipeline_dag.py                           1           0  0.95s           2025-11-09T07:44:38
================================================================================
[2025-11-09T07:46:24.547+0000] {manager.py:737} INFO - Searching for files in /opt/airflow/dags
[2025-11-09T07:46:24.579+0000] {manager.py:740} INFO - There are 1 files in /opt/airflow/dags
[2025-11-09T07:46:25.656+0000] {manager.py:878} INFO - 
================================================================================
DAG File Processing Stats

File Path                             PID    Runtime      # DAGs    # Errors  Last Runtime    Last Run
------------------------------------  -----  ---------  --------  ----------  --------------  -------------------
/opt/airflow/dags/ml_pipeline_dag.py                           1           0  0.94s           2025-11-09T07:46:25
================================================================================
[2025-11-09T07:48:17.585+0000] {manager.py:878} INFO - 
================================================================================
DAG File Processing Stats

File Path                             PID    Runtime      # DAGs    # Errors  Last Runtime    Last Run
------------------------------------  -----  ---------  --------  ----------  --------------  -------------------
/opt/airflow/dags/ml_pipeline_dag.py                           1           0  1.66s           2025-11-09T07:48:17
================================================================================
[2025-11-09T07:49:44.246+0000] {manager.py:878} INFO - 
================================================================================
DAG File Processing Stats

File Path                             PID    Runtime      # DAGs    # Errors  Last Runtime    Last Run
------------------------------------  -----  ---------  --------  ----------  --------------  -------------------
/opt/airflow/dags/ml_pipeline_dag.py                           1           0  1.96s           2025-11-09T07:49:44
================================================================================
[2025-11-09T07:52:01.563+0000] {manager.py:737} INFO - Searching for files in /opt/airflow/dags
[2025-11-09T07:52:01.832+0000] {manager.py:740} INFO - There are 1 files in /opt/airflow/dags
[2025-11-09T07:52:02.643+0000] {manager.py:878} INFO - 
================================================================================
DAG File Processing Stats

File Path                             PID    Runtime      # DAGs    # Errors  Last Runtime    Last Run
------------------------------------  -----  ---------  --------  ----------  --------------  -------------------
/opt/airflow/dags/ml_pipeline_dag.py                           1           0  0.65s           2025-11-09T07:52:02
================================================================================
[2025-11-09T07:52:38.895+0000] {manager.py:878} INFO - 
================================================================================
DAG File Processing Stats

File Path                             PID    Runtime      # DAGs    # Errors  Last Runtime    Last Run
------------------------------------  -----  ---------  --------  ----------  --------------  -------------------
/opt/airflow/dags/ml_pipeline_dag.py                           1           0  0.42s           2025-11-09T07:52:38
================================================================================
[2025-11-09T07:53:10.079+0000] {manager.py:878} INFO - 
================================================================================
DAG File Processing Stats

File Path                             PID    Runtime      # DAGs    # Errors  Last Runtime    Last Run
------------------------------------  -----  ---------  --------  ----------  --------------  -------------------
/opt/airflow/dags/ml_pipeline_dag.py                           1           0  0.43s           2025-11-09T07:53:10
================================================================================
[2025-11-09T07:53:40.959+0000] {manager.py:878} INFO - 
================================================================================
DAG File Processing Stats

File Path                             PID    Runtime      # DAGs    # Errors  Last Runtime    Last Run
------------------------------------  -----  ---------  --------  ----------  --------------  -------------------
/opt/airflow/dags/ml_pipeline_dag.py                           1           0  0.32s           2025-11-09T07:53:29
================================================================================
[2025-11-09T07:54:11.071+0000] {manager.py:878} INFO - 
================================================================================
DAG File Processing Stats

File Path                             PID    Runtime      # DAGs    # Errors  Last Runtime    Last Run
------------------------------------  -----  ---------  --------  ----------  --------------  -------------------
/opt/airflow/dags/ml_pipeline_dag.py                           1           0  0.44s           2025-11-09T07:54:00
================================================================================
[2025-11-09T07:54:41.391+0000] {manager.py:878} INFO - 
================================================================================
DAG File Processing Stats

File Path                             PID    Runtime      # DAGs    # Errors  Last Runtime    Last Run
------------------------------------  -----  ---------  --------  ----------  --------------  -------------------
/opt/airflow/dags/ml_pipeline_dag.py                           1           0  0.22s           2025-11-09T07:54:31
================================================================================
[2025-11-09T07:55:11.792+0000] {manager.py:878} INFO - 
================================================================================
DAG File Processing Stats

File Path                             PID    Runtime      # DAGs    # Errors  Last Runtime    Last Run
------------------------------------  -----  ---------  --------  ----------  --------------  -------------------
/opt/airflow/dags/ml_pipeline_dag.py                           1           0  0.43s           2025-11-09T07:55:02
================================================================================
[2025-11-09T07:55:42.047+0000] {manager.py:878} INFO - 
================================================================================
DAG File Processing Stats

File Path                             PID    Runtime      # DAGs    # Errors  Last Runtime    Last Run
------------------------------------  -----  ---------  --------  ----------  --------------  -------------------
/opt/airflow/dags/ml_pipeline_dag.py                           1           0  0.24s           2025-11-09T07:55:33
================================================================================
[2025-11-09T07:56:12.465+0000] {manager.py:878} INFO - 
================================================================================
DAG File Processing Stats

File Path                             PID    Runtime      # DAGs    # Errors  Last Runtime    Last Run
------------------------------------  -----  ---------  --------  ----------  --------------  -------------------
/opt/airflow/dags/ml_pipeline_dag.py                           1           0  0.34s           2025-11-09T07:56:04
================================================================================
[2025-11-09T07:56:42.999+0000] {manager.py:878} INFO - 
================================================================================
DAG File Processing Stats

File Path                             PID    Runtime      # DAGs    # Errors  Last Runtime    Last Run
------------------------------------  -----  ---------  --------  ----------  --------------  -------------------
/opt/airflow/dags/ml_pipeline_dag.py                           1           0  0.23s           2025-11-09T07:56:35
================================================================================
[2025-11-09T07:57:01.576+0000] {manager.py:737} INFO - Searching for files in /opt/airflow/dags
[2025-11-09T07:57:01.627+0000] {manager.py:740} INFO - There are 1 files in /opt/airflow/dags
[2025-11-09T07:57:13.875+0000] {manager.py:878} INFO - 
================================================================================
DAG File Processing Stats

File Path                             PID    Runtime      # DAGs    # Errors  Last Runtime    Last Run
------------------------------------  -----  ---------  --------  ----------  --------------  -------------------
/opt/airflow/dags/ml_pipeline_dag.py                           1           0  0.45s           2025-11-09T07:57:06
================================================================================
[2025-11-09T07:57:44.319+0000] {manager.py:878} INFO - 
================================================================================
DAG File Processing Stats

File Path                             PID    Runtime      # DAGs    # Errors  Last Runtime    Last Run
------------------------------------  -----  ---------  --------  ----------  --------------  -------------------
/opt/airflow/dags/ml_pipeline_dag.py                           1           0  0.44s           2025-11-09T07:57:37
================================================================================
[2025-11-09T07:58:14.633+0000] {manager.py:878} INFO - 
================================================================================
DAG File Processing Stats

File Path                             PID    Runtime      # DAGs    # Errors  Last Runtime    Last Run
------------------------------------  -----  ---------  --------  ----------  --------------  -------------------
/opt/airflow/dags/ml_pipeline_dag.py                           1           0  0.88s           2025-11-09T07:58:08
================================================================================
[2025-11-09T07:58:44.658+0000] {manager.py:878} INFO - 
================================================================================
DAG File Processing Stats

File Path                             PID    Runtime      # DAGs    # Errors  Last Runtime    Last Run
------------------------------------  -----  ---------  --------  ----------  --------------  -------------------
/opt/airflow/dags/ml_pipeline_dag.py                           1           0  0.23s           2025-11-09T07:58:39
================================================================================
[2025-11-09T07:59:14.814+0000] {manager.py:878} INFO - 
================================================================================
DAG File Processing Stats

File Path                             PID    Runtime      # DAGs    # Errors  Last Runtime    Last Run
------------------------------------  -----  ---------  --------  ----------  --------------  -------------------
/opt/airflow/dags/ml_pipeline_dag.py                           1           0  0.44s           2025-11-09T07:59:10
================================================================================
[2025-11-09T07:59:45.019+0000] {manager.py:878} INFO - 
================================================================================
DAG File Processing Stats

File Path                             PID    Runtime      # DAGs    # Errors  Last Runtime    Last Run
------------------------------------  -----  ---------  --------  ----------  --------------  -------------------
/opt/airflow/dags/ml_pipeline_dag.py                           1           0  0.36s           2025-11-09T07:59:41
================================================================================
[2025-11-09T08:00:15.104+0000] {manager.py:878} INFO - 
================================================================================
DAG File Processing Stats

File Path                             PID    Runtime      # DAGs    # Errors  Last Runtime    Last Run
------------------------------------  -----  ---------  --------  ----------  --------------  -------------------
/opt/airflow/dags/ml_pipeline_dag.py                           1           0  0.35s           2025-11-09T08:00:11
================================================================================
[2025-11-09T08:00:45.244+0000] {manager.py:878} INFO - 
================================================================================
DAG File Processing Stats

File Path                             PID    Runtime      # DAGs    # Errors  Last Runtime    Last Run
------------------------------------  -----  ---------  --------  ----------  --------------  -------------------
/opt/airflow/dags/ml_pipeline_dag.py                           1           0  0.35s           2025-11-09T08:00:42
================================================================================
[2025-11-09T08:01:15.404+0000] {manager.py:878} INFO - 
================================================================================
DAG File Processing Stats

File Path                             PID    Runtime      # DAGs    # Errors  Last Runtime    Last Run
------------------------------------  -----  ---------  --------  ----------  --------------  -------------------
/opt/airflow/dags/ml_pipeline_dag.py                           1           0  0.34s           2025-11-09T08:01:13
================================================================================
[2025-11-09T08:01:45.539+0000] {manager.py:878} INFO - 
================================================================================
DAG File Processing Stats

File Path                             PID    Runtime      # DAGs    # Errors  Last Runtime    Last Run
------------------------------------  -----  ---------  --------  ----------  --------------  -------------------
/opt/airflow/dags/ml_pipeline_dag.py                           1           0  0.23s           2025-11-09T08:01:43
================================================================================
[2025-11-09T08:02:01.837+0000] {manager.py:737} INFO - Searching for files in /opt/airflow/dags
[2025-11-09T08:02:01.863+0000] {manager.py:740} INFO - There are 1 files in /opt/airflow/dags
[2025-11-09T08:02:16.445+0000] {manager.py:878} INFO - 
================================================================================
DAG File Processing Stats

File Path                             PID    Runtime      # DAGs    # Errors  Last Runtime    Last Run
------------------------------------  -----  ---------  --------  ----------  --------------  -------------------
/opt/airflow/dags/ml_pipeline_dag.py                           1           0  2.65s           2025-11-09T08:02:16
================================================================================
[2025-11-09T08:02:56.041+0000] {manager.py:878} INFO - 
================================================================================
DAG File Processing Stats

File Path                             PID    Runtime      # DAGs    # Errors  Last Runtime    Last Run
------------------------------------  -----  ---------  --------  ----------  --------------  -------------------
/opt/airflow/dags/ml_pipeline_dag.py                           1           0  0.43s           2025-11-09T08:02:56
================================================================================
[2025-11-09T08:03:53.199+0000] {manager.py:878} INFO - 
================================================================================
DAG File Processing Stats

File Path                             PID    Runtime      # DAGs    # Errors  Last Runtime    Last Run
------------------------------------  -----  ---------  --------  ----------  --------------  -------------------
/opt/airflow/dags/ml_pipeline_dag.py                           1           0  0.41s           2025-11-09T08:03:53
================================================================================
[2025-11-09T08:04:24.227+0000] {manager.py:878} INFO - 
================================================================================
DAG File Processing Stats

File Path                             PID    Runtime      # DAGs    # Errors  Last Runtime    Last Run
------------------------------------  -----  ---------  --------  ----------  --------------  -------------------
/opt/airflow/dags/ml_pipeline_dag.py                           1           0  0.34s           2025-11-09T08:04:24
================================================================================
[2025-11-09T08:06:57.990+0000] {manager.py:452} INFO - Exiting gracefully upon receiving signal 15
[2025-11-09T08:06:59.607+0000] {manager.py:470} INFO - Processing files using up to 1 processes at a time 
[2025-11-09T08:06:59.608+0000] {manager.py:471} INFO - Process each file at most once every 30 seconds
[2025-11-09T08:06:59.608+0000] {manager.py:472} INFO - Checking for new files in /opt/airflow/dags every 300 seconds
[2025-11-09T08:06:59.608+0000] {manager.py:737} INFO - Searching for files in /opt/airflow/dags
[2025-11-09T08:06:59.614+0000] {manager.py:740} INFO - There are 1 files in /opt/airflow/dags
[2025-11-09T08:07:00.092+0000] {manager.py:878} INFO - 
================================================================================
DAG File Processing Stats

File Path                             PID    Runtime      # DAGs    # Errors  Last Runtime    Last Run
------------------------------------  -----  ---------  --------  ----------  --------------  -------------------
/opt/airflow/dags/ml_pipeline_dag.py                           1           0  0.31s           2025-11-09T08:07:00
================================================================================
[2025-11-09T08:07:30.981+0000] {manager.py:878} INFO - 
================================================================================
DAG File Processing Stats

File Path                             PID    Runtime      # DAGs    # Errors  Last Runtime    Last Run
------------------------------------  -----  ---------  --------  ----------  --------------  -------------------
/opt/airflow/dags/ml_pipeline_dag.py                           1           0  0.24s           2025-11-09T08:07:30
================================================================================
[2025-11-09T08:08:01.718+0000] {manager.py:878} INFO - 
================================================================================
DAG File Processing Stats

File Path                             PID    Runtime      # DAGs    # Errors  Last Runtime    Last Run
------------------------------------  -----  ---------  --------  ----------  --------------  -------------------
/opt/airflow/dags/ml_pipeline_dag.py                           1           0  0.35s           2025-11-09T08:08:01
================================================================================
[2025-11-09T08:08:32.044+0000] {manager.py:878} INFO - 
================================================================================
DAG File Processing Stats

File Path                             PID    Runtime      # DAGs    # Errors  Last Runtime    Last Run
------------------------------------  -----  ---------  --------  ----------  --------------  -------------------
/opt/airflow/dags/ml_pipeline_dag.py                           1           0  0.23s           2025-11-09T08:08:32
================================================================================
[2025-11-09T08:09:02.488+0000] {manager.py:878} INFO - 
================================================================================
DAG File Processing Stats

File Path                             PID    Runtime      # DAGs    # Errors  Last Runtime    Last Run
------------------------------------  -----  ---------  --------  ----------  --------------  -------------------
/opt/airflow/dags/ml_pipeline_dag.py                           1           0  0.23s           2025-11-09T08:09:02
================================================================================
[2025-11-09T08:09:33.178+0000] {manager.py:878} INFO - 
================================================================================
DAG File Processing Stats

File Path                             PID    Runtime      # DAGs    # Errors  Last Runtime    Last Run
------------------------------------  -----  ---------  --------  ----------  --------------  -------------------
/opt/airflow/dags/ml_pipeline_dag.py                           1           0  0.34s           2025-11-09T08:09:33
================================================================================
[2025-11-09T08:10:03.726+0000] {manager.py:878} INFO - 
================================================================================
DAG File Processing Stats

File Path                             PID    Runtime      # DAGs    # Errors  Last Runtime    Last Run
------------------------------------  -----  ---------  --------  ----------  --------------  -------------------
/opt/airflow/dags/ml_pipeline_dag.py                           1           0  0.33s           2025-11-09T08:10:03
================================================================================
[2025-11-09T08:10:34.497+0000] {manager.py:878} INFO - 
================================================================================
DAG File Processing Stats

File Path                             PID    Runtime      # DAGs    # Errors  Last Runtime    Last Run
------------------------------------  -----  ---------  --------  ----------  --------------  -------------------
/opt/airflow/dags/ml_pipeline_dag.py                           1           0  0.66s           2025-11-09T08:10:34
================================================================================
[2025-11-09T08:11:05.589+0000] {manager.py:878} INFO - 
================================================================================
DAG File Processing Stats

File Path                             PID    Runtime      # DAGs    # Errors  Last Runtime    Last Run
------------------------------------  -----  ---------  --------  ----------  --------------  -------------------
/opt/airflow/dags/ml_pipeline_dag.py                           1           0  0.23s           2025-11-09T08:11:05
================================================================================
[2025-11-09T08:11:36.178+0000] {manager.py:878} INFO - 
================================================================================
DAG File Processing Stats

File Path                             PID    Runtime      # DAGs    # Errors  Last Runtime    Last Run
------------------------------------  -----  ---------  --------  ----------  --------------  -------------------
/opt/airflow/dags/ml_pipeline_dag.py                           1           0  0.34s           2025-11-09T08:11:36
================================================================================
[2025-11-09T08:12:00.705+0000] {manager.py:737} INFO - Searching for files in /opt/airflow/dags
[2025-11-09T08:12:00.712+0000] {manager.py:740} INFO - There are 1 files in /opt/airflow/dags
[2025-11-09T08:12:37.539+0000] {manager.py:878} INFO - 
================================================================================
DAG File Processing Stats

File Path                             PID    Runtime      # DAGs    # Errors  Last Runtime    Last Run
------------------------------------  -----  ---------  --------  ----------  --------------  -------------------
/opt/airflow/dags/ml_pipeline_dag.py                           1           0  0.32s           2025-11-09T08:12:37
================================================================================
[2025-11-09T08:13:08.538+0000] {manager.py:878} INFO - 
================================================================================
DAG File Processing Stats

File Path                             PID    Runtime      # DAGs    # Errors  Last Runtime    Last Run
------------------------------------  -----  ---------  --------  ----------  --------------  -------------------
/opt/airflow/dags/ml_pipeline_dag.py                           1           0  0.24s           2025-11-09T08:13:08
================================================================================
[2025-11-09T08:13:39.674+0000] {manager.py:878} INFO - 
================================================================================
DAG File Processing Stats

File Path                             PID    Runtime      # DAGs    # Errors  Last Runtime    Last Run
------------------------------------  -----  ---------  --------  ----------  --------------  -------------------
/opt/airflow/dags/ml_pipeline_dag.py                           1           0  0.23s           2025-11-09T08:13:39
================================================================================
[2025-11-09T08:14:10.503+0000] {manager.py:878} INFO - 
================================================================================
DAG File Processing Stats

File Path                             PID    Runtime      # DAGs    # Errors  Last Runtime    Last Run
------------------------------------  -----  ---------  --------  ----------  --------------  -------------------
/opt/airflow/dags/ml_pipeline_dag.py                           1           0  0.24s           2025-11-09T08:14:10
================================================================================
[2025-11-09T08:14:40.980+0000] {manager.py:878} INFO - 
================================================================================
DAG File Processing Stats

File Path                             PID    Runtime      # DAGs    # Errors  Last Runtime    Last Run
------------------------------------  -----  ---------  --------  ----------  --------------  -------------------
/opt/airflow/dags/ml_pipeline_dag.py                           1           0  0.33s           2025-11-09T08:14:40
================================================================================
[2025-11-09T08:15:11.485+0000] {manager.py:878} INFO - 
================================================================================
DAG File Processing Stats

File Path                             PID    Runtime      # DAGs    # Errors  Last Runtime    Last Run
------------------------------------  -----  ---------  --------  ----------  --------------  -------------------
/opt/airflow/dags/ml_pipeline_dag.py                           1           0  0.33s           2025-11-09T08:15:11
================================================================================
[2025-11-09T08:15:41.919+0000] {manager.py:878} INFO - 
================================================================================
DAG File Processing Stats

File Path                             PID    Runtime      # DAGs    # Errors  Last Runtime    Last Run
------------------------------------  -----  ---------  --------  ----------  --------------  -------------------
/opt/airflow/dags/ml_pipeline_dag.py                           1           0  0.23s           2025-11-09T08:15:41
================================================================================
[2025-11-09T08:16:12.402+0000] {manager.py:878} INFO - 
================================================================================
DAG File Processing Stats

File Path                             PID    Runtime      # DAGs    # Errors  Last Runtime    Last Run
------------------------------------  -----  ---------  --------  ----------  --------------  -------------------
/opt/airflow/dags/ml_pipeline_dag.py                           1           0  0.34s           2025-11-09T08:16:12
================================================================================
[2025-11-09T08:16:43.126+0000] {manager.py:878} INFO - 
================================================================================
DAG File Processing Stats

File Path                             PID    Runtime      # DAGs    # Errors  Last Runtime    Last Run
------------------------------------  -----  ---------  --------  ----------  --------------  -------------------
/opt/airflow/dags/ml_pipeline_dag.py                           1           0  0.45s           2025-11-09T08:16:43
================================================================================
[2025-11-09T08:17:00.932+0000] {manager.py:737} INFO - Searching for files in /opt/airflow/dags
[2025-11-09T08:17:00.947+0000] {manager.py:740} INFO - There are 1 files in /opt/airflow/dags
[2025-11-09T08:17:13.707+0000] {manager.py:878} INFO - 
================================================================================
DAG File Processing Stats

File Path                             PID    Runtime      # DAGs    # Errors  Last Runtime    Last Run
------------------------------------  -----  ---------  --------  ----------  --------------  -------------------
/opt/airflow/dags/ml_pipeline_dag.py                           1           0  0.34s           2025-11-09T08:17:13
================================================================================
[2025-11-09T08:17:44.190+0000] {manager.py:878} INFO - 
================================================================================
DAG File Processing Stats

File Path                             PID    Runtime      # DAGs    # Errors  Last Runtime    Last Run
------------------------------------  -----  ---------  --------  ----------  --------------  -------------------
/opt/airflow/dags/ml_pipeline_dag.py                           1           0  0.24s           2025-11-09T08:17:44
================================================================================
[2025-11-09T08:18:14.585+0000] {manager.py:878} INFO - 
================================================================================
DAG File Processing Stats

File Path                             PID    Runtime      # DAGs    # Errors  Last Runtime    Last Run
------------------------------------  -----  ---------  --------  ----------  --------------  -------------------
/opt/airflow/dags/ml_pipeline_dag.py                           1           0  0.22s           2025-11-09T08:18:14
================================================================================
[2025-11-09T08:18:45.106+0000] {manager.py:878} INFO - 
================================================================================
DAG File Processing Stats

File Path                             PID    Runtime      # DAGs    # Errors  Last Runtime    Last Run
------------------------------------  -----  ---------  --------  ----------  --------------  -------------------
/opt/airflow/dags/ml_pipeline_dag.py                           1           0  0.35s           2025-11-09T08:18:45
================================================================================
[2025-11-09T08:19:15.497+0000] {manager.py:878} INFO - 
================================================================================
DAG File Processing Stats

File Path                             PID    Runtime      # DAGs    # Errors  Last Runtime    Last Run
------------------------------------  -----  ---------  --------  ----------  --------------  -------------------
/opt/airflow/dags/ml_pipeline_dag.py                           1           0  0.23s           2025-11-09T08:19:15
================================================================================
[2025-11-09T08:19:45.934+0000] {manager.py:878} INFO - 
================================================================================
DAG File Processing Stats

File Path                             PID    Runtime      # DAGs    # Errors  Last Runtime    Last Run
------------------------------------  -----  ---------  --------  ----------  --------------  -------------------
/opt/airflow/dags/ml_pipeline_dag.py                           1           0  0.24s           2025-11-09T08:19:45
================================================================================
[2025-11-09T08:20:16.427+0000] {manager.py:878} INFO - 
================================================================================
DAG File Processing Stats

File Path                             PID    Runtime      # DAGs    # Errors  Last Runtime    Last Run
------------------------------------  -----  ---------  --------  ----------  --------------  -------------------
/opt/airflow/dags/ml_pipeline_dag.py                           1           0  0.34s           2025-11-09T08:20:16
================================================================================
[2025-11-09T08:20:46.858+0000] {manager.py:878} INFO - 
================================================================================
DAG File Processing Stats

File Path                             PID    Runtime      # DAGs    # Errors  Last Runtime    Last Run
------------------------------------  -----  ---------  --------  ----------  --------------  -------------------
/opt/airflow/dags/ml_pipeline_dag.py                           1           0  0.23s           2025-11-09T08:20:46
================================================================================
[2025-11-09T08:21:17.299+0000] {manager.py:878} INFO - 
================================================================================
DAG File Processing Stats

File Path                             PID    Runtime      # DAGs    # Errors  Last Runtime    Last Run
------------------------------------  -----  ---------  --------  ----------  --------------  -------------------
/opt/airflow/dags/ml_pipeline_dag.py                           1           0  0.23s           2025-11-09T08:21:17
================================================================================
[2025-11-09T08:21:47.676+0000] {manager.py:878} INFO - 
================================================================================
DAG File Processing Stats

File Path                             PID    Runtime      # DAGs    # Errors  Last Runtime    Last Run
------------------------------------  -----  ---------  --------  ----------  --------------  -------------------
/opt/airflow/dags/ml_pipeline_dag.py                           1           0  0.23s           2025-11-09T08:21:47
================================================================================
[2025-11-09T08:22:01.190+0000] {manager.py:737} INFO - Searching for files in /opt/airflow/dags
[2025-11-09T08:22:01.195+0000] {manager.py:740} INFO - There are 1 files in /opt/airflow/dags
[2025-11-09T08:22:18.094+0000] {manager.py:878} INFO - 
================================================================================
DAG File Processing Stats

File Path                             PID    Runtime      # DAGs    # Errors  Last Runtime    Last Run
------------------------------------  -----  ---------  --------  ----------  --------------  -------------------
/opt/airflow/dags/ml_pipeline_dag.py                           1           0  0.24s           2025-11-09T08:22:18
================================================================================
[2025-11-09T08:22:48.525+0000] {manager.py:878} INFO - 
================================================================================
DAG File Processing Stats

File Path                             PID    Runtime      # DAGs    # Errors  Last Runtime    Last Run
------------------------------------  -----  ---------  --------  ----------  --------------  -------------------
/opt/airflow/dags/ml_pipeline_dag.py                           1           0  0.24s           2025-11-09T08:22:48
================================================================================
[2025-11-09T08:23:19.061+0000] {manager.py:878} INFO - 
================================================================================
DAG File Processing Stats

File Path                             PID    Runtime      # DAGs    # Errors  Last Runtime    Last Run
------------------------------------  -----  ---------  --------  ----------  --------------  -------------------
/opt/airflow/dags/ml_pipeline_dag.py                           1           0  0.23s           2025-11-09T08:23:19
================================================================================
[2025-11-09T08:23:49.422+0000] {manager.py:878} INFO - 
================================================================================
DAG File Processing Stats

File Path                             PID    Runtime      # DAGs    # Errors  Last Runtime    Last Run
------------------------------------  -----  ---------  --------  ----------  --------------  -------------------
/opt/airflow/dags/ml_pipeline_dag.py                           1           0  0.23s           2025-11-09T08:23:49
================================================================================
[2025-11-09T08:24:19.813+0000] {manager.py:878} INFO - 
================================================================================
DAG File Processing Stats

File Path                             PID    Runtime      # DAGs    # Errors  Last Runtime    Last Run
------------------------------------  -----  ---------  --------  ----------  --------------  -------------------
/opt/airflow/dags/ml_pipeline_dag.py                           1           0  0.22s           2025-11-09T08:24:19
================================================================================
[2025-11-09T08:24:50.215+0000] {manager.py:878} INFO - 
================================================================================
DAG File Processing Stats

File Path                             PID    Runtime      # DAGs    # Errors  Last Runtime    Last Run
------------------------------------  -----  ---------  --------  ----------  --------------  -------------------
/opt/airflow/dags/ml_pipeline_dag.py                           1           0  0.24s           2025-11-09T08:24:50
================================================================================
[2025-11-09T08:25:20.647+0000] {manager.py:878} INFO - 
================================================================================
DAG File Processing Stats

File Path                             PID    Runtime      # DAGs    # Errors  Last Runtime    Last Run
------------------------------------  -----  ---------  --------  ----------  --------------  -------------------
/opt/airflow/dags/ml_pipeline_dag.py                           1           0  0.23s           2025-11-09T08:25:20
================================================================================
[2025-11-09T08:25:51.047+0000] {manager.py:878} INFO - 
================================================================================
DAG File Processing Stats

File Path                             PID    Runtime      # DAGs    # Errors  Last Runtime    Last Run
------------------------------------  -----  ---------  --------  ----------  --------------  -------------------
/opt/airflow/dags/ml_pipeline_dag.py                           1           0  0.22s           2025-11-09T08:25:51
================================================================================
[2025-11-09T08:26:21.443+0000] {manager.py:878} INFO - 
================================================================================
DAG File Processing Stats

File Path                             PID    Runtime      # DAGs    # Errors  Last Runtime    Last Run
------------------------------------  -----  ---------  --------  ----------  --------------  -------------------
/opt/airflow/dags/ml_pipeline_dag.py                           1           0  0.22s           2025-11-09T08:26:21
================================================================================
[2025-11-09T08:26:51.856+0000] {manager.py:878} INFO - 
================================================================================
DAG File Processing Stats

File Path                             PID    Runtime      # DAGs    # Errors  Last Runtime    Last Run
------------------------------------  -----  ---------  --------  ----------  --------------  -------------------
/opt/airflow/dags/ml_pipeline_dag.py                           1           0  0.22s           2025-11-09T08:26:51
================================================================================
[2025-11-09T08:27:01.428+0000] {manager.py:737} INFO - Searching for files in /opt/airflow/dags
[2025-11-09T08:27:01.440+0000] {manager.py:740} INFO - There are 1 files in /opt/airflow/dags
[2025-11-09T08:27:22.316+0000] {manager.py:878} INFO - 
================================================================================
DAG File Processing Stats

File Path                             PID    Runtime      # DAGs    # Errors  Last Runtime    Last Run
------------------------------------  -----  ---------  --------  ----------  --------------  -------------------
/opt/airflow/dags/ml_pipeline_dag.py                           1           0  0.24s           2025-11-09T08:27:22
================================================================================
[2025-11-09T08:27:52.805+0000] {manager.py:878} INFO - 
================================================================================
DAG File Processing Stats

File Path                             PID    Runtime      # DAGs    # Errors  Last Runtime    Last Run
------------------------------------  -----  ---------  --------  ----------  --------------  -------------------
/opt/airflow/dags/ml_pipeline_dag.py                           1           0  0.23s           2025-11-09T08:27:52
================================================================================
[2025-11-09T08:28:23.204+0000] {manager.py:878} INFO - 
================================================================================
DAG File Processing Stats

File Path                             PID    Runtime      # DAGs    # Errors  Last Runtime    Last Run
------------------------------------  -----  ---------  --------  ----------  --------------  -------------------
/opt/airflow/dags/ml_pipeline_dag.py                           1           0  0.22s           2025-11-09T08:28:23
================================================================================
[2025-11-09T08:28:53.637+0000] {manager.py:878} INFO - 
================================================================================
DAG File Processing Stats

File Path                             PID    Runtime      # DAGs    # Errors  Last Runtime    Last Run
------------------------------------  -----  ---------  --------  ----------  --------------  -------------------
/opt/airflow/dags/ml_pipeline_dag.py                           1           0  0.23s           2025-11-09T08:28:53
================================================================================
[2025-11-09T08:29:24.044+0000] {manager.py:878} INFO - 
================================================================================
DAG File Processing Stats

File Path                             PID    Runtime      # DAGs    # Errors  Last Runtime    Last Run
------------------------------------  -----  ---------  --------  ----------  --------------  -------------------
/opt/airflow/dags/ml_pipeline_dag.py                           1           0  0.24s           2025-11-09T08:29:24
================================================================================
[2025-11-09T08:29:54.473+0000] {manager.py:878} INFO - 
================================================================================
DAG File Processing Stats

File Path                             PID    Runtime      # DAGs    # Errors  Last Runtime    Last Run
------------------------------------  -----  ---------  --------  ----------  --------------  -------------------
/opt/airflow/dags/ml_pipeline_dag.py                           1           0  0.23s           2025-11-09T08:29:54
================================================================================
[2025-11-09T08:30:25.044+0000] {manager.py:878} INFO - 
================================================================================
DAG File Processing Stats

File Path                             PID    Runtime      # DAGs    # Errors  Last Runtime    Last Run
------------------------------------  -----  ---------  --------  ----------  --------------  -------------------
/opt/airflow/dags/ml_pipeline_dag.py                           1           0  0.34s           2025-11-09T08:30:25
================================================================================
[2025-11-09T08:30:55.525+0000] {manager.py:878} INFO - 
================================================================================
DAG File Processing Stats

File Path                             PID    Runtime      # DAGs    # Errors  Last Runtime    Last Run
------------------------------------  -----  ---------  --------  ----------  --------------  -------------------
/opt/airflow/dags/ml_pipeline_dag.py                           1           0  0.24s           2025-11-09T08:30:55
================================================================================
[2025-11-09T08:31:26.016+0000] {manager.py:878} INFO - 
================================================================================
DAG File Processing Stats

File Path                             PID    Runtime      # DAGs    # Errors  Last Runtime    Last Run
------------------------------------  -----  ---------  --------  ----------  --------------  -------------------
/opt/airflow/dags/ml_pipeline_dag.py                           1           0  0.25s           2025-11-09T08:31:26
================================================================================
[2025-11-09T08:32:00.774+0000] {manager.py:878} INFO - 
================================================================================
DAG File Processing Stats

File Path                             PID    Runtime      # DAGs    # Errors  Last Runtime    Last Run
------------------------------------  -----  ---------  --------  ----------  --------------  -------------------
/opt/airflow/dags/ml_pipeline_dag.py                           1           0  0.56s           2025-11-09T08:32:00
================================================================================
[2025-11-09T08:32:01.855+0000] {manager.py:737} INFO - Searching for files in /opt/airflow/dags
[2025-11-09T08:32:01.859+0000] {manager.py:740} INFO - There are 1 files in /opt/airflow/dags
[2025-11-09T08:32:31.709+0000] {manager.py:878} INFO - 
================================================================================
DAG File Processing Stats

File Path                             PID    Runtime      # DAGs    # Errors  Last Runtime    Last Run
------------------------------------  -----  ---------  --------  ----------  --------------  -------------------
/opt/airflow/dags/ml_pipeline_dag.py                           1           0  0.23s           2025-11-09T08:32:31
================================================================================
[2025-11-09T08:33:02.152+0000] {manager.py:878} INFO - 
================================================================================
DAG File Processing Stats

File Path                             PID    Runtime      # DAGs    # Errors  Last Runtime    Last Run
------------------------------------  -----  ---------  --------  ----------  --------------  -------------------
/opt/airflow/dags/ml_pipeline_dag.py                           1           0  0.24s           2025-11-09T08:33:02
================================================================================
[2025-11-09T08:33:32.645+0000] {manager.py:878} INFO - 
================================================================================
DAG File Processing Stats

File Path                             PID    Runtime      # DAGs    # Errors  Last Runtime    Last Run
------------------------------------  -----  ---------  --------  ----------  --------------  -------------------
/opt/airflow/dags/ml_pipeline_dag.py                           1           0  0.23s           2025-11-09T08:33:32
================================================================================
[2025-11-09T08:34:03.254+0000] {manager.py:878} INFO - 
================================================================================
DAG File Processing Stats

File Path                             PID    Runtime      # DAGs    # Errors  Last Runtime    Last Run
------------------------------------  -----  ---------  --------  ----------  --------------  -------------------
/opt/airflow/dags/ml_pipeline_dag.py                           1           0  0.22s           2025-11-09T08:34:03
================================================================================
[2025-11-09T08:34:34.489+0000] {manager.py:878} INFO - 
================================================================================
DAG File Processing Stats

File Path                             PID    Runtime      # DAGs    # Errors  Last Runtime    Last Run
------------------------------------  -----  ---------  --------  ----------  --------------  -------------------
/opt/airflow/dags/ml_pipeline_dag.py                           1           0  0.23s           2025-11-09T08:34:34
================================================================================
[2025-11-09T08:35:04.779+0000] {manager.py:878} INFO - 
================================================================================
DAG File Processing Stats

File Path                             PID    Runtime      # DAGs    # Errors  Last Runtime    Last Run
------------------------------------  -----  ---------  --------  ----------  --------------  -------------------
/opt/airflow/dags/ml_pipeline_dag.py                           1           0  0.24s           2025-11-09T08:35:04
================================================================================
[2025-11-09T08:35:35.188+0000] {manager.py:878} INFO - 
================================================================================
DAG File Processing Stats

File Path                             PID    Runtime      # DAGs    # Errors  Last Runtime    Last Run
------------------------------------  -----  ---------  --------  ----------  --------------  -------------------
/opt/airflow/dags/ml_pipeline_dag.py                           1           0  0.23s           2025-11-09T08:35:35
================================================================================
[2025-11-09T08:36:05.513+0000] {manager.py:878} INFO - 
================================================================================
DAG File Processing Stats

File Path                             PID    Runtime      # DAGs    # Errors  Last Runtime    Last Run
------------------------------------  -----  ---------  --------  ----------  --------------  -------------------
/opt/airflow/dags/ml_pipeline_dag.py                           1           0  0.22s           2025-11-09T08:36:05
================================================================================
[2025-11-09T08:36:35.933+0000] {manager.py:878} INFO - 
================================================================================
DAG File Processing Stats

File Path                             PID    Runtime      # DAGs    # Errors  Last Runtime    Last Run
------------------------------------  -----  ---------  --------  ----------  --------------  -------------------
/opt/airflow/dags/ml_pipeline_dag.py                           1           0  0.23s           2025-11-09T08:36:35
================================================================================
[2025-11-09T08:37:02.141+0000] {manager.py:737} INFO - Searching for files in /opt/airflow/dags
[2025-11-09T08:37:02.157+0000] {manager.py:740} INFO - There are 1 files in /opt/airflow/dags
[2025-11-09T08:37:06.322+0000] {manager.py:878} INFO - 
================================================================================
DAG File Processing Stats

File Path                             PID    Runtime      # DAGs    # Errors  Last Runtime    Last Run
------------------------------------  -----  ---------  --------  ----------  --------------  -------------------
/opt/airflow/dags/ml_pipeline_dag.py                           1           0  0.24s           2025-11-09T08:37:06
================================================================================
[2025-11-09T08:37:36.645+0000] {manager.py:878} INFO - 
================================================================================
DAG File Processing Stats

File Path                             PID    Runtime      # DAGs    # Errors  Last Runtime    Last Run
------------------------------------  -----  ---------  --------  ----------  --------------  -------------------
/opt/airflow/dags/ml_pipeline_dag.py                           1           0  0.22s           2025-11-09T08:37:36
================================================================================
[2025-11-09T08:38:09.698+0000] {manager.py:878} INFO - 
================================================================================
DAG File Processing Stats

File Path                             PID    Runtime      # DAGs    # Errors  Last Runtime    Last Run
------------------------------------  -----  ---------  --------  ----------  --------------  -------------------
/opt/airflow/dags/ml_pipeline_dag.py                           1           0  2.45s           2025-11-09T08:38:09
================================================================================
[2025-11-09T08:38:40.515+0000] {manager.py:878} INFO - 
================================================================================
DAG File Processing Stats

File Path                             PID    Runtime      # DAGs    # Errors  Last Runtime    Last Run
------------------------------------  -----  ---------  --------  ----------  --------------  -------------------
/opt/airflow/dags/ml_pipeline_dag.py                           1           0  0.34s           2025-11-09T08:38:40
================================================================================
[2025-11-09T08:39:11.292+0000] {manager.py:878} INFO - 
================================================================================
DAG File Processing Stats

File Path                             PID    Runtime      # DAGs    # Errors  Last Runtime    Last Run
------------------------------------  -----  ---------  --------  ----------  --------------  -------------------
/opt/airflow/dags/ml_pipeline_dag.py                           1           0  0.33s           2025-11-09T08:39:11
================================================================================
[2025-11-09T08:39:41.939+0000] {manager.py:878} INFO - 
================================================================================
DAG File Processing Stats

File Path                             PID    Runtime      # DAGs    # Errors  Last Runtime    Last Run
------------------------------------  -----  ---------  --------  ----------  --------------  -------------------
/opt/airflow/dags/ml_pipeline_dag.py                           1           0  0.23s           2025-11-09T08:39:41
================================================================================
[2025-11-09T08:40:12.427+0000] {manager.py:878} INFO - 
================================================================================
DAG File Processing Stats

File Path                             PID    Runtime      # DAGs    # Errors  Last Runtime    Last Run
------------------------------------  -----  ---------  --------  ----------  --------------  -------------------
/opt/airflow/dags/ml_pipeline_dag.py                           1           0  0.33s           2025-11-09T08:40:12
================================================================================
[2025-11-09T08:40:42.879+0000] {manager.py:878} INFO - 
================================================================================
DAG File Processing Stats

File Path                             PID    Runtime      # DAGs    # Errors  Last Runtime    Last Run
------------------------------------  -----  ---------  --------  ----------  --------------  -------------------
/opt/airflow/dags/ml_pipeline_dag.py                           1           0  0.23s           2025-11-09T08:40:42
================================================================================
[2025-11-09T08:41:13.409+0000] {manager.py:878} INFO - 
================================================================================
DAG File Processing Stats

File Path                             PID    Runtime      # DAGs    # Errors  Last Runtime    Last Run
------------------------------------  -----  ---------  --------  ----------  --------------  -------------------
/opt/airflow/dags/ml_pipeline_dag.py                           1           0  0.33s           2025-11-09T08:41:13
================================================================================
[2025-11-09T08:41:43.999+0000] {manager.py:878} INFO - 
================================================================================
DAG File Processing Stats

File Path                             PID    Runtime      # DAGs    # Errors  Last Runtime    Last Run
------------------------------------  -----  ---------  --------  ----------  --------------  -------------------
/opt/airflow/dags/ml_pipeline_dag.py                           1           0  0.32s           2025-11-09T08:41:43
================================================================================
[2025-11-09T08:42:02.717+0000] {manager.py:737} INFO - Searching for files in /opt/airflow/dags
[2025-11-09T08:42:02.727+0000] {manager.py:740} INFO - There are 1 files in /opt/airflow/dags
[2025-11-09T08:42:14.402+0000] {manager.py:878} INFO - 
================================================================================
DAG File Processing Stats

File Path                             PID    Runtime      # DAGs    # Errors  Last Runtime    Last Run
------------------------------------  -----  ---------  --------  ----------  --------------  -------------------
/opt/airflow/dags/ml_pipeline_dag.py                           1           0  0.23s           2025-11-09T08:42:14
================================================================================
[2025-11-09T08:42:44.796+0000] {manager.py:878} INFO - 
================================================================================
DAG File Processing Stats

File Path                             PID    Runtime      # DAGs    # Errors  Last Runtime    Last Run
------------------------------------  -----  ---------  --------  ----------  --------------  -------------------
/opt/airflow/dags/ml_pipeline_dag.py                           1           0  0.23s           2025-11-09T08:42:44
================================================================================
[2025-11-09T08:43:15.223+0000] {manager.py:878} INFO - 
================================================================================
DAG File Processing Stats

File Path                             PID    Runtime      # DAGs    # Errors  Last Runtime    Last Run
------------------------------------  -----  ---------  --------  ----------  --------------  -------------------
/opt/airflow/dags/ml_pipeline_dag.py                           1           0  0.25s           2025-11-09T08:43:15
================================================================================
[2025-11-09T08:43:45.695+0000] {manager.py:878} INFO - 
================================================================================
DAG File Processing Stats

File Path                             PID    Runtime      # DAGs    # Errors  Last Runtime    Last Run
------------------------------------  -----  ---------  --------  ----------  --------------  -------------------
/opt/airflow/dags/ml_pipeline_dag.py                           1           0  0.22s           2025-11-09T08:43:45
================================================================================
[2025-11-09T08:44:16.151+0000] {manager.py:878} INFO - 
================================================================================
DAG File Processing Stats

File Path                             PID    Runtime      # DAGs    # Errors  Last Runtime    Last Run
------------------------------------  -----  ---------  --------  ----------  --------------  -------------------
/opt/airflow/dags/ml_pipeline_dag.py                           1           0  0.22s           2025-11-09T08:44:16
================================================================================
[2025-11-09T08:44:46.574+0000] {manager.py:878} INFO - 
================================================================================
DAG File Processing Stats

File Path                             PID    Runtime      # DAGs    # Errors  Last Runtime    Last Run
------------------------------------  -----  ---------  --------  ----------  --------------  -------------------
/opt/airflow/dags/ml_pipeline_dag.py                           1           0  0.22s           2025-11-09T08:44:46
================================================================================
[2025-11-09T08:45:17.127+0000] {manager.py:878} INFO - 
================================================================================
DAG File Processing Stats

File Path                             PID    Runtime      # DAGs    # Errors  Last Runtime    Last Run
------------------------------------  -----  ---------  --------  ----------  --------------  -------------------
/opt/airflow/dags/ml_pipeline_dag.py                           1           0  0.33s           2025-11-09T08:45:17
================================================================================
[2025-11-09T08:45:47.601+0000] {manager.py:878} INFO - 
================================================================================
DAG File Processing Stats

File Path                             PID    Runtime      # DAGs    # Errors  Last Runtime    Last Run
------------------------------------  -----  ---------  --------  ----------  --------------  -------------------
/opt/airflow/dags/ml_pipeline_dag.py                           1           0  0.22s           2025-11-09T08:45:47
================================================================================
[2025-11-09T08:46:18.177+0000] {manager.py:878} INFO - 
================================================================================
DAG File Processing Stats

File Path                             PID    Runtime      # DAGs    # Errors  Last Runtime    Last Run
------------------------------------  -----  ---------  --------  ----------  --------------  -------------------
/opt/airflow/dags/ml_pipeline_dag.py                           1           0  0.32s           2025-11-09T08:46:18
================================================================================
[2025-11-09T08:46:48.582+0000] {manager.py:878} INFO - 
================================================================================
DAG File Processing Stats

File Path                             PID    Runtime      # DAGs    # Errors  Last Runtime    Last Run
------------------------------------  -----  ---------  --------  ----------  --------------  -------------------
/opt/airflow/dags/ml_pipeline_dag.py                           1           0  0.23s           2025-11-09T08:46:48
================================================================================
[2025-11-09T08:47:03.659+0000] {manager.py:737} INFO - Searching for files in /opt/airflow/dags
[2025-11-09T08:47:03.669+0000] {manager.py:740} INFO - There are 1 files in /opt/airflow/dags
[2025-11-09T08:47:19.019+0000] {manager.py:878} INFO - 
================================================================================
DAG File Processing Stats

File Path                             PID    Runtime      # DAGs    # Errors  Last Runtime    Last Run
------------------------------------  -----  ---------  --------  ----------  --------------  -------------------
/opt/airflow/dags/ml_pipeline_dag.py                           1           0  0.24s           2025-11-09T08:47:19
================================================================================
[2025-11-09T08:47:49.393+0000] {manager.py:878} INFO - 
================================================================================
DAG File Processing Stats

File Path                             PID    Runtime      # DAGs    # Errors  Last Runtime    Last Run
------------------------------------  -----  ---------  --------  ----------  --------------  -------------------
/opt/airflow/dags/ml_pipeline_dag.py                           1           0  0.23s           2025-11-09T08:47:49
================================================================================
[2025-11-09T08:48:19.783+0000] {manager.py:878} INFO - 
================================================================================
DAG File Processing Stats

File Path                             PID    Runtime      # DAGs    # Errors  Last Runtime    Last Run
------------------------------------  -----  ---------  --------  ----------  --------------  -------------------
/opt/airflow/dags/ml_pipeline_dag.py                           1           0  0.23s           2025-11-09T08:48:19
================================================================================
[2025-11-09T08:48:50.121+0000] {manager.py:878} INFO - 
================================================================================
DAG File Processing Stats

File Path                             PID    Runtime      # DAGs    # Errors  Last Runtime    Last Run
------------------------------------  -----  ---------  --------  ----------  --------------  -------------------
/opt/airflow/dags/ml_pipeline_dag.py                           1           0  0.24s           2025-11-09T08:48:50
================================================================================
[2025-11-09T08:49:20.838+0000] {manager.py:878} INFO - 
================================================================================
DAG File Processing Stats

File Path                             PID    Runtime      # DAGs    # Errors  Last Runtime    Last Run
------------------------------------  -----  ---------  --------  ----------  --------------  -------------------
/opt/airflow/dags/ml_pipeline_dag.py                           1           0  0.55s           2025-11-09T08:49:20
================================================================================
[2025-11-09T08:49:51.200+0000] {manager.py:878} INFO - 
================================================================================
DAG File Processing Stats

File Path                             PID    Runtime      # DAGs    # Errors  Last Runtime    Last Run
------------------------------------  -----  ---------  --------  ----------  --------------  -------------------
/opt/airflow/dags/ml_pipeline_dag.py                           1           0  0.23s           2025-11-09T08:49:51
================================================================================
[2025-11-09T08:50:21.534+0000] {manager.py:878} INFO - 
================================================================================
DAG File Processing Stats

File Path                             PID    Runtime      # DAGs    # Errors  Last Runtime    Last Run
------------------------------------  -----  ---------  --------  ----------  --------------  -------------------
/opt/airflow/dags/ml_pipeline_dag.py                           1           0  0.22s           2025-11-09T08:50:21
================================================================================
[2025-11-09T08:50:51.968+0000] {manager.py:878} INFO - 
================================================================================
DAG File Processing Stats

File Path                             PID    Runtime      # DAGs    # Errors  Last Runtime    Last Run
------------------------------------  -----  ---------  --------  ----------  --------------  -------------------
/opt/airflow/dags/ml_pipeline_dag.py                           1           0  0.33s           2025-11-09T08:50:51
================================================================================
[2025-11-09T08:51:22.522+0000] {manager.py:878} INFO - 
================================================================================
DAG File Processing Stats

File Path                             PID    Runtime      # DAGs    # Errors  Last Runtime    Last Run
------------------------------------  -----  ---------  --------  ----------  --------------  -------------------
/opt/airflow/dags/ml_pipeline_dag.py                           1           0  0.34s           2025-11-09T08:51:22
================================================================================
[2025-11-09T08:51:52.950+0000] {manager.py:878} INFO - 
================================================================================
DAG File Processing Stats

File Path                             PID    Runtime      # DAGs    # Errors  Last Runtime    Last Run
------------------------------------  -----  ---------  --------  ----------  --------------  -------------------
/opt/airflow/dags/ml_pipeline_dag.py                           1           0  0.24s           2025-11-09T08:51:52
================================================================================
[2025-11-09T08:52:04.435+0000] {manager.py:737} INFO - Searching for files in /opt/airflow/dags
[2025-11-09T08:52:04.451+0000] {manager.py:740} INFO - There are 1 files in /opt/airflow/dags
[2025-11-09T08:52:23.326+0000] {manager.py:878} INFO - 
================================================================================
DAG File Processing Stats

File Path                             PID    Runtime      # DAGs    # Errors  Last Runtime    Last Run
------------------------------------  -----  ---------  --------  ----------  --------------  -------------------
/opt/airflow/dags/ml_pipeline_dag.py                           1           0  0.24s           2025-11-09T08:52:23
================================================================================
[2025-11-09T08:52:53.736+0000] {manager.py:878} INFO - 
================================================================================
DAG File Processing Stats

File Path                             PID    Runtime      # DAGs    # Errors  Last Runtime    Last Run
------------------------------------  -----  ---------  --------  ----------  --------------  -------------------
/opt/airflow/dags/ml_pipeline_dag.py                           1           0  0.24s           2025-11-09T08:52:53
================================================================================
[2025-11-09T08:53:25.256+0000] {manager.py:878} INFO - 
================================================================================
DAG File Processing Stats

File Path                             PID    Runtime      # DAGs    # Errors  Last Runtime    Last Run
------------------------------------  -----  ---------  --------  ----------  --------------  -------------------
/opt/airflow/dags/ml_pipeline_dag.py                           1           0  1.42s           2025-11-09T08:53:25
================================================================================
[2025-11-09T08:53:55.782+0000] {manager.py:878} INFO - 
================================================================================
DAG File Processing Stats

File Path                             PID    Runtime      # DAGs    # Errors  Last Runtime    Last Run
------------------------------------  -----  ---------  --------  ----------  --------------  -------------------
/opt/airflow/dags/ml_pipeline_dag.py                           1           0  0.35s           2025-11-09T08:53:55
================================================================================
[2025-11-09T08:54:26.163+0000] {manager.py:878} INFO - 
================================================================================
DAG File Processing Stats

File Path                             PID    Runtime      # DAGs    # Errors  Last Runtime    Last Run
------------------------------------  -----  ---------  --------  ----------  --------------  -------------------
/opt/airflow/dags/ml_pipeline_dag.py                           1           0  0.24s           2025-11-09T08:54:26
================================================================================
[2025-11-09T08:54:56.608+0000] {manager.py:878} INFO - 
================================================================================
DAG File Processing Stats

File Path                             PID    Runtime      # DAGs    # Errors  Last Runtime    Last Run
------------------------------------  -----  ---------  --------  ----------  --------------  -------------------
/opt/airflow/dags/ml_pipeline_dag.py                           1           0  0.34s           2025-11-09T08:54:56
================================================================================
[2025-11-09T08:55:27.227+0000] {manager.py:878} INFO - 
================================================================================
DAG File Processing Stats

File Path                             PID    Runtime      # DAGs    # Errors  Last Runtime    Last Run
------------------------------------  -----  ---------  --------  ----------  --------------  -------------------
/opt/airflow/dags/ml_pipeline_dag.py                           1           0  0.46s           2025-11-09T08:55:27
================================================================================
[2025-11-09T08:55:57.733+0000] {manager.py:878} INFO - 
================================================================================
DAG File Processing Stats

File Path                             PID    Runtime      # DAGs    # Errors  Last Runtime    Last Run
------------------------------------  -----  ---------  --------  ----------  --------------  -------------------
/opt/airflow/dags/ml_pipeline_dag.py                           1           0  0.33s           2025-11-09T08:55:57
================================================================================
[2025-11-09T08:56:28.214+0000] {manager.py:878} INFO - 
================================================================================
DAG File Processing Stats

File Path                             PID    Runtime      # DAGs    # Errors  Last Runtime    Last Run
------------------------------------  -----  ---------  --------  ----------  --------------  -------------------
/opt/airflow/dags/ml_pipeline_dag.py                           1           0  0.34s           2025-11-09T08:56:28
================================================================================
[2025-11-09T08:56:58.591+0000] {manager.py:878} INFO - 
================================================================================
DAG File Processing Stats

File Path                             PID    Runtime      # DAGs    # Errors  Last Runtime    Last Run
------------------------------------  -----  ---------  --------  ----------  --------------  -------------------
/opt/airflow/dags/ml_pipeline_dag.py                           1           0  0.23s           2025-11-09T08:56:58
================================================================================
[2025-11-09T08:57:04.732+0000] {manager.py:737} INFO - Searching for files in /opt/airflow/dags
[2025-11-09T08:57:04.744+0000] {manager.py:740} INFO - There are 1 files in /opt/airflow/dags
[2025-11-09T08:57:29.316+0000] {manager.py:878} INFO - 
================================================================================
DAG File Processing Stats

File Path                             PID    Runtime      # DAGs    # Errors  Last Runtime    Last Run
------------------------------------  -----  ---------  --------  ----------  --------------  -------------------
/opt/airflow/dags/ml_pipeline_dag.py                           1           0  0.55s           2025-11-09T08:57:29
================================================================================
[2025-11-09T08:57:59.710+0000] {manager.py:878} INFO - 
================================================================================
DAG File Processing Stats

File Path                             PID    Runtime      # DAGs    # Errors  Last Runtime    Last Run
------------------------------------  -----  ---------  --------  ----------  --------------  -------------------
/opt/airflow/dags/ml_pipeline_dag.py                           1           0  0.23s           2025-11-09T08:57:59
================================================================================
[2025-11-09T08:58:30.195+0000] {manager.py:878} INFO - 
================================================================================
DAG File Processing Stats

File Path                             PID    Runtime      # DAGs    # Errors  Last Runtime    Last Run
------------------------------------  -----  ---------  --------  ----------  --------------  -------------------
/opt/airflow/dags/ml_pipeline_dag.py                           1           0  0.34s           2025-11-09T08:58:30
================================================================================
[2025-11-09T08:59:00.768+0000] {manager.py:878} INFO - 
================================================================================
DAG File Processing Stats

File Path                             PID    Runtime      # DAGs    # Errors  Last Runtime    Last Run
------------------------------------  -----  ---------  --------  ----------  --------------  -------------------
/opt/airflow/dags/ml_pipeline_dag.py                           1           0  0.33s           2025-11-09T08:59:00
================================================================================
[2025-11-09T08:59:31.163+0000] {manager.py:878} INFO - 
================================================================================
DAG File Processing Stats

File Path                             PID    Runtime      # DAGs    # Errors  Last Runtime    Last Run
------------------------------------  -----  ---------  --------  ----------  --------------  -------------------
/opt/airflow/dags/ml_pipeline_dag.py                           1           0  0.23s           2025-11-09T08:59:31
================================================================================
[2025-11-09T09:00:01.499+0000] {manager.py:878} INFO - 
================================================================================
DAG File Processing Stats

File Path                             PID    Runtime      # DAGs    # Errors  Last Runtime    Last Run
------------------------------------  -----  ---------  --------  ----------  --------------  -------------------
/opt/airflow/dags/ml_pipeline_dag.py                           1           0  0.22s           2025-11-09T09:00:01
================================================================================
[2025-11-09T09:00:31.902+0000] {manager.py:878} INFO - 
================================================================================
DAG File Processing Stats

File Path                             PID    Runtime      # DAGs    # Errors  Last Runtime    Last Run
------------------------------------  -----  ---------  --------  ----------  --------------  -------------------
/opt/airflow/dags/ml_pipeline_dag.py                           1           0  0.24s           2025-11-09T09:00:31
================================================================================
[2025-11-09T09:01:02.261+0000] {manager.py:878} INFO - 
================================================================================
DAG File Processing Stats

File Path                             PID    Runtime      # DAGs    # Errors  Last Runtime    Last Run
------------------------------------  -----  ---------  --------  ----------  --------------  -------------------
/opt/airflow/dags/ml_pipeline_dag.py                           1           0  0.24s           2025-11-09T09:01:02
================================================================================
[2025-11-09T09:01:32.691+0000] {manager.py:878} INFO - 
================================================================================
DAG File Processing Stats

File Path                             PID    Runtime      # DAGs    # Errors  Last Runtime    Last Run
------------------------------------  -----  ---------  --------  ----------  --------------  -------------------
/opt/airflow/dags/ml_pipeline_dag.py                           1           0  0.22s           2025-11-09T09:01:32
================================================================================
[2025-11-09T09:02:03.737+0000] {manager.py:878} INFO - 
================================================================================
DAG File Processing Stats

File Path                             PID    Runtime      # DAGs    # Errors  Last Runtime    Last Run
------------------------------------  -----  ---------  --------  ----------  --------------  -------------------
/opt/airflow/dags/ml_pipeline_dag.py                           1           0  0.73s           2025-11-09T09:02:03
================================================================================
[2025-11-09T09:02:04.908+0000] {manager.py:737} INFO - Searching for files in /opt/airflow/dags
[2025-11-09T09:02:04.914+0000] {manager.py:740} INFO - There are 1 files in /opt/airflow/dags
[2025-11-09T09:02:34.153+0000] {manager.py:878} INFO - 
================================================================================
DAG File Processing Stats

File Path                             PID    Runtime      # DAGs    # Errors  Last Runtime    Last Run
------------------------------------  -----  ---------  --------  ----------  --------------  -------------------
/opt/airflow/dags/ml_pipeline_dag.py                           1           0  0.22s           2025-11-09T09:02:34
================================================================================
[2025-11-09T09:03:04.600+0000] {manager.py:878} INFO - 
================================================================================
DAG File Processing Stats

File Path                             PID    Runtime      # DAGs    # Errors  Last Runtime    Last Run
------------------------------------  -----  ---------  --------  ----------  --------------  -------------------
/opt/airflow/dags/ml_pipeline_dag.py                           1           0  0.34s           2025-11-09T09:03:04
================================================================================
[2025-11-09T09:03:35.178+0000] {manager.py:878} INFO - 
================================================================================
DAG File Processing Stats

File Path                             PID    Runtime      # DAGs    # Errors  Last Runtime    Last Run
------------------------------------  -----  ---------  --------  ----------  --------------  -------------------
/opt/airflow/dags/ml_pipeline_dag.py                           1           0  0.35s           2025-11-09T09:03:35
================================================================================
[2025-11-09T09:04:05.839+0000] {manager.py:878} INFO - 
================================================================================
DAG File Processing Stats

File Path                             PID    Runtime      # DAGs    # Errors  Last Runtime    Last Run
------------------------------------  -----  ---------  --------  ----------  --------------  -------------------
/opt/airflow/dags/ml_pipeline_dag.py                           1           0  0.44s           2025-11-09T09:04:05
================================================================================
[2025-11-09T09:04:36.440+0000] {manager.py:878} INFO - 
================================================================================
DAG File Processing Stats

File Path                             PID    Runtime      # DAGs    # Errors  Last Runtime    Last Run
------------------------------------  -----  ---------  --------  ----------  --------------  -------------------
/opt/airflow/dags/ml_pipeline_dag.py                           1           0  0.44s           2025-11-09T09:04:36
================================================================================
[2025-11-09T09:05:07.077+0000] {manager.py:878} INFO - 
================================================================================
DAG File Processing Stats

File Path                             PID    Runtime      # DAGs    # Errors  Last Runtime    Last Run
------------------------------------  -----  ---------  --------  ----------  --------------  -------------------
/opt/airflow/dags/ml_pipeline_dag.py                           1           0  0.44s           2025-11-09T09:05:07
================================================================================
[2025-11-09T09:05:37.595+0000] {manager.py:878} INFO - 
================================================================================
DAG File Processing Stats

File Path                             PID    Runtime      # DAGs    # Errors  Last Runtime    Last Run
------------------------------------  -----  ---------  --------  ----------  --------------  -------------------
/opt/airflow/dags/ml_pipeline_dag.py                           1           0  0.38s           2025-11-09T09:05:37
================================================================================
[2025-11-09T09:06:08.252+0000] {manager.py:878} INFO - 
================================================================================
DAG File Processing Stats

File Path                             PID    Runtime      # DAGs    # Errors  Last Runtime    Last Run
------------------------------------  -----  ---------  --------  ----------  --------------  -------------------
/opt/airflow/dags/ml_pipeline_dag.py                           1           0  0.49s           2025-11-09T09:06:08
================================================================================
[2025-11-09T09:06:38.848+0000] {manager.py:878} INFO - 
================================================================================
DAG File Processing Stats

File Path                             PID    Runtime      # DAGs    # Errors  Last Runtime    Last Run
------------------------------------  -----  ---------  --------  ----------  --------------  -------------------
/opt/airflow/dags/ml_pipeline_dag.py                           1           0  0.36s           2025-11-09T09:06:38
================================================================================
[2025-11-09T09:07:05.932+0000] {manager.py:737} INFO - Searching for files in /opt/airflow/dags
[2025-11-09T09:07:05.947+0000] {manager.py:740} INFO - There are 1 files in /opt/airflow/dags
[2025-11-09T09:07:09.837+0000] {manager.py:878} INFO - 
================================================================================
DAG File Processing Stats

File Path                             PID    Runtime      # DAGs    # Errors  Last Runtime    Last Run
------------------------------------  -----  ---------  --------  ----------  --------------  -------------------
/opt/airflow/dags/ml_pipeline_dag.py                           1           0  0.78s           2025-11-09T09:07:09
================================================================================
[2025-11-09T09:07:44.797+0000] {manager.py:878} INFO - 
================================================================================
DAG File Processing Stats

File Path                             PID    Runtime      # DAGs    # Errors  Last Runtime    Last Run
------------------------------------  -----  ---------  --------  ----------  --------------  -------------------
/opt/airflow/dags/ml_pipeline_dag.py                           1           0  0.35s           2025-11-09T09:07:41
================================================================================
[2025-11-09T09:08:14.913+0000] {manager.py:878} INFO - 
================================================================================
DAG File Processing Stats

File Path                             PID    Runtime      # DAGs    # Errors  Last Runtime    Last Run
------------------------------------  -----  ---------  --------  ----------  --------------  -------------------
/opt/airflow/dags/ml_pipeline_dag.py                           1           0  0.35s           2025-11-09T09:08:13
================================================================================
[2025-11-09T09:23:58.813+0000] {manager.py:737} INFO - Searching for files in /opt/airflow/dags
[2025-11-09T09:23:58.823+0000] {manager.py:740} INFO - There are 1 files in /opt/airflow/dags
[2025-11-09T09:24:02.197+0000] {manager.py:878} INFO - 
================================================================================
DAG File Processing Stats

File Path                             PID    Runtime      # DAGs    # Errors  Last Runtime    Last Run
------------------------------------  -----  ---------  --------  ----------  --------------  -------------------
/opt/airflow/dags/ml_pipeline_dag.py                           1           0  0.35s           2025-11-09T09:23:59
================================================================================
[2025-11-09T09:40:07.540+0000] {manager.py:737} INFO - Searching for files in /opt/airflow/dags
[2025-11-09T09:40:07.552+0000] {manager.py:740} INFO - There are 1 files in /opt/airflow/dags
[2025-11-09T09:40:10.792+0000] {manager.py:878} INFO - 
================================================================================
DAG File Processing Stats

File Path                             PID    Runtime      # DAGs    # Errors  Last Runtime    Last Run
------------------------------------  -----  ---------  --------  ----------  --------------  -------------------
/opt/airflow/dags/ml_pipeline_dag.py                           1           0  0.24s           2025-11-09T09:40:07
================================================================================
[2025-11-09T09:40:40.907+0000] {manager.py:878} INFO - 
================================================================================
DAG File Processing Stats

File Path                             PID    Runtime      # DAGs    # Errors  Last Runtime    Last Run
------------------------------------  -----  ---------  --------  ----------  --------------  -------------------
/opt/airflow/dags/ml_pipeline_dag.py                           1           0  0.24s           2025-11-09T09:40:38
================================================================================
[2025-11-09T09:41:11.063+0000] {manager.py:878} INFO - 
================================================================================
DAG File Processing Stats

File Path                             PID    Runtime      # DAGs    # Errors  Last Runtime    Last Run
------------------------------------  -----  ---------  --------  ----------  --------------  -------------------
/opt/airflow/dags/ml_pipeline_dag.py                           1           0  0.43s           2025-11-09T09:41:08
================================================================================
[2025-11-09T09:57:15.454+0000] {manager.py:737} INFO - Searching for files in /opt/airflow/dags
[2025-11-09T09:57:15.461+0000] {manager.py:740} INFO - There are 1 files in /opt/airflow/dags
[2025-11-09T09:57:19.049+0000] {manager.py:878} INFO - 
================================================================================
DAG File Processing Stats

File Path                             PID    Runtime      # DAGs    # Errors  Last Runtime    Last Run
------------------------------------  -----  ---------  --------  ----------  --------------  -------------------
/opt/airflow/dags/ml_pipeline_dag.py                           1           0  0.23s           2025-11-09T09:57:15
================================================================================
[2025-11-09T09:57:49.165+0000] {manager.py:878} INFO - 
================================================================================
DAG File Processing Stats

File Path                             PID    Runtime      # DAGs    # Errors  Last Runtime    Last Run
------------------------------------  -----  ---------  --------  ----------  --------------  -------------------
/opt/airflow/dags/ml_pipeline_dag.py                           1           0  0.23s           2025-11-09T09:57:46
================================================================================
[2025-11-09T09:58:19.264+0000] {manager.py:878} INFO - 
================================================================================
DAG File Processing Stats

File Path                             PID    Runtime      # DAGs    # Errors  Last Runtime    Last Run
------------------------------------  -----  ---------  --------  ----------  --------------  -------------------
/opt/airflow/dags/ml_pipeline_dag.py                           1           0  0.22s           2025-11-09T09:58:17
================================================================================
[2025-11-09T09:58:49.344+0000] {manager.py:878} INFO - 
================================================================================
DAG File Processing Stats

File Path                             PID    Runtime      # DAGs    # Errors  Last Runtime    Last Run
------------------------------------  -----  ---------  --------  ----------  --------------  -------------------
/opt/airflow/dags/ml_pipeline_dag.py                           1           0  0.43s           2025-11-09T09:58:47
================================================================================
[2025-11-09T09:59:19.438+0000] {manager.py:878} INFO - 
================================================================================
DAG File Processing Stats

File Path                             PID    Runtime      # DAGs    # Errors  Last Runtime    Last Run
------------------------------------  -----  ---------  --------  ----------  --------------  -------------------
/opt/airflow/dags/ml_pipeline_dag.py                           1           0  0.23s           2025-11-09T09:59:18
================================================================================
[2025-11-09T09:59:49.538+0000] {manager.py:878} INFO - 
================================================================================
DAG File Processing Stats

File Path                             PID    Runtime      # DAGs    # Errors  Last Runtime    Last Run
------------------------------------  -----  ---------  --------  ----------  --------------  -------------------
/opt/airflow/dags/ml_pipeline_dag.py                           1           0  0.22s           2025-11-09T09:59:49
================================================================================
[2025-11-09T10:00:19.843+0000] {manager.py:878} INFO - 
================================================================================
DAG File Processing Stats

File Path                             PID    Runtime      # DAGs    # Errors  Last Runtime    Last Run
------------------------------------  -----  ---------  --------  ----------  --------------  -------------------
/opt/airflow/dags/ml_pipeline_dag.py                           1           0  0.22s           2025-11-09T10:00:19
================================================================================
[2025-11-09T10:00:50.227+0000] {manager.py:878} INFO - 
================================================================================
DAG File Processing Stats

File Path                             PID    Runtime      # DAGs    # Errors  Last Runtime    Last Run
------------------------------------  -----  ---------  --------  ----------  --------------  -------------------
/opt/airflow/dags/ml_pipeline_dag.py                           1           0  0.25s           2025-11-09T10:00:50
================================================================================
[2025-11-09T10:01:20.553+0000] {manager.py:878} INFO - 
================================================================================
DAG File Processing Stats

File Path                             PID    Runtime      # DAGs    # Errors  Last Runtime    Last Run
------------------------------------  -----  ---------  --------  ----------  --------------  -------------------
/opt/airflow/dags/ml_pipeline_dag.py                           1           0  0.23s           2025-11-09T10:01:20
================================================================================
[2025-11-09T10:01:50.952+0000] {manager.py:878} INFO - 
================================================================================
DAG File Processing Stats

File Path                             PID    Runtime      # DAGs    # Errors  Last Runtime    Last Run
------------------------------------  -----  ---------  --------  ----------  --------------  -------------------
/opt/airflow/dags/ml_pipeline_dag.py                           1           0  0.24s           2025-11-09T10:01:50
================================================================================
[2025-11-09T10:02:15.911+0000] {manager.py:737} INFO - Searching for files in /opt/airflow/dags
[2025-11-09T10:02:15.924+0000] {manager.py:740} INFO - There are 1 files in /opt/airflow/dags
[2025-11-09T10:02:21.309+0000] {manager.py:878} INFO - 
================================================================================
DAG File Processing Stats

File Path                             PID    Runtime      # DAGs    # Errors  Last Runtime    Last Run
------------------------------------  -----  ---------  --------  ----------  --------------  -------------------
/opt/airflow/dags/ml_pipeline_dag.py                           1           0  0.23s           2025-11-09T10:02:21
================================================================================
[2025-11-09T10:02:51.635+0000] {manager.py:878} INFO - 
================================================================================
DAG File Processing Stats

File Path                             PID    Runtime      # DAGs    # Errors  Last Runtime    Last Run
------------------------------------  -----  ---------  --------  ----------  --------------  -------------------
/opt/airflow/dags/ml_pipeline_dag.py                           1           0  0.21s           2025-11-09T10:02:51
================================================================================
[2025-11-09T10:03:22.081+0000] {manager.py:878} INFO - 
================================================================================
DAG File Processing Stats

File Path                             PID    Runtime      # DAGs    # Errors  Last Runtime    Last Run
------------------------------------  -----  ---------  --------  ----------  --------------  -------------------
/opt/airflow/dags/ml_pipeline_dag.py                           1           0  0.33s           2025-11-09T10:03:22
================================================================================
[2025-11-09T10:19:41.303+0000] {manager.py:737} INFO - Searching for files in /opt/airflow/dags
[2025-11-09T10:19:41.314+0000] {manager.py:740} INFO - There are 1 files in /opt/airflow/dags
[2025-11-09T10:19:48.574+0000] {manager.py:878} INFO - 
================================================================================
DAG File Processing Stats

File Path                             PID    Runtime      # DAGs    # Errors  Last Runtime    Last Run
------------------------------------  -----  ---------  --------  ----------  --------------  -------------------
/opt/airflow/dags/ml_pipeline_dag.py                           1           0  0.23s           2025-11-09T10:19:41
================================================================================
[2025-11-09T10:20:18.681+0000] {manager.py:878} INFO - 
================================================================================
DAG File Processing Stats

File Path                             PID    Runtime      # DAGs    # Errors  Last Runtime    Last Run
------------------------------------  -----  ---------  --------  ----------  --------------  -------------------
/opt/airflow/dags/ml_pipeline_dag.py                           1           0  0.23s           2025-11-09T10:20:12
================================================================================
[2025-11-09T10:20:48.797+0000] {manager.py:878} INFO - 
================================================================================
DAG File Processing Stats

File Path                             PID    Runtime      # DAGs    # Errors  Last Runtime    Last Run
------------------------------------  -----  ---------  --------  ----------  --------------  -------------------
/opt/airflow/dags/ml_pipeline_dag.py                           1           0  0.23s           2025-11-09T10:20:43
================================================================================
[2025-11-09T10:24:32.611+0000] {manager.py:878} INFO - 
================================================================================
DAG File Processing Stats

File Path                             PID    Runtime      # DAGs    # Errors  Last Runtime    Last Run
------------------------------------  -----  ---------  --------  ----------  --------------  -------------------
/opt/airflow/dags/ml_pipeline_dag.py                           1           0  0.33s           2025-11-09T10:24:25
================================================================================
[2025-11-09T10:24:42.011+0000] {manager.py:737} INFO - Searching for files in /opt/airflow/dags
[2025-11-09T10:24:42.025+0000] {manager.py:740} INFO - There are 1 files in /opt/airflow/dags
[2025-11-09T10:25:02.775+0000] {manager.py:878} INFO - 
================================================================================
DAG File Processing Stats

File Path                             PID    Runtime      # DAGs    # Errors  Last Runtime    Last Run
------------------------------------  -----  ---------  --------  ----------  --------------  -------------------
/opt/airflow/dags/ml_pipeline_dag.py                           1           0  0.36s           2025-11-09T10:24:57
================================================================================
[2025-11-09T10:30:23.932+0000] {manager.py:737} INFO - Searching for files in /opt/airflow/dags
[2025-11-09T10:30:23.938+0000] {manager.py:740} INFO - There are 1 files in /opt/airflow/dags
[2025-11-09T10:30:30.901+0000] {manager.py:878} INFO - 
================================================================================
DAG File Processing Stats

File Path                             PID    Runtime      # DAGs    # Errors  Last Runtime    Last Run
------------------------------------  -----  ---------  --------  ----------  --------------  -------------------
/opt/airflow/dags/ml_pipeline_dag.py                           1           0  0.22s           2025-11-09T10:30:24
================================================================================
[2025-11-09T10:31:01.048+0000] {manager.py:878} INFO - 
================================================================================
DAG File Processing Stats

File Path                             PID    Runtime      # DAGs    # Errors  Last Runtime    Last Run
------------------------------------  -----  ---------  --------  ----------  --------------  -------------------
/opt/airflow/dags/ml_pipeline_dag.py                           1           0  1.06s           2025-11-09T10:30:56
================================================================================
[2025-11-09T10:32:28.306+0000] {manager.py:878} INFO - 
================================================================================
DAG File Processing Stats

File Path                             PID    Runtime      # DAGs    # Errors  Last Runtime    Last Run
------------------------------------  -----  ---------  --------  ----------  --------------  -------------------
/opt/airflow/dags/ml_pipeline_dag.py                           1           0  2.63s           2025-11-09T10:32:23
================================================================================
[2025-11-09T10:32:58.604+0000] {manager.py:878} INFO - 
================================================================================
DAG File Processing Stats

File Path                             PID    Runtime      # DAGs    # Errors  Last Runtime    Last Run
------------------------------------  -----  ---------  --------  ----------  --------------  -------------------
/opt/airflow/dags/ml_pipeline_dag.py                           1           0  0.78s           2025-11-09T10:32:54
================================================================================
[2025-11-09T10:33:28.811+0000] {manager.py:878} INFO - 
================================================================================
DAG File Processing Stats

File Path                             PID    Runtime      # DAGs    # Errors  Last Runtime    Last Run
------------------------------------  -----  ---------  --------  ----------  --------------  -------------------
/opt/airflow/dags/ml_pipeline_dag.py                           1           0  0.94s           2025-11-09T10:33:25
================================================================================
[2025-11-09T10:33:58.952+0000] {manager.py:878} INFO - 
================================================================================
DAG File Processing Stats

File Path                             PID    Runtime      # DAGs    # Errors  Last Runtime    Last Run
------------------------------------  -----  ---------  --------  ----------  --------------  -------------------
/opt/airflow/dags/ml_pipeline_dag.py                           1           0  0.65s           2025-11-09T10:33:56
================================================================================
[2025-11-09T10:34:29.222+0000] {manager.py:878} INFO - 
================================================================================
DAG File Processing Stats

File Path                             PID    Runtime      # DAGs    # Errors  Last Runtime    Last Run
------------------------------------  -----  ---------  --------  ----------  --------------  -------------------
/opt/airflow/dags/ml_pipeline_dag.py                           1           0  1.30s           2025-11-09T10:34:28
================================================================================
[2025-11-09T10:35:00.017+0000] {manager.py:878} INFO - 
================================================================================
DAG File Processing Stats

File Path                             PID    Runtime      # DAGs    # Errors  Last Runtime    Last Run
------------------------------------  -----  ---------  --------  ----------  --------------  -------------------
/opt/airflow/dags/ml_pipeline_dag.py                           1           0  0.82s           2025-11-09T10:35:00
================================================================================
[2025-11-09T10:37:41.424+0000] {manager.py:452} INFO - Exiting gracefully upon receiving signal 15
[2025-11-09T10:37:43.563+0000] {manager.py:470} INFO - Processing files using up to 1 processes at a time 
[2025-11-09T10:37:43.564+0000] {manager.py:471} INFO - Process each file at most once every 30 seconds
[2025-11-09T10:37:43.564+0000] {manager.py:472} INFO - Checking for new files in /opt/airflow/dags every 300 seconds
[2025-11-09T10:37:43.565+0000] {manager.py:737} INFO - Searching for files in /opt/airflow/dags
[2025-11-09T10:37:43.574+0000] {manager.py:740} INFO - There are 1 files in /opt/airflow/dags
[2025-11-09T10:37:46.738+0000] {manager.py:878} INFO - 
================================================================================
DAG File Processing Stats

File Path                             PID    Runtime      # DAGs    # Errors  Last Runtime    Last Run
------------------------------------  -----  ---------  --------  ----------  --------------  -------------------
/opt/airflow/dags/ml_pipeline_dag.py                           1           0  2.72s           2025-11-09T10:37:46
================================================================================
[2025-11-09T10:45:33.551+0000] {manager.py:452} INFO - Exiting gracefully upon receiving signal 15
[2025-11-09T10:45:35.704+0000] {manager.py:470} INFO - Processing files using up to 1 processes at a time 
[2025-11-09T10:45:35.704+0000] {manager.py:471} INFO - Process each file at most once every 30 seconds
[2025-11-09T10:45:35.704+0000] {manager.py:472} INFO - Checking for new files in /opt/airflow/dags every 300 seconds
[2025-11-09T10:45:35.705+0000] {manager.py:737} INFO - Searching for files in /opt/airflow/dags
[2025-11-09T10:45:35.711+0000] {manager.py:740} INFO - There are 1 files in /opt/airflow/dags
[2025-11-09T10:45:36.742+0000] {manager.py:878} INFO - 
================================================================================
DAG File Processing Stats

File Path                             PID    Runtime      # DAGs    # Errors  Last Runtime    Last Run
------------------------------------  -----  ---------  --------  ----------  --------------  -------------------
/opt/airflow/dags/ml_pipeline_dag.py                           1           0  0.80s           2025-11-09T10:45:36
================================================================================
[2025-11-09T10:47:06.229+0000] {manager.py:452} INFO - Exiting gracefully upon receiving signal 15
[2025-11-09T10:47:07.291+0000] {manager.py:470} INFO - Processing files using up to 1 processes at a time 
[2025-11-09T10:47:07.293+0000] {manager.py:471} INFO - Process each file at most once every 30 seconds
[2025-11-09T10:47:07.294+0000] {manager.py:472} INFO - Checking for new files in /opt/airflow/dags every 300 seconds
[2025-11-09T10:47:07.296+0000] {manager.py:737} INFO - Searching for files in /opt/airflow/dags
[2025-11-09T10:47:07.308+0000] {manager.py:740} INFO - There are 1 files in /opt/airflow/dags
[2025-11-09T10:47:08.189+0000] {manager.py:878} INFO - 
================================================================================
DAG File Processing Stats

File Path                             PID    Runtime      # DAGs    # Errors  Last Runtime    Last Run
------------------------------------  -----  ---------  --------  ----------  --------------  -------------------
/opt/airflow/dags/ml_pipeline_dag.py                           1           0  0.66s           2025-11-09T10:47:08
================================================================================
[2025-11-09T10:47:41.802+0000] {manager.py:878} INFO - 
================================================================================
DAG File Processing Stats

File Path                             PID    Runtime      # DAGs    # Errors  Last Runtime    Last Run
------------------------------------  -----  ---------  --------  ----------  --------------  -------------------
/opt/airflow/dags/ml_pipeline_dag.py                           1           0  1.76s           2025-11-09T10:47:41
================================================================================
[2025-11-09T10:48:12.281+0000] {manager.py:878} INFO - 
================================================================================
DAG File Processing Stats

File Path                             PID    Runtime      # DAGs    # Errors  Last Runtime    Last Run
------------------------------------  -----  ---------  --------  ----------  --------------  -------------------
/opt/airflow/dags/ml_pipeline_dag.py                           1           0  0.46s           2025-11-09T10:48:12
================================================================================
[2025-11-09T10:48:42.968+0000] {manager.py:878} INFO - 
================================================================================
DAG File Processing Stats

File Path                             PID    Runtime      # DAGs    # Errors  Last Runtime    Last Run
------------------------------------  -----  ---------  --------  ----------  --------------  -------------------
/opt/airflow/dags/ml_pipeline_dag.py                           1           0  0.55s           2025-11-09T10:48:42
================================================================================
[2025-11-09T10:49:13.854+0000] {manager.py:878} INFO - 
================================================================================
DAG File Processing Stats

File Path                             PID    Runtime      # DAGs    # Errors  Last Runtime    Last Run
------------------------------------  -----  ---------  --------  ----------  --------------  -------------------
/opt/airflow/dags/ml_pipeline_dag.py                           1           0  0.36s           2025-11-09T10:49:13
================================================================================
[2025-11-09T10:49:44.904+0000] {manager.py:878} INFO - 
================================================================================
DAG File Processing Stats

File Path                             PID    Runtime      # DAGs    # Errors  Last Runtime    Last Run
------------------------------------  -----  ---------  --------  ----------  --------------  -------------------
/opt/airflow/dags/ml_pipeline_dag.py                           1           0  0.79s           2025-11-09T10:49:44
================================================================================
[2025-11-09T10:50:15.426+0000] {manager.py:878} INFO - 
================================================================================
DAG File Processing Stats

File Path                             PID    Runtime      # DAGs    # Errors  Last Runtime    Last Run
------------------------------------  -----  ---------  --------  ----------  --------------  -------------------
/opt/airflow/dags/ml_pipeline_dag.py                           1           0  0.36s           2025-11-09T10:50:15
================================================================================
